-- Adminer 4.8.1-dev MySQL 8.0.30 dump

SET NAMES utf8;
SET time_zone = '+00:00';
SET foreign_key_checks = 0;
SET sql_mode = 'NO_AUTO_VALUE_ON_ZERO';

SET NAMES utf8mb4;

DROP TABLE IF EXISTS `admin_permissions`;
CREATE TABLE `admin_permissions` (
  `id` int unsigned NOT NULL AUTO_INCREMENT,
  `document_id` varchar(255) COLLATE utf8mb4_general_ci DEFAULT NULL,
  `action` varchar(255) COLLATE utf8mb4_general_ci DEFAULT NULL,
  `action_parameters` json DEFAULT NULL,
  `subject` varchar(255) COLLATE utf8mb4_general_ci DEFAULT NULL,
  `properties` json DEFAULT NULL,
  `conditions` json DEFAULT NULL,
  `created_at` datetime(6) DEFAULT NULL,
  `updated_at` datetime(6) DEFAULT NULL,
  `published_at` datetime(6) DEFAULT NULL,
  `created_by_id` int unsigned DEFAULT NULL,
  `updated_by_id` int unsigned DEFAULT NULL,
  `locale` varchar(255) COLLATE utf8mb4_general_ci DEFAULT NULL,
  PRIMARY KEY (`id`),
  KEY `admin_permissions_documents_idx` (`document_id`,`locale`,`published_at`),
  KEY `admin_permissions_created_by_id_fk` (`created_by_id`),
  KEY `admin_permissions_updated_by_id_fk` (`updated_by_id`),
  CONSTRAINT `admin_permissions_created_by_id_fk` FOREIGN KEY (`created_by_id`) REFERENCES `admin_users` (`id`) ON DELETE SET NULL,
  CONSTRAINT `admin_permissions_updated_by_id_fk` FOREIGN KEY (`updated_by_id`) REFERENCES `admin_users` (`id`) ON DELETE SET NULL
) ENGINE=InnoDB DEFAULT CHARSET=utf8mb4 COLLATE=utf8mb4_general_ci;

INSERT INTO `admin_permissions` (`id`, `document_id`, `action`, `action_parameters`, `subject`, `properties`, `conditions`, `created_at`, `updated_at`, `published_at`, `created_by_id`, `updated_by_id`, `locale`) VALUES
(5,	'w9ns64fm2ruznqclz5rtc83k',	'plugin::content-manager.explorer.create',	'{}',	'api::global.global',	'{\"fields\": [\"siteName\", \"favicon\", \"siteDescription\", \"defaultSeo.metaTitle\", \"defaultSeo.metaDescription\", \"defaultSeo.shareImage\"]}',	'[]',	'2025-05-22 21:30:23.608000',	'2025-05-22 21:30:23.608000',	'2025-05-22 21:30:23.608000',	NULL,	NULL,	NULL),
(10,	't9f5jus082l2mwl7syxl100y',	'plugin::content-manager.explorer.read',	'{}',	'api::global.global',	'{\"fields\": [\"siteName\", \"favicon\", \"siteDescription\", \"defaultSeo.metaTitle\", \"defaultSeo.metaDescription\", \"defaultSeo.shareImage\"]}',	'[]',	'2025-05-22 21:30:23.712000',	'2025-05-22 21:30:23.712000',	'2025-05-22 21:30:23.713000',	NULL,	NULL,	NULL),
(15,	'naneghnxwnjv43beslhepoav',	'plugin::content-manager.explorer.update',	'{}',	'api::global.global',	'{\"fields\": [\"siteName\", \"favicon\", \"siteDescription\", \"defaultSeo.metaTitle\", \"defaultSeo.metaDescription\", \"defaultSeo.shareImage\"]}',	'[]',	'2025-05-22 21:30:23.770000',	'2025-05-22 21:30:23.770000',	'2025-05-22 21:30:23.770000',	NULL,	NULL,	NULL),
(20,	'wgyoduwlcnqbihyguw37of2y',	'plugin::content-manager.explorer.delete',	'{}',	'api::global.global',	'{}',	'[]',	'2025-05-22 21:30:23.832000',	'2025-05-22 21:30:23.832000',	'2025-05-22 21:30:23.832000',	NULL,	NULL,	NULL),
(25,	'th8c1kdkkpr3izrwnfbnk0hh',	'plugin::content-manager.explorer.publish',	'{}',	'api::global.global',	'{}',	'[]',	'2025-05-22 21:30:23.894000',	'2025-05-22 21:30:23.894000',	'2025-05-22 21:30:23.895000',	NULL,	NULL,	NULL),
(26,	'vhdzyyhuo8u4qhir7shn1oh9',	'plugin::upload.read',	'{}',	NULL,	'{}',	'[]',	'2025-05-22 21:30:23.909000',	'2025-05-22 21:30:23.909000',	'2025-05-22 21:30:23.909000',	NULL,	NULL,	NULL),
(27,	'kbou8smw0obpi1n86t7nka7b',	'plugin::upload.configure-view',	'{}',	NULL,	'{}',	'[]',	'2025-05-22 21:30:23.922000',	'2025-05-22 21:30:23.922000',	'2025-05-22 21:30:23.922000',	NULL,	NULL,	NULL),
(28,	'oh2qxnqmh1n4vmqujtsfvvi7',	'plugin::upload.assets.create',	'{}',	NULL,	'{}',	'[]',	'2025-05-22 21:30:23.936000',	'2025-05-22 21:30:23.936000',	'2025-05-22 21:30:23.936000',	NULL,	NULL,	NULL),
(29,	'az1v84bcuktyskfrp2njoxni',	'plugin::upload.assets.update',	'{}',	NULL,	'{}',	'[]',	'2025-05-22 21:30:23.949000',	'2025-05-22 21:30:23.949000',	'2025-05-22 21:30:23.949000',	NULL,	NULL,	NULL),
(30,	'gh40d6ug84nxmz7kwg3xiyn8',	'plugin::upload.assets.download',	'{}',	NULL,	'{}',	'[]',	'2025-05-22 21:30:23.963000',	'2025-05-22 21:30:23.963000',	'2025-05-22 21:30:23.963000',	NULL,	NULL,	NULL),
(31,	'ulroeva3b27clu7n5nsro5oh',	'plugin::upload.assets.copy-link',	'{}',	NULL,	'{}',	'[]',	'2025-05-22 21:30:23.976000',	'2025-05-22 21:30:23.976000',	'2025-05-22 21:30:23.976000',	NULL,	NULL,	NULL),
(36,	'iym1ds9eraw0j9qiwg269osa',	'plugin::content-manager.explorer.create',	'{}',	'api::global.global',	'{\"fields\": [\"siteName\", \"favicon\", \"siteDescription\", \"defaultSeo.metaTitle\", \"defaultSeo.metaDescription\", \"defaultSeo.shareImage\"]}',	'[\"admin::is-creator\"]',	'2025-05-22 21:30:24.045000',	'2025-05-22 21:30:24.045000',	'2025-05-22 21:30:24.046000',	NULL,	NULL,	NULL),
(41,	's33dke3njfzhc9h7axae043x',	'plugin::content-manager.explorer.read',	'{}',	'api::global.global',	'{\"fields\": [\"siteName\", \"favicon\", \"siteDescription\", \"defaultSeo.metaTitle\", \"defaultSeo.metaDescription\", \"defaultSeo.shareImage\"]}',	'[\"admin::is-creator\"]',	'2025-05-22 21:30:24.110000',	'2025-05-22 21:30:24.110000',	'2025-05-22 21:30:24.110000',	NULL,	NULL,	NULL),
(46,	'c8kdtf7heamn7f6znflzqkxz',	'plugin::content-manager.explorer.update',	'{}',	'api::global.global',	'{\"fields\": [\"siteName\", \"favicon\", \"siteDescription\", \"defaultSeo.metaTitle\", \"defaultSeo.metaDescription\", \"defaultSeo.shareImage\"]}',	'[\"admin::is-creator\"]',	'2025-05-22 21:30:24.232000',	'2025-05-22 21:30:24.232000',	'2025-05-22 21:30:24.232000',	NULL,	NULL,	NULL),
(51,	'd27644v5nibhog6v5vjd6d78',	'plugin::content-manager.explorer.delete',	'{}',	'api::global.global',	'{}',	'[\"admin::is-creator\"]',	'2025-05-22 21:30:24.300000',	'2025-05-22 21:30:24.300000',	'2025-05-22 21:30:24.300000',	NULL,	NULL,	NULL),
(52,	'gbymmxg7yhz3savh14f2ilhz',	'plugin::upload.read',	'{}',	NULL,	'{}',	'[\"admin::is-creator\"]',	'2025-05-22 21:30:24.312000',	'2025-05-22 21:30:24.312000',	'2025-05-22 21:30:24.313000',	NULL,	NULL,	NULL),
(53,	'zxknho0g6bn7h80btiv34j1p',	'plugin::upload.configure-view',	'{}',	NULL,	'{}',	'[]',	'2025-05-22 21:30:24.325000',	'2025-05-22 21:30:24.325000',	'2025-05-22 21:30:24.326000',	NULL,	NULL,	NULL),
(54,	'x4io1fmlsumozxf6qu2qobvc',	'plugin::upload.assets.create',	'{}',	NULL,	'{}',	'[]',	'2025-05-22 21:30:24.339000',	'2025-05-22 21:30:24.339000',	'2025-05-22 21:30:24.339000',	NULL,	NULL,	NULL),
(55,	'h1nry29uh0ftmw4zlb2ck28e',	'plugin::upload.assets.update',	'{}',	NULL,	'{}',	'[\"admin::is-creator\"]',	'2025-05-22 21:30:24.350000',	'2025-05-22 21:30:24.350000',	'2025-05-22 21:30:24.351000',	NULL,	NULL,	NULL),
(56,	'q3l8zt2xzc8qrkkos40czmwq',	'plugin::upload.assets.download',	'{}',	NULL,	'{}',	'[]',	'2025-05-22 21:30:24.366000',	'2025-05-22 21:30:24.366000',	'2025-05-22 21:30:24.366000',	NULL,	NULL,	NULL),
(57,	'w1v2hcak6gfi1e71k3hr0o5a',	'plugin::upload.assets.copy-link',	'{}',	NULL,	'{}',	'[]',	'2025-05-22 21:30:24.379000',	'2025-05-22 21:30:24.379000',	'2025-05-22 21:30:24.379000',	NULL,	NULL,	NULL),
(58,	'vpgs0jnqzl4vlvp3tdkii9e7',	'plugin::content-manager.explorer.create',	'{}',	'plugin::users-permissions.user',	'{\"fields\": [\"username\", \"email\", \"provider\", \"password\", \"resetPasswordToken\", \"confirmationToken\", \"confirmed\", \"blocked\", \"role\"]}',	'[]',	'2025-05-22 21:30:24.466000',	'2025-05-22 21:30:24.466000',	'2025-05-22 21:30:24.467000',	NULL,	NULL,	NULL),
(63,	'mzvfqfvimibgt7ejz6398pzd',	'plugin::content-manager.explorer.create',	'{}',	'api::global.global',	'{\"fields\": [\"siteName\", \"favicon\", \"siteDescription\", \"defaultSeo.metaTitle\", \"defaultSeo.metaDescription\", \"defaultSeo.shareImage\"]}',	'[]',	'2025-05-22 21:30:24.525000',	'2025-05-22 21:30:24.525000',	'2025-05-22 21:30:24.525000',	NULL,	NULL,	NULL),
(64,	'jt19v8foi6ld9eup6mlp9cdy',	'plugin::content-manager.explorer.read',	'{}',	'plugin::users-permissions.user',	'{\"fields\": [\"username\", \"email\", \"provider\", \"password\", \"resetPasswordToken\", \"confirmationToken\", \"confirmed\", \"blocked\", \"role\"]}',	'[]',	'2025-05-22 21:30:24.540000',	'2025-05-22 21:30:24.540000',	'2025-05-22 21:30:24.540000',	NULL,	NULL,	NULL),
(69,	'cb75jqbkurat5xekdzlw50r6',	'plugin::content-manager.explorer.read',	'{}',	'api::global.global',	'{\"fields\": [\"siteName\", \"favicon\", \"siteDescription\", \"defaultSeo.metaTitle\", \"defaultSeo.metaDescription\", \"defaultSeo.shareImage\"]}',	'[]',	'2025-05-22 21:30:24.602000',	'2025-05-22 21:30:24.602000',	'2025-05-22 21:30:24.602000',	NULL,	NULL,	NULL),
(70,	'lvj7at234kmmzgkuijy9v3fg',	'plugin::content-manager.explorer.update',	'{}',	'plugin::users-permissions.user',	'{\"fields\": [\"username\", \"email\", \"provider\", \"password\", \"resetPasswordToken\", \"confirmationToken\", \"confirmed\", \"blocked\", \"role\"]}',	'[]',	'2025-05-22 21:30:24.616000',	'2025-05-22 21:30:24.616000',	'2025-05-22 21:30:24.616000',	NULL,	NULL,	NULL),
(75,	'j3ehuw3ze98t1umwt7y1w2os',	'plugin::content-manager.explorer.update',	'{}',	'api::global.global',	'{\"fields\": [\"siteName\", \"favicon\", \"siteDescription\", \"defaultSeo.metaTitle\", \"defaultSeo.metaDescription\", \"defaultSeo.shareImage\"]}',	'[]',	'2025-05-22 21:30:24.684000',	'2025-05-22 21:30:24.684000',	'2025-05-22 21:30:24.685000',	NULL,	NULL,	NULL),
(76,	'jyt6xzrgwspoev6ue7frwm94',	'plugin::content-manager.explorer.delete',	'{}',	'plugin::users-permissions.user',	'{}',	'[]',	'2025-05-22 21:30:24.697000',	'2025-05-22 21:30:24.697000',	'2025-05-22 21:30:24.697000',	NULL,	NULL,	NULL),
(81,	'ka682rgaqcynzm8tpqi2vygn',	'plugin::content-manager.explorer.delete',	'{}',	'api::global.global',	'{}',	'[]',	'2025-05-22 21:30:24.770000',	'2025-05-22 21:30:24.770000',	'2025-05-22 21:30:24.770000',	NULL,	NULL,	NULL),
(82,	'po2lloomej85f2tk0tccbonu',	'plugin::content-manager.explorer.publish',	'{}',	'plugin::users-permissions.user',	'{}',	'[]',	'2025-05-22 21:30:24.785000',	'2025-05-22 21:30:24.785000',	'2025-05-22 21:30:24.786000',	NULL,	NULL,	NULL),
(87,	'ww9j9ohjaqugpoh27bptk857',	'plugin::content-manager.explorer.publish',	'{}',	'api::global.global',	'{}',	'[]',	'2025-05-22 21:30:24.875000',	'2025-05-22 21:30:24.875000',	'2025-05-22 21:30:24.875000',	NULL,	NULL,	NULL),
(88,	'outm72rqb57hdur8a6r2lmhg',	'plugin::content-manager.single-types.configure-view',	'{}',	NULL,	'{}',	'[]',	'2025-05-22 21:30:24.892000',	'2025-05-22 21:30:24.892000',	'2025-05-22 21:30:24.892000',	NULL,	NULL,	NULL),
(89,	'xyqteo5pbfjadk5ngoqry0jo',	'plugin::content-manager.collection-types.configure-view',	'{}',	NULL,	'{}',	'[]',	'2025-05-22 21:30:24.915000',	'2025-05-22 21:30:24.915000',	'2025-05-22 21:30:24.915000',	NULL,	NULL,	NULL),
(90,	'c1y6lhqst05t4evit7720dkz',	'plugin::content-manager.components.configure-layout',	'{}',	NULL,	'{}',	'[]',	'2025-05-22 21:30:24.930000',	'2025-05-22 21:30:24.930000',	'2025-05-22 21:30:24.930000',	NULL,	NULL,	NULL),
(91,	'x3opq0ncwbl0clp2veafq2q5',	'plugin::content-type-builder.read',	'{}',	NULL,	'{}',	'[]',	'2025-05-22 21:30:24.958000',	'2025-05-22 21:30:24.958000',	'2025-05-22 21:30:24.958000',	NULL,	NULL,	NULL),
(92,	'at3ydt4czma76frojd84e0za',	'plugin::email.settings.read',	'{}',	NULL,	'{}',	'[]',	'2025-05-22 21:30:24.970000',	'2025-05-22 21:30:24.970000',	'2025-05-22 21:30:24.970000',	NULL,	NULL,	NULL),
(93,	'n7fnq1z8fz5ig5yep2ftrmeo',	'plugin::upload.read',	'{}',	NULL,	'{}',	'[]',	'2025-05-22 21:30:24.982000',	'2025-05-22 21:30:24.982000',	'2025-05-22 21:30:24.982000',	NULL,	NULL,	NULL),
(94,	's89uuoc33ezgjhw5lzeiz5fd',	'plugin::upload.assets.create',	'{}',	NULL,	'{}',	'[]',	'2025-05-22 21:30:24.992000',	'2025-05-22 21:30:24.992000',	'2025-05-22 21:30:24.993000',	NULL,	NULL,	NULL),
(95,	'bcc7hk0vqvouk9rdppxgxnb0',	'plugin::upload.assets.update',	'{}',	NULL,	'{}',	'[]',	'2025-05-22 21:30:25.003000',	'2025-05-22 21:30:25.003000',	'2025-05-22 21:30:25.004000',	NULL,	NULL,	NULL),
(96,	'xa813h2d3skakk0886c4q6w5',	'plugin::upload.assets.download',	'{}',	NULL,	'{}',	'[]',	'2025-05-22 21:30:25.016000',	'2025-05-22 21:30:25.016000',	'2025-05-22 21:30:25.016000',	NULL,	NULL,	NULL),
(97,	'e7rs2rpn312z44f68d9fuk55',	'plugin::upload.assets.copy-link',	'{}',	NULL,	'{}',	'[]',	'2025-05-22 21:30:25.025000',	'2025-05-22 21:30:25.025000',	'2025-05-22 21:30:25.026000',	NULL,	NULL,	NULL),
(98,	'vvqnrxhbegher9aimljuwqj8',	'plugin::upload.configure-view',	'{}',	NULL,	'{}',	'[]',	'2025-05-22 21:30:25.037000',	'2025-05-22 21:30:25.037000',	'2025-05-22 21:30:25.038000',	NULL,	NULL,	NULL),
(99,	'jwggr1a1k166ip1ionpc87hi',	'plugin::upload.settings.read',	'{}',	NULL,	'{}',	'[]',	'2025-05-22 21:30:25.048000',	'2025-05-22 21:30:25.048000',	'2025-05-22 21:30:25.048000',	NULL,	NULL,	NULL),
(100,	'e5ludvtv9o0t7bsoo9wlobg2',	'plugin::i18n.locale.create',	'{}',	NULL,	'{}',	'[]',	'2025-05-22 21:30:25.060000',	'2025-05-22 21:30:25.060000',	'2025-05-22 21:30:25.061000',	NULL,	NULL,	NULL),
(101,	'up3fdi4w5w0of9h3vwzc68no',	'plugin::i18n.locale.read',	'{}',	NULL,	'{}',	'[]',	'2025-05-22 21:30:25.072000',	'2025-05-22 21:30:25.072000',	'2025-05-22 21:30:25.073000',	NULL,	NULL,	NULL),
(102,	'vy3ntcbfhc26rz2spn1q608b',	'plugin::i18n.locale.update',	'{}',	NULL,	'{}',	'[]',	'2025-05-22 21:30:25.087000',	'2025-05-22 21:30:25.087000',	'2025-05-22 21:30:25.087000',	NULL,	NULL,	NULL),
(103,	'vuge69ehwxl3owh9i8dj04tv',	'plugin::i18n.locale.delete',	'{}',	NULL,	'{}',	'[]',	'2025-05-22 21:30:25.100000',	'2025-05-22 21:30:25.100000',	'2025-05-22 21:30:25.100000',	NULL,	NULL,	NULL),
(104,	'oq8f87s040lqxek0opll4cn2',	'plugin::users-permissions.roles.create',	'{}',	NULL,	'{}',	'[]',	'2025-05-22 21:30:25.111000',	'2025-05-22 21:30:25.111000',	'2025-05-22 21:30:25.111000',	NULL,	NULL,	NULL),
(105,	'vckvaxmy7ekt4b6rw5815p3f',	'plugin::users-permissions.roles.read',	'{}',	NULL,	'{}',	'[]',	'2025-05-22 21:30:25.126000',	'2025-05-22 21:30:25.126000',	'2025-05-22 21:30:25.126000',	NULL,	NULL,	NULL),
(106,	'fniedg98ed7305omrzamkk2x',	'plugin::users-permissions.roles.update',	'{}',	NULL,	'{}',	'[]',	'2025-05-22 21:30:25.301000',	'2025-05-22 21:30:25.301000',	'2025-05-22 21:30:25.301000',	NULL,	NULL,	NULL),
(107,	'vqtob0sh6szj4rtn391vei90',	'plugin::users-permissions.roles.delete',	'{}',	NULL,	'{}',	'[]',	'2025-05-22 21:30:25.319000',	'2025-05-22 21:30:25.319000',	'2025-05-22 21:30:25.319000',	NULL,	NULL,	NULL),
(108,	'am28vv82b3v5osuctzzntr4f',	'plugin::users-permissions.providers.read',	'{}',	NULL,	'{}',	'[]',	'2025-05-22 21:30:25.331000',	'2025-05-22 21:30:25.331000',	'2025-05-22 21:30:25.331000',	NULL,	NULL,	NULL),
(109,	'c0ynv4w0wjvpvpk8czhp3ehp',	'plugin::users-permissions.providers.update',	'{}',	NULL,	'{}',	'[]',	'2025-05-22 21:30:25.346000',	'2025-05-22 21:30:25.346000',	'2025-05-22 21:30:25.346000',	NULL,	NULL,	NULL),
(110,	'is4dlblz7i3na6vqy2k880yp',	'plugin::users-permissions.email-templates.read',	'{}',	NULL,	'{}',	'[]',	'2025-05-22 21:30:25.360000',	'2025-05-22 21:30:25.360000',	'2025-05-22 21:30:25.360000',	NULL,	NULL,	NULL),
(111,	'u2mqkh6jenmg5u32nypwqtk3',	'plugin::users-permissions.email-templates.update',	'{}',	NULL,	'{}',	'[]',	'2025-05-22 21:30:25.373000',	'2025-05-22 21:30:25.373000',	'2025-05-22 21:30:25.374000',	NULL,	NULL,	NULL),
(112,	'cqxstqqeuw5uptdvz24eto7c',	'plugin::users-permissions.advanced-settings.read',	'{}',	NULL,	'{}',	'[]',	'2025-05-22 21:30:25.388000',	'2025-05-22 21:30:25.388000',	'2025-05-22 21:30:25.388000',	NULL,	NULL,	NULL),
(113,	'u2aege5wpasr7i8tx1yhl14c',	'plugin::users-permissions.advanced-settings.update',	'{}',	NULL,	'{}',	'[]',	'2025-05-22 21:30:25.405000',	'2025-05-22 21:30:25.405000',	'2025-05-22 21:30:25.405000',	NULL,	NULL,	NULL),
(114,	'y8tocr0t1wwadmb3k1khzcvp',	'admin::marketplace.read',	'{}',	NULL,	'{}',	'[]',	'2025-05-22 21:30:25.420000',	'2025-05-22 21:30:25.420000',	'2025-05-22 21:30:25.420000',	NULL,	NULL,	NULL),
(115,	'n6fh4o605ips4mg5lmf4fd8z',	'admin::webhooks.create',	'{}',	NULL,	'{}',	'[]',	'2025-05-22 21:30:25.434000',	'2025-05-22 21:30:25.434000',	'2025-05-22 21:30:25.434000',	NULL,	NULL,	NULL),
(116,	'ao7wtmd3hsd6df46ekz2n82i',	'admin::webhooks.read',	'{}',	NULL,	'{}',	'[]',	'2025-05-22 21:30:25.447000',	'2025-05-22 21:30:25.447000',	'2025-05-22 21:30:25.447000',	NULL,	NULL,	NULL),
(117,	'f945guzsl19q18900xkhval9',	'admin::webhooks.update',	'{}',	NULL,	'{}',	'[]',	'2025-05-22 21:30:25.462000',	'2025-05-22 21:30:25.462000',	'2025-05-22 21:30:25.462000',	NULL,	NULL,	NULL),
(118,	'kmgligxu34nvh0hzje3m58a6',	'admin::webhooks.delete',	'{}',	NULL,	'{}',	'[]',	'2025-05-22 21:30:25.475000',	'2025-05-22 21:30:25.475000',	'2025-05-22 21:30:25.475000',	NULL,	NULL,	NULL),
(119,	'rmix9iex99a9vzrg1bfrzxwy',	'admin::users.create',	'{}',	NULL,	'{}',	'[]',	'2025-05-22 21:30:25.489000',	'2025-05-22 21:30:25.489000',	'2025-05-22 21:30:25.489000',	NULL,	NULL,	NULL),
(120,	'eeggjgv94gdq9srlflfwmxvw',	'admin::users.read',	'{}',	NULL,	'{}',	'[]',	'2025-05-22 21:30:25.501000',	'2025-05-22 21:30:25.501000',	'2025-05-22 21:30:25.501000',	NULL,	NULL,	NULL),
(121,	'zqggfj2knjzp0yjeaurfrhd6',	'admin::users.update',	'{}',	NULL,	'{}',	'[]',	'2025-05-22 21:30:25.517000',	'2025-05-22 21:30:25.517000',	'2025-05-22 21:30:25.517000',	NULL,	NULL,	NULL),
(122,	'v4p24dsk7qaru7jb62xizc78',	'admin::users.delete',	'{}',	NULL,	'{}',	'[]',	'2025-05-22 21:30:25.531000',	'2025-05-22 21:30:25.531000',	'2025-05-22 21:30:25.531000',	NULL,	NULL,	NULL),
(123,	'zydbs91o1odp8d2eq8768lw0',	'admin::roles.create',	'{}',	NULL,	'{}',	'[]',	'2025-05-22 21:30:25.546000',	'2025-05-22 21:30:25.546000',	'2025-05-22 21:30:25.546000',	NULL,	NULL,	NULL),
(124,	'pkqauz3nkn0gksg6yova97v1',	'admin::roles.read',	'{}',	NULL,	'{}',	'[]',	'2025-05-22 21:30:25.558000',	'2025-05-22 21:30:25.558000',	'2025-05-22 21:30:25.559000',	NULL,	NULL,	NULL),
(125,	'p5rmwmji2ldetza2aerebqik',	'admin::roles.update',	'{}',	NULL,	'{}',	'[]',	'2025-05-22 21:30:25.575000',	'2025-05-22 21:30:25.575000',	'2025-05-22 21:30:25.575000',	NULL,	NULL,	NULL),
(126,	'tfbopcwqtk36899kcw9avz8b',	'admin::roles.delete',	'{}',	NULL,	'{}',	'[]',	'2025-05-22 21:30:25.589000',	'2025-05-22 21:30:25.589000',	'2025-05-22 21:30:25.589000',	NULL,	NULL,	NULL),
(127,	'r64q0d61e7uk0y3jxs8ze00l',	'admin::api-tokens.access',	'{}',	NULL,	'{}',	'[]',	'2025-05-22 21:30:25.602000',	'2025-05-22 21:30:25.602000',	'2025-05-22 21:30:25.603000',	NULL,	NULL,	NULL),
(128,	'jvr4bmgxj9tw9r5meu6ykehm',	'admin::api-tokens.create',	'{}',	NULL,	'{}',	'[]',	'2025-05-22 21:30:25.614000',	'2025-05-22 21:30:25.614000',	'2025-05-22 21:30:25.614000',	NULL,	NULL,	NULL),
(129,	'krtmdl4798auyvcsarfyehk7',	'admin::api-tokens.read',	'{}',	NULL,	'{}',	'[]',	'2025-05-22 21:30:25.630000',	'2025-05-22 21:30:25.630000',	'2025-05-22 21:30:25.630000',	NULL,	NULL,	NULL),
(130,	'p1rzy45a52eve94dfbi37unh',	'admin::api-tokens.update',	'{}',	NULL,	'{}',	'[]',	'2025-05-22 21:30:25.646000',	'2025-05-22 21:30:25.646000',	'2025-05-22 21:30:25.646000',	NULL,	NULL,	NULL),
(131,	'kxbj12vs0vwgk20qyhqfecob',	'admin::api-tokens.regenerate',	'{}',	NULL,	'{}',	'[]',	'2025-05-22 21:30:25.665000',	'2025-05-22 21:30:25.665000',	'2025-05-22 21:30:25.665000',	NULL,	NULL,	NULL),
(132,	'zuoixbwtf25i6pwosetgszpy',	'admin::api-tokens.delete',	'{}',	NULL,	'{}',	'[]',	'2025-05-22 21:30:25.680000',	'2025-05-22 21:30:25.680000',	'2025-05-22 21:30:25.680000',	NULL,	NULL,	NULL),
(133,	'dfn4ssojsdvclf5se71yrgq9',	'admin::project-settings.update',	'{}',	NULL,	'{}',	'[]',	'2025-05-22 21:30:25.693000',	'2025-05-22 21:30:25.693000',	'2025-05-22 21:30:25.693000',	NULL,	NULL,	NULL),
(134,	'e66pjqna4g7nar5psbqzavzi',	'admin::project-settings.read',	'{}',	NULL,	'{}',	'[]',	'2025-05-22 21:30:25.708000',	'2025-05-22 21:30:25.708000',	'2025-05-22 21:30:25.708000',	NULL,	NULL,	NULL),
(135,	'br0dwrvnfkrrlaj4bd5j62kz',	'admin::transfer.tokens.access',	'{}',	NULL,	'{}',	'[]',	'2025-05-22 21:30:25.725000',	'2025-05-22 21:30:25.725000',	'2025-05-22 21:30:25.725000',	NULL,	NULL,	NULL),
(136,	'tpneryaqkv0e70xfnf4cnxhj',	'admin::transfer.tokens.create',	'{}',	NULL,	'{}',	'[]',	'2025-05-22 21:30:25.742000',	'2025-05-22 21:30:25.742000',	'2025-05-22 21:30:25.742000',	NULL,	NULL,	NULL),
(137,	'awj2o7nlpcjjikmwcyv5nugo',	'admin::transfer.tokens.read',	'{}',	NULL,	'{}',	'[]',	'2025-05-22 21:30:25.756000',	'2025-05-22 21:30:25.756000',	'2025-05-22 21:30:25.757000',	NULL,	NULL,	NULL),
(138,	'x8wdr4sf66qgphbfjn9gawxm',	'admin::transfer.tokens.update',	'{}',	NULL,	'{}',	'[]',	'2025-05-22 21:30:25.774000',	'2025-05-22 21:30:25.774000',	'2025-05-22 21:30:25.774000',	NULL,	NULL,	NULL),
(139,	'ymbzc1yy1nnu6bi0ev5a17oo',	'admin::transfer.tokens.regenerate',	'{}',	NULL,	'{}',	'[]',	'2025-05-22 21:30:25.794000',	'2025-05-22 21:30:25.794000',	'2025-05-22 21:30:25.794000',	NULL,	NULL,	NULL),
(140,	'pzy52ad5x331zbpjs3mmcrgc',	'admin::transfer.tokens.delete',	'{}',	NULL,	'{}',	'[]',	'2025-05-22 21:30:25.818000',	'2025-05-22 21:30:25.818000',	'2025-05-22 21:30:25.819000',	NULL,	NULL,	NULL),
(188,	'lnj4ohvg0fu2dqnvmpwg81uk',	'plugin::content-manager.explorer.delete',	'{}',	'api::home-page.home-page',	'{}',	'[]',	'2025-06-09 08:31:16.859000',	'2025-06-09 08:31:16.859000',	'2025-06-09 08:31:16.860000',	NULL,	NULL,	NULL),
(189,	'tbuqnairy35zs14vgyocowvu',	'plugin::content-manager.explorer.publish',	'{}',	'api::home-page.home-page',	'{}',	'[]',	'2025-06-09 08:31:16.874000',	'2025-06-09 08:31:16.874000',	'2025-06-09 08:31:16.875000',	NULL,	NULL,	NULL),
(190,	'o5c8jrezsddpkwhhfvirla52',	'plugin::content-manager.explorer.create',	'{}',	'api::home-page.home-page',	'{\"fields\": [\"title\", \"description\", \"blocks\"]}',	'[]',	'2025-06-09 09:31:34.600000',	'2025-06-09 09:31:34.600000',	'2025-06-09 09:31:34.602000',	NULL,	NULL,	NULL),
(191,	'yi1dx0mory3bgg6ybq47btmf',	'plugin::content-manager.explorer.read',	'{}',	'api::home-page.home-page',	'{\"fields\": [\"title\", \"description\", \"blocks\"]}',	'[]',	'2025-06-09 09:31:34.619000',	'2025-06-09 09:31:34.619000',	'2025-06-09 09:31:34.621000',	NULL,	NULL,	NULL),
(192,	'co6dvvyv1addfbpo18msb7um',	'plugin::content-manager.explorer.update',	'{}',	'api::home-page.home-page',	'{\"fields\": [\"title\", \"description\", \"blocks\"]}',	'[]',	'2025-06-09 09:31:34.635000',	'2025-06-09 09:31:34.635000',	'2025-06-09 09:31:34.636000',	NULL,	NULL,	NULL),
(196,	'd7e5csqc41gdi6lhe5ywlqll',	'plugin::content-manager.explorer.delete',	'{}',	'api::page.page',	'{}',	'[]',	'2025-06-09 21:42:08.465000',	'2025-06-09 21:42:08.465000',	'2025-06-09 21:42:08.465000',	NULL,	NULL,	NULL),
(197,	'q6fgxhwxbn0r57295vus140u',	'plugin::content-manager.explorer.publish',	'{}',	'api::page.page',	'{}',	'[]',	'2025-06-09 21:42:08.482000',	'2025-06-09 21:42:08.482000',	'2025-06-09 21:42:08.483000',	NULL,	NULL,	NULL),
(198,	's66bacz49mx2tg25np7p83z2',	'plugin::content-manager.explorer.create',	'{}',	'api::page.page',	'{\"fields\": [\"title\", \"description\", \"blocks\", \"slug\"]}',	'[]',	'2025-06-09 22:00:35.276000',	'2025-06-09 22:00:35.276000',	'2025-06-09 22:00:35.279000',	NULL,	NULL,	NULL),
(199,	'mj336z74x0jimwsi9pj3dkbv',	'plugin::content-manager.explorer.read',	'{}',	'api::page.page',	'{\"fields\": [\"title\", \"description\", \"blocks\", \"slug\"]}',	'[]',	'2025-06-09 22:00:35.304000',	'2025-06-09 22:00:35.304000',	'2025-06-09 22:00:35.305000',	NULL,	NULL,	NULL),
(200,	'su74z0kxhnwyhhqefp2txy45',	'plugin::content-manager.explorer.update',	'{}',	'api::page.page',	'{\"fields\": [\"title\", \"description\", \"blocks\", \"slug\"]}',	'[]',	'2025-06-09 22:00:35.317000',	'2025-06-09 22:00:35.317000',	'2025-06-09 22:00:35.317000',	NULL,	NULL,	NULL),
(204,	'vkqen2t5irhhw5027ucsmds7',	'plugin::content-manager.explorer.delete',	'{}',	'api::program.program',	'{}',	'[]',	'2025-06-12 16:51:33.532000',	'2025-06-12 16:51:33.532000',	'2025-06-12 16:51:33.533000',	NULL,	NULL,	NULL),
(205,	'aflvwnn78lri42fmnm5wfd6z',	'plugin::content-manager.explorer.publish',	'{}',	'api::program.program',	'{}',	'[]',	'2025-06-12 16:51:33.566000',	'2025-06-12 16:51:33.566000',	'2025-06-12 16:51:33.567000',	NULL,	NULL,	NULL),
(212,	'k1ebosheqp4d21or8229jvv5',	'plugin::content-manager.explorer.delete',	'{}',	'api::article.article',	'{}',	'[]',	'2025-06-17 20:11:13.168000',	'2025-06-17 20:11:13.168000',	'2025-06-17 20:11:13.169000',	NULL,	NULL,	NULL),
(213,	'nsqh58z9mi34j1bxatd00a6i',	'plugin::content-manager.explorer.publish',	'{}',	'api::article.article',	'{}',	'[]',	'2025-06-17 20:11:13.192000',	'2025-06-17 20:11:13.192000',	'2025-06-17 20:11:13.193000',	NULL,	NULL,	NULL),
(217,	'rix7n6lweyccodq3iqyqll6z',	'plugin::content-manager.explorer.create',	'{}',	'api::article.article',	'{\"fields\": [\"title\", \"description\", \"slug\", \"image\", \"featured\", \"blocks\", \"categories\", \"cta.text\", \"cta.href\", \"cta.isExternal\", \"cta.isButtonLink\"]}',	'[]',	'2025-06-17 22:19:48.406000',	'2025-06-17 22:19:48.406000',	'2025-06-17 22:19:48.408000',	NULL,	NULL,	NULL),
(218,	'qy0lpb3m6pbhe4keyempdbvj',	'plugin::content-manager.explorer.read',	'{}',	'api::article.article',	'{\"fields\": [\"title\", \"description\", \"slug\", \"image\", \"featured\", \"blocks\", \"categories\", \"cta.text\", \"cta.href\", \"cta.isExternal\", \"cta.isButtonLink\"]}',	'[]',	'2025-06-17 22:19:48.450000',	'2025-06-17 22:19:48.450000',	'2025-06-17 22:19:48.451000',	NULL,	NULL,	NULL),
(219,	'z1ydwcudzui62xxlatlwj1js',	'plugin::content-manager.explorer.update',	'{}',	'api::article.article',	'{\"fields\": [\"title\", \"description\", \"slug\", \"image\", \"featured\", \"blocks\", \"categories\", \"cta.text\", \"cta.href\", \"cta.isExternal\", \"cta.isButtonLink\"]}',	'[]',	'2025-06-17 22:19:48.481000',	'2025-06-17 22:19:48.481000',	'2025-06-17 22:19:48.482000',	NULL,	NULL,	NULL),
(220,	'lyntw961a2v2ronviqwae1ed',	'plugin::content-manager.explorer.create',	'{}',	'api::newsletter-contact.newsletter-contact',	'{\"fields\": [\"name\", \"type\", \"email\", \"message\"]}',	'[]',	'2025-06-18 00:25:16.409000',	'2025-06-18 00:25:16.409000',	'2025-06-18 00:25:16.412000',	NULL,	NULL,	NULL),
(221,	'c8332sfr5fq3u886b3wv6m0q',	'plugin::content-manager.explorer.read',	'{}',	'api::newsletter-contact.newsletter-contact',	'{\"fields\": [\"name\", \"type\", \"email\", \"message\"]}',	'[]',	'2025-06-18 00:25:16.443000',	'2025-06-18 00:25:16.443000',	'2025-06-18 00:25:16.444000',	NULL,	NULL,	NULL),
(222,	'v0ggwxdrq81od1kpm2pz2a1p',	'plugin::content-manager.explorer.update',	'{}',	'api::newsletter-contact.newsletter-contact',	'{\"fields\": [\"name\", \"type\", \"email\", \"message\"]}',	'[]',	'2025-06-18 00:25:16.464000',	'2025-06-18 00:25:16.464000',	'2025-06-18 00:25:16.464000',	NULL,	NULL,	NULL),
(223,	'thwi24jgakmbgm279d88hrw0',	'plugin::content-manager.explorer.delete',	'{}',	'api::newsletter-contact.newsletter-contact',	'{}',	'[]',	'2025-06-18 00:25:16.481000',	'2025-06-18 00:25:16.481000',	'2025-06-18 00:25:16.482000',	NULL,	NULL,	NULL),
(224,	'qel87gx2620qqt3ddsp0e3kd',	'plugin::content-manager.explorer.publish',	'{}',	'api::newsletter-contact.newsletter-contact',	'{}',	'[]',	'2025-06-18 00:25:16.508000',	'2025-06-18 00:25:16.508000',	'2025-06-18 00:25:16.508000',	NULL,	NULL,	NULL),
(228,	'rcyfg39g3oxocdkk6pt8qy70',	'plugin::content-manager.explorer.delete',	'{}',	'api::impact.impact',	'{}',	'[]',	'2025-06-23 19:38:34.907000',	'2025-06-23 19:38:34.907000',	'2025-06-23 19:38:34.908000',	NULL,	NULL,	NULL),
(229,	'xqzx0nmt2o8dg3dnen4bbroy',	'plugin::content-manager.explorer.publish',	'{}',	'api::impact.impact',	'{}',	'[]',	'2025-06-23 19:38:34.929000',	'2025-06-23 19:38:34.929000',	'2025-06-23 19:38:34.929000',	NULL,	NULL,	NULL),
(233,	't24b324gs63pk5efz3jz0by2',	'plugin::content-manager.explorer.delete',	'{}',	'api::donation.donation',	'{}',	'[]',	'2025-07-06 19:34:53.726000',	'2025-07-06 19:34:53.726000',	'2025-07-06 19:34:53.727000',	NULL,	NULL,	NULL),
(234,	'k3l1fd4abr6hi8cvoff9k1c7',	'plugin::content-manager.explorer.publish',	'{}',	'api::donation.donation',	'{}',	'[]',	'2025-07-06 19:34:53.742000',	'2025-07-06 19:34:53.742000',	'2025-07-06 19:34:53.743000',	NULL,	NULL,	NULL),
(235,	'gzz1sy7n1y176f47hguhn4qk',	'plugin::content-manager.explorer.create',	'{}',	'api::donation.donation',	'{\"fields\": [\"name\", \"email\", \"amount\", \"payment_method\", \"period\", \"receipt\"]}',	'[]',	'2025-07-06 21:36:17.140000',	'2025-07-06 21:36:17.140000',	'2025-07-06 21:36:17.142000',	NULL,	NULL,	NULL),
(236,	'zxigrwfxvufe4flpxqlajjzo',	'plugin::content-manager.explorer.read',	'{}',	'api::donation.donation',	'{\"fields\": [\"name\", \"email\", \"amount\", \"payment_method\", \"period\", \"receipt\"]}',	'[]',	'2025-07-06 21:36:17.194000',	'2025-07-06 21:36:17.194000',	'2025-07-06 21:36:17.196000',	NULL,	NULL,	NULL),
(237,	'ds06wq3u6w0g2si1u57sxc50',	'plugin::content-manager.explorer.update',	'{}',	'api::donation.donation',	'{\"fields\": [\"name\", \"email\", \"amount\", \"payment_method\", \"period\", \"receipt\"]}',	'[]',	'2025-07-06 21:36:17.226000',	'2025-07-06 21:36:17.226000',	'2025-07-06 21:36:17.227000',	NULL,	NULL,	NULL),
(238,	'emhrubjfjnil4ho7sd3hlf8c',	'plugin::content-manager.explorer.create',	'{}',	'api::impact.impact',	'{\"fields\": [\"title\", \"description\", \"slug\", \"image\", \"categories\", \"date\", \"featured\", \"cta.text\", \"cta.href\", \"cta.isExternal\", \"cta.isButtonLink\", \"blocks\"]}',	'[]',	'2025-07-09 14:05:58.658000',	'2025-07-09 14:05:58.658000',	'2025-07-09 14:05:58.660000',	NULL,	NULL,	NULL),
(239,	'uy62hapc9hh7oeam3chjm51u',	'plugin::content-manager.explorer.read',	'{}',	'api::impact.impact',	'{\"fields\": [\"title\", \"description\", \"slug\", \"image\", \"categories\", \"date\", \"featured\", \"cta.text\", \"cta.href\", \"cta.isExternal\", \"cta.isButtonLink\", \"blocks\"]}',	'[]',	'2025-07-09 14:05:58.693000',	'2025-07-09 14:05:58.693000',	'2025-07-09 14:05:58.694000',	NULL,	NULL,	NULL),
(240,	'ki11qevmxizkfj4ys1ricvr8',	'plugin::content-manager.explorer.update',	'{}',	'api::impact.impact',	'{\"fields\": [\"title\", \"description\", \"slug\", \"image\", \"categories\", \"date\", \"featured\", \"cta.text\", \"cta.href\", \"cta.isExternal\", \"cta.isButtonLink\", \"blocks\"]}',	'[]',	'2025-07-09 14:05:58.716000',	'2025-07-09 14:05:58.716000',	'2025-07-09 14:05:58.717000',	NULL,	NULL,	NULL),
(241,	'y50hdsfvgbjbd8d8m9wxl6gl',	'plugin::content-manager.explorer.create',	'{}',	'api::program.program',	'{\"fields\": [\"title\", \"description\", \"slug\", \"image\", \"categories\", \"date\", \"featured\", \"cta.text\", \"cta.href\", \"cta.isExternal\", \"cta.isButtonLink\", \"blocks\"]}',	'[]',	'2025-07-09 15:02:02.716000',	'2025-07-09 15:02:02.716000',	'2025-07-09 15:02:02.719000',	NULL,	NULL,	NULL),
(242,	'r71zhazj8f3mut21gjmv61hl',	'plugin::content-manager.explorer.read',	'{}',	'api::program.program',	'{\"fields\": [\"title\", \"description\", \"slug\", \"image\", \"categories\", \"date\", \"featured\", \"cta.text\", \"cta.href\", \"cta.isExternal\", \"cta.isButtonLink\", \"blocks\"]}',	'[]',	'2025-07-09 15:02:02.760000',	'2025-07-09 15:02:02.760000',	'2025-07-09 15:02:02.761000',	NULL,	NULL,	NULL),
(243,	'kbqrsh62yv1z7fb4riogf1e0',	'plugin::content-manager.explorer.update',	'{}',	'api::program.program',	'{\"fields\": [\"title\", \"description\", \"slug\", \"image\", \"categories\", \"date\", \"featured\", \"cta.text\", \"cta.href\", \"cta.isExternal\", \"cta.isButtonLink\", \"blocks\"]}',	'[]',	'2025-07-09 15:02:02.783000',	'2025-07-09 15:02:02.783000',	'2025-07-09 15:02:02.784000',	NULL,	NULL,	NULL);

DROP TABLE IF EXISTS `admin_permissions_role_lnk`;
CREATE TABLE `admin_permissions_role_lnk` (
  `id` int unsigned NOT NULL AUTO_INCREMENT,
  `permission_id` int unsigned DEFAULT NULL,
  `role_id` int unsigned DEFAULT NULL,
  `permission_ord` double unsigned DEFAULT NULL,
  PRIMARY KEY (`id`),
  UNIQUE KEY `admin_permissions_role_lnk_uq` (`permission_id`,`role_id`),
  KEY `admin_permissions_role_lnk_fk` (`permission_id`),
  KEY `admin_permissions_role_lnk_ifk` (`role_id`),
  KEY `admin_permissions_role_lnk_oifk` (`permission_ord`),
  CONSTRAINT `admin_permissions_role_lnk_fk` FOREIGN KEY (`permission_id`) REFERENCES `admin_permissions` (`id`) ON DELETE CASCADE,
  CONSTRAINT `admin_permissions_role_lnk_ifk` FOREIGN KEY (`role_id`) REFERENCES `admin_roles` (`id`) ON DELETE CASCADE
) ENGINE=InnoDB DEFAULT CHARSET=utf8mb4 COLLATE=utf8mb4_general_ci;

INSERT INTO `admin_permissions_role_lnk` (`id`, `permission_id`, `role_id`, `permission_ord`) VALUES
(5,	5,	2,	5),
(10,	10,	2,	10),
(15,	15,	2,	15),
(20,	20,	2,	20),
(25,	25,	2,	25),
(26,	26,	2,	26),
(27,	27,	2,	27),
(28,	28,	2,	28),
(29,	29,	2,	29),
(30,	30,	2,	30),
(31,	31,	2,	31),
(36,	36,	3,	5),
(41,	41,	3,	10),
(46,	46,	3,	15),
(51,	51,	3,	20),
(52,	52,	3,	21),
(53,	53,	3,	22),
(54,	54,	3,	23),
(55,	55,	3,	24),
(56,	56,	3,	25),
(57,	57,	3,	26),
(58,	58,	1,	1),
(63,	63,	1,	6),
(64,	64,	1,	7),
(69,	69,	1,	12),
(70,	70,	1,	13),
(75,	75,	1,	18),
(76,	76,	1,	19),
(81,	81,	1,	24),
(82,	82,	1,	25),
(87,	87,	1,	30),
(88,	88,	1,	31),
(89,	89,	1,	32),
(90,	90,	1,	33),
(91,	91,	1,	34),
(92,	92,	1,	35),
(93,	93,	1,	36),
(94,	94,	1,	37),
(95,	95,	1,	38),
(96,	96,	1,	39),
(97,	97,	1,	40),
(98,	98,	1,	41),
(99,	99,	1,	42),
(100,	100,	1,	43),
(101,	101,	1,	44),
(102,	102,	1,	45),
(103,	103,	1,	46),
(104,	104,	1,	47),
(105,	105,	1,	48),
(106,	106,	1,	49),
(107,	107,	1,	50),
(108,	108,	1,	51),
(109,	109,	1,	52),
(110,	110,	1,	53),
(111,	111,	1,	54),
(112,	112,	1,	55),
(113,	113,	1,	56),
(114,	114,	1,	57),
(115,	115,	1,	58),
(116,	116,	1,	59),
(117,	117,	1,	60),
(118,	118,	1,	61),
(119,	119,	1,	62),
(120,	120,	1,	63),
(121,	121,	1,	64),
(122,	122,	1,	65),
(123,	123,	1,	66),
(124,	124,	1,	67),
(125,	125,	1,	68),
(126,	126,	1,	69),
(127,	127,	1,	70),
(128,	128,	1,	71),
(129,	129,	1,	72),
(130,	130,	1,	73),
(131,	131,	1,	74),
(132,	132,	1,	75),
(133,	133,	1,	76),
(134,	134,	1,	77),
(135,	135,	1,	78),
(136,	136,	1,	79),
(137,	137,	1,	80),
(138,	138,	1,	81),
(139,	139,	1,	82),
(140,	140,	1,	83),
(188,	188,	1,	87),
(189,	189,	1,	88),
(190,	190,	1,	89),
(191,	191,	1,	90),
(192,	192,	1,	91),
(196,	196,	1,	95),
(197,	197,	1,	96),
(198,	198,	1,	97),
(199,	199,	1,	98),
(200,	200,	1,	99),
(204,	204,	1,	103),
(205,	205,	1,	104),
(212,	212,	1,	111),
(213,	213,	1,	112),
(217,	217,	1,	113),
(218,	218,	1,	114),
(219,	219,	1,	115),
(220,	220,	1,	116),
(221,	221,	1,	117),
(222,	222,	1,	118),
(223,	223,	1,	119),
(224,	224,	1,	120),
(228,	228,	1,	124),
(229,	229,	1,	125),
(233,	233,	1,	129),
(234,	234,	1,	130),
(235,	235,	1,	131),
(236,	236,	1,	132),
(237,	237,	1,	133),
(238,	238,	1,	134),
(239,	239,	1,	135),
(240,	240,	1,	136),
(241,	241,	1,	137),
(242,	242,	1,	138),
(243,	243,	1,	139);

DROP TABLE IF EXISTS `admin_roles`;
CREATE TABLE `admin_roles` (
  `id` int unsigned NOT NULL AUTO_INCREMENT,
  `document_id` varchar(255) COLLATE utf8mb4_general_ci DEFAULT NULL,
  `name` varchar(255) COLLATE utf8mb4_general_ci DEFAULT NULL,
  `code` varchar(255) COLLATE utf8mb4_general_ci DEFAULT NULL,
  `description` varchar(255) COLLATE utf8mb4_general_ci DEFAULT NULL,
  `created_at` datetime(6) DEFAULT NULL,
  `updated_at` datetime(6) DEFAULT NULL,
  `published_at` datetime(6) DEFAULT NULL,
  `created_by_id` int unsigned DEFAULT NULL,
  `updated_by_id` int unsigned DEFAULT NULL,
  `locale` varchar(255) COLLATE utf8mb4_general_ci DEFAULT NULL,
  PRIMARY KEY (`id`),
  KEY `admin_roles_documents_idx` (`document_id`,`locale`,`published_at`),
  KEY `admin_roles_created_by_id_fk` (`created_by_id`),
  KEY `admin_roles_updated_by_id_fk` (`updated_by_id`),
  CONSTRAINT `admin_roles_created_by_id_fk` FOREIGN KEY (`created_by_id`) REFERENCES `admin_users` (`id`) ON DELETE SET NULL,
  CONSTRAINT `admin_roles_updated_by_id_fk` FOREIGN KEY (`updated_by_id`) REFERENCES `admin_users` (`id`) ON DELETE SET NULL
) ENGINE=InnoDB DEFAULT CHARSET=utf8mb4 COLLATE=utf8mb4_general_ci;

INSERT INTO `admin_roles` (`id`, `document_id`, `name`, `code`, `description`, `created_at`, `updated_at`, `published_at`, `created_by_id`, `updated_by_id`, `locale`) VALUES
(1,	'f9dcjea5dnaod5khbvohlpzk',	'Super Admin',	'strapi-super-admin',	'Super Admins can access and manage all features and settings.',	'2025-05-22 21:30:23.481000',	'2025-05-22 21:30:23.481000',	'2025-05-22 21:30:23.481000',	NULL,	NULL,	NULL),
(2,	'up8ylpn33eq84tlxux5l8bzc',	'Editor',	'strapi-editor',	'Editors can manage and publish contents including those of other users.',	'2025-05-22 21:30:23.498000',	'2025-05-22 21:30:23.498000',	'2025-05-22 21:30:23.498000',	NULL,	NULL,	NULL),
(3,	'bx44dpk4emnn3pbnuc0hhba7',	'Author',	'strapi-author',	'Authors can manage the content they have created.',	'2025-05-22 21:30:23.506000',	'2025-05-22 21:30:23.506000',	'2025-05-22 21:30:23.506000',	NULL,	NULL,	NULL);

DROP TABLE IF EXISTS `admin_users`;
CREATE TABLE `admin_users` (
  `id` int unsigned NOT NULL AUTO_INCREMENT,
  `document_id` varchar(255) COLLATE utf8mb4_general_ci DEFAULT NULL,
  `firstname` varchar(255) COLLATE utf8mb4_general_ci DEFAULT NULL,
  `lastname` varchar(255) COLLATE utf8mb4_general_ci DEFAULT NULL,
  `username` varchar(255) COLLATE utf8mb4_general_ci DEFAULT NULL,
  `email` varchar(255) COLLATE utf8mb4_general_ci DEFAULT NULL,
  `password` varchar(255) COLLATE utf8mb4_general_ci DEFAULT NULL,
  `reset_password_token` varchar(255) COLLATE utf8mb4_general_ci DEFAULT NULL,
  `registration_token` varchar(255) COLLATE utf8mb4_general_ci DEFAULT NULL,
  `is_active` tinyint(1) DEFAULT NULL,
  `blocked` tinyint(1) DEFAULT NULL,
  `prefered_language` varchar(255) COLLATE utf8mb4_general_ci DEFAULT NULL,
  `created_at` datetime(6) DEFAULT NULL,
  `updated_at` datetime(6) DEFAULT NULL,
  `published_at` datetime(6) DEFAULT NULL,
  `created_by_id` int unsigned DEFAULT NULL,
  `updated_by_id` int unsigned DEFAULT NULL,
  `locale` varchar(255) COLLATE utf8mb4_general_ci DEFAULT NULL,
  PRIMARY KEY (`id`),
  KEY `admin_users_documents_idx` (`document_id`,`locale`,`published_at`),
  KEY `admin_users_created_by_id_fk` (`created_by_id`),
  KEY `admin_users_updated_by_id_fk` (`updated_by_id`),
  CONSTRAINT `admin_users_created_by_id_fk` FOREIGN KEY (`created_by_id`) REFERENCES `admin_users` (`id`) ON DELETE SET NULL,
  CONSTRAINT `admin_users_updated_by_id_fk` FOREIGN KEY (`updated_by_id`) REFERENCES `admin_users` (`id`) ON DELETE SET NULL
) ENGINE=InnoDB DEFAULT CHARSET=utf8mb4 COLLATE=utf8mb4_general_ci;

INSERT INTO `admin_users` (`id`, `document_id`, `firstname`, `lastname`, `username`, `email`, `password`, `reset_password_token`, `registration_token`, `is_active`, `blocked`, `prefered_language`, `created_at`, `updated_at`, `published_at`, `created_by_id`, `updated_by_id`, `locale`) VALUES
(1,	'uj8a2b6iyz22liwowmoh4s2a',	'Admin',	'Gawirea',	NULL,	'admingawirea@gmail.com',	'$2a$10$dPdoNATDcV2FQzNRDbM4W.S15sc72c5UEHDzBI3FSA2.NI4e5KsnC',	NULL,	NULL,	1,	0,	NULL,	'2025-05-22 21:32:51.843000',	'2025-05-22 22:08:00.435000',	'2025-05-22 21:32:51.867000',	NULL,	NULL,	NULL);

DROP TABLE IF EXISTS `admin_users_roles_lnk`;
CREATE TABLE `admin_users_roles_lnk` (
  `id` int unsigned NOT NULL AUTO_INCREMENT,
  `user_id` int unsigned DEFAULT NULL,
  `role_id` int unsigned DEFAULT NULL,
  `role_ord` double unsigned DEFAULT NULL,
  `user_ord` double unsigned DEFAULT NULL,
  PRIMARY KEY (`id`),
  UNIQUE KEY `admin_users_roles_lnk_uq` (`user_id`,`role_id`),
  KEY `admin_users_roles_lnk_fk` (`user_id`),
  KEY `admin_users_roles_lnk_ifk` (`role_id`),
  KEY `admin_users_roles_lnk_ofk` (`role_ord`),
  KEY `admin_users_roles_lnk_oifk` (`user_ord`),
  CONSTRAINT `admin_users_roles_lnk_fk` FOREIGN KEY (`user_id`) REFERENCES `admin_users` (`id`) ON DELETE CASCADE,
  CONSTRAINT `admin_users_roles_lnk_ifk` FOREIGN KEY (`role_id`) REFERENCES `admin_roles` (`id`) ON DELETE CASCADE
) ENGINE=InnoDB DEFAULT CHARSET=utf8mb4 COLLATE=utf8mb4_general_ci;

INSERT INTO `admin_users_roles_lnk` (`id`, `user_id`, `role_id`, `role_ord`, `user_ord`) VALUES
(1,	1,	1,	1,	1);

DROP TABLE IF EXISTS `articles`;
CREATE TABLE `articles` (
  `id` int unsigned NOT NULL AUTO_INCREMENT,
  `document_id` varchar(255) COLLATE utf8mb4_general_ci DEFAULT NULL,
  `title` varchar(255) COLLATE utf8mb4_general_ci DEFAULT NULL,
  `description` longtext COLLATE utf8mb4_general_ci,
  `slug` varchar(255) COLLATE utf8mb4_general_ci DEFAULT NULL,
  `featured` tinyint(1) DEFAULT NULL,
  `created_at` datetime(6) DEFAULT NULL,
  `updated_at` datetime(6) DEFAULT NULL,
  `published_at` datetime(6) DEFAULT NULL,
  `created_by_id` int unsigned DEFAULT NULL,
  `updated_by_id` int unsigned DEFAULT NULL,
  `locale` varchar(255) COLLATE utf8mb4_general_ci DEFAULT NULL,
  `categories` varchar(255) COLLATE utf8mb4_general_ci DEFAULT NULL,
  PRIMARY KEY (`id`),
  KEY `articles_documents_idx` (`document_id`,`locale`,`published_at`),
  KEY `articles_created_by_id_fk` (`created_by_id`),
  KEY `articles_updated_by_id_fk` (`updated_by_id`),
  CONSTRAINT `articles_created_by_id_fk` FOREIGN KEY (`created_by_id`) REFERENCES `admin_users` (`id`) ON DELETE SET NULL,
  CONSTRAINT `articles_updated_by_id_fk` FOREIGN KEY (`updated_by_id`) REFERENCES `admin_users` (`id`) ON DELETE SET NULL
) ENGINE=InnoDB DEFAULT CHARSET=utf8mb4 COLLATE=utf8mb4_general_ci;

INSERT INTO `articles` (`id`, `document_id`, `title`, `description`, `slug`, `featured`, `created_at`, `updated_at`, `published_at`, `created_by_id`, `updated_by_id`, `locale`, `categories`) VALUES
(1,	'i0v1qkvnghugp5vq9atkqgdz',	'See how GAWIREA is making a powerful impact on women across the globe',	'GAWIREA’s initiatives have brought real change to rural communities—providing access to clean energy technologies that improve daily life, enhance productivity, and support local economies. From solar-powered food tools to sustainable lighting, our programs are helping women lead the way in building a more resilient future',	'see-how-gawirea-is-making-a-powerful-impact-on-women-across-the-globe',	1,	'2025-06-17 20:24:10.116000',	'2025-07-09 11:45:59.187000',	NULL,	1,	1,	NULL,	'Sinari Project'),
(5,	'ub009s0ozvpsxlz7usmfthad',	'Introduce to Wani Yinio Sago House, Traditional Methods in Sago Processing',	'Wani Yinio Sago is a traditional expression rooted in the culture of eastern Indonesia, particularly in the Papua region. This phrase, often heard in community gatherings and cultural events, carries a deep meaning: \"Let us stand together\" or \"We rise as one.\" It reflects the spirit of solidarity, bravery, and communal strength among local people.',	'introduce-to-wani-yinio-sago-house-traditional-methods-in-sago-processing',	1,	'2025-06-20 14:09:13.190000',	'2025-07-09 11:58:45.870000',	NULL,	1,	1,	NULL,	'Net Zero Heroes'),
(7,	'koqwngjibm2hzlrz9fp3cck7',	'Introduce to Wani Yinio Sago House, Traditional Methods in Sago Processing',	'GAWIREA’s initiatives have brought real change to rural communities—providing access to clean energy technologies that improve daily life, enhance productivity, and support local economies. From solar-powered food tools to sustainable lighting, our programs are helping women lead the way in building a more resilient future',	'introduce-to-wani-yinio-sago-house-traditional-methods-in-sago-processing-1',	0,	'2025-06-24 00:56:14.474000',	'2025-07-09 11:58:38.673000',	NULL,	1,	1,	NULL,	'Mojuk'),
(11,	'i0v1qkvnghugp5vq9atkqgdz',	'See how GAWIREA is making a powerful impact on women across the globe',	'GAWIREA’s initiatives have brought real change to rural communities—providing access to clean energy technologies that improve daily life, enhance productivity, and support local economies. From solar-powered food tools to sustainable lighting, our programs are helping women lead the way in building a more resilient future',	'see-how-gawirea-is-making-a-powerful-impact-on-women-across-the-globe',	1,	'2025-06-17 20:24:10.116000',	'2025-07-09 11:45:59.187000',	'2025-07-09 11:45:59.432000',	1,	1,	NULL,	'Sinari Project'),
(12,	'koqwngjibm2hzlrz9fp3cck7',	'Introduce to Wani Yinio Sago House, Traditional Methods in Sago Processing',	'GAWIREA’s initiatives have brought real change to rural communities—providing access to clean energy technologies that improve daily life, enhance productivity, and support local economies. From solar-powered food tools to sustainable lighting, our programs are helping women lead the way in building a more resilient future',	'introduce-to-wani-yinio-sago-house-traditional-methods-in-sago-processing-1',	0,	'2025-06-24 00:56:14.474000',	'2025-07-09 11:58:38.673000',	'2025-07-09 11:58:38.733000',	1,	1,	NULL,	'Mojuk'),
(13,	'ub009s0ozvpsxlz7usmfthad',	'Introduce to Wani Yinio Sago House, Traditional Methods in Sago Processing',	'Wani Yinio Sago is a traditional expression rooted in the culture of eastern Indonesia, particularly in the Papua region. This phrase, often heard in community gatherings and cultural events, carries a deep meaning: \"Let us stand together\" or \"We rise as one.\" It reflects the spirit of solidarity, bravery, and communal strength among local people.',	'introduce-to-wani-yinio-sago-house-traditional-methods-in-sago-processing',	1,	'2025-06-20 14:09:13.190000',	'2025-07-09 11:58:45.870000',	'2025-07-09 11:58:45.930000',	1,	1,	NULL,	'Net Zero Heroes');

DROP TABLE IF EXISTS `articles_cmps`;
CREATE TABLE `articles_cmps` (
  `id` int unsigned NOT NULL AUTO_INCREMENT,
  `entity_id` int unsigned DEFAULT NULL,
  `cmp_id` int unsigned DEFAULT NULL,
  `component_type` varchar(255) COLLATE utf8mb4_general_ci DEFAULT NULL,
  `field` varchar(255) COLLATE utf8mb4_general_ci DEFAULT NULL,
  `order` double unsigned DEFAULT NULL,
  PRIMARY KEY (`id`),
  UNIQUE KEY `articles_uq` (`entity_id`,`cmp_id`,`field`,`component_type`),
  KEY `articles_field_idx` (`field`),
  KEY `articles_component_type_idx` (`component_type`),
  KEY `articles_entity_fk` (`entity_id`),
  CONSTRAINT `articles_entity_fk` FOREIGN KEY (`entity_id`) REFERENCES `articles` (`id`) ON DELETE CASCADE
) ENGINE=InnoDB DEFAULT CHARSET=utf8mb4 COLLATE=utf8mb4_general_ci;

INSERT INTO `articles_cmps` (`id`, `entity_id`, `cmp_id`, `component_type`, `field`, `order`) VALUES
(56,	1,	178,	'elements.link',	'cta',	NULL),
(69,	5,	180,	'elements.link',	'cta',	NULL),
(72,	7,	199,	'elements.link',	'cta',	NULL),
(122,	1,	1,	'blocks.heading-block',	'blocks',	1),
(123,	1,	1,	'blocks.paragraph-with-image-block',	'blocks',	2),
(124,	1,	2,	'blocks.heading-block',	'blocks',	3),
(125,	1,	1,	'blocks.paragraph-block',	'blocks',	4),
(126,	1,	1,	'blocks.full-image-block',	'blocks',	5),
(127,	1,	3,	'blocks.heading-block',	'blocks',	6),
(128,	1,	2,	'blocks.paragraph-with-image-block',	'blocks',	7),
(129,	1,	4,	'blocks.heading-block',	'blocks',	8),
(130,	1,	2,	'blocks.paragraph-block',	'blocks',	9),
(131,	1,	5,	'blocks.heading-block',	'blocks',	10),
(132,	1,	3,	'blocks.paragraph-with-image-block',	'blocks',	11),
(134,	11,	31,	'blocks.heading-block',	'blocks',	1),
(135,	11,	19,	'blocks.paragraph-with-image-block',	'blocks',	2),
(136,	11,	32,	'blocks.heading-block',	'blocks',	3),
(137,	11,	13,	'blocks.paragraph-block',	'blocks',	4),
(138,	11,	7,	'blocks.full-image-block',	'blocks',	5),
(139,	11,	33,	'blocks.heading-block',	'blocks',	6),
(140,	11,	20,	'blocks.paragraph-with-image-block',	'blocks',	7),
(141,	11,	34,	'blocks.heading-block',	'blocks',	8),
(142,	11,	14,	'blocks.paragraph-block',	'blocks',	9),
(143,	11,	35,	'blocks.heading-block',	'blocks',	10),
(144,	11,	21,	'blocks.paragraph-with-image-block',	'blocks',	11),
(145,	11,	207,	'elements.link',	'cta',	NULL),
(147,	12,	208,	'elements.link',	'cta',	NULL),
(149,	13,	209,	'elements.link',	'cta',	NULL);

DROP TABLE IF EXISTS `components_blocks_full_image_blocks`;
CREATE TABLE `components_blocks_full_image_blocks` (
  `id` int unsigned NOT NULL AUTO_INCREMENT,
  PRIMARY KEY (`id`)
) ENGINE=InnoDB DEFAULT CHARSET=utf8mb4 COLLATE=utf8mb4_general_ci;

INSERT INTO `components_blocks_full_image_blocks` (`id`) VALUES
(1),
(7),
(8),
(9),
(10),
(11),
(12),
(13),
(14),
(15);

DROP TABLE IF EXISTS `components_blocks_gawirea_edu_hub_blocks`;
CREATE TABLE `components_blocks_gawirea_edu_hub_blocks` (
  `id` int unsigned NOT NULL AUTO_INCREMENT,
  `title` varchar(255) COLLATE utf8mb4_general_ci DEFAULT NULL,
  `headline` longtext COLLATE utf8mb4_general_ci,
  `content` longtext COLLATE utf8mb4_general_ci,
  PRIMARY KEY (`id`)
) ENGINE=InnoDB DEFAULT CHARSET=utf8mb4 COLLATE=utf8mb4_general_ci;

INSERT INTO `components_blocks_gawirea_edu_hub_blocks` (`id`, `title`, `headline`, `content`) VALUES
(1,	'GAWIREA Edu-hub',	'What is GAWIREA Edu-hub?',	'      GAWIREA stands for Girls and Women in Renewable Energy Academy. It is more than just an initiative—it is a movement born from the belief that access to renewable energy and gender equality can transform entire communities.\n\n      GAWIREA empowers girls, women, and youth—especially in rural and underrepresented areas of Indonesia—by equipping them with the knowledge, skills, and tools to participate in the green energy transition. We focus on education, innovation, and community-based solutions that reflect local values and environmental sustainability.\n\n      Our name carries a mission: to nurture future changemakers who are not only aware of climate challenges but are also capable of solving them—starting from their own villages. Through renewable energy, we build pathways toward a more inclusive, equitable, and sustainable future.'),
(4,	'GAWIREA Edu-hub',	'What is GAWIREA Edu-hub?',	'      GAWIREA stands for Girls and Women in Renewable Energy Academy. It is more than just an initiative—it is a movement born from the belief that access to renewable energy and gender equality can transform entire communities.\n\n      GAWIREA empowers girls, women, and youth—especially in rural and underrepresented areas of Indonesia—by equipping them with the knowledge, skills, and tools to participate in the green energy transition. We focus on education, innovation, and community-based solutions that reflect local values and environmental sustainability.\n\n      Our name carries a mission: to nurture future changemakers who are not only aware of climate challenges but are also capable of solving them—starting from their own villages. Through renewable energy, we build pathways toward a more inclusive, equitable, and sustainable future.');

DROP TABLE IF EXISTS `components_blocks_gawirea_edu_hub_blocks_cmps`;
CREATE TABLE `components_blocks_gawirea_edu_hub_blocks_cmps` (
  `id` int unsigned NOT NULL AUTO_INCREMENT,
  `entity_id` int unsigned DEFAULT NULL,
  `cmp_id` int unsigned DEFAULT NULL,
  `component_type` varchar(255) COLLATE utf8mb4_general_ci DEFAULT NULL,
  `field` varchar(255) COLLATE utf8mb4_general_ci DEFAULT NULL,
  `order` double unsigned DEFAULT NULL,
  PRIMARY KEY (`id`),
  UNIQUE KEY `components_blocks_gawirea_edu_hub_blocks_uq` (`entity_id`,`cmp_id`,`field`,`component_type`),
  KEY `components_blocks_gawirea_edu_hub_blocks_field_idx` (`field`),
  KEY `components_blocks_gawirea_edu_h03510_component_type_idx` (`component_type`),
  KEY `components_blocks_gawirea_edu_hub_blocks_entity_fk` (`entity_id`),
  CONSTRAINT `components_blocks_gawirea_edu_hub_blocks_entity_fk` FOREIGN KEY (`entity_id`) REFERENCES `components_blocks_gawirea_edu_hub_blocks` (`id`) ON DELETE CASCADE
) ENGINE=InnoDB DEFAULT CHARSET=utf8mb4 COLLATE=utf8mb4_general_ci;

INSERT INTO `components_blocks_gawirea_edu_hub_blocks_cmps` (`id`, `entity_id`, `cmp_id`, `component_type`, `field`, `order`) VALUES
(1,	1,	28,	'elements.program-card',	'card',	1),
(2,	1,	29,	'elements.program-card',	'card',	2),
(3,	1,	30,	'elements.program-card',	'card',	3),
(16,	4,	73,	'elements.program-card',	'card',	1),
(17,	4,	74,	'elements.program-card',	'card',	2),
(18,	4,	75,	'elements.program-card',	'card',	3);

DROP TABLE IF EXISTS `components_blocks_gawirea_labs`;
CREATE TABLE `components_blocks_gawirea_labs` (
  `id` int unsigned NOT NULL AUTO_INCREMENT,
  `title` varchar(255) COLLATE utf8mb4_general_ci DEFAULT NULL,
  `headline` longtext COLLATE utf8mb4_general_ci,
  `content` longtext COLLATE utf8mb4_general_ci,
  PRIMARY KEY (`id`)
) ENGINE=InnoDB DEFAULT CHARSET=utf8mb4 COLLATE=utf8mb4_general_ci;

INSERT INTO `components_blocks_gawirea_labs` (`id`, `title`, `headline`, `content`) VALUES
(1,	'GAWIREA Lab',	'What is GAWIREA Lab?',	'      GAWIREA stands for Girls and Women in Renewable Energy Academy. It is more than just an initiative—it is a movement born from the belief that access to renewable energy and gender equality can transform entire communities.\n\n      GAWIREA empowers girls, women, and youth—especially in rural and underrepresented areas of Indonesia—by equipping them with the knowledge, skills, and tools to participate in the green energy transition. We focus on education, innovation, and community-based solutions that reflect local values and environmental sustainability.\n\n      Our name carries a mission: to nurture future changemakers who are not only aware of climate challenges but are also capable of solving them—starting from their own villages. Through renewable energy, we build pathways toward a more inclusive, equitable, and sustainable future.'),
(5,	'GAWIREA Lab',	'What is GAWIREA Lab?',	'      GAWIREA stands for Girls and Women in Renewable Energy Academy. It is more than just an initiative—it is a movement born from the belief that access to renewable energy and gender equality can transform entire communities.\n\n      GAWIREA empowers girls, women, and youth—especially in rural and underrepresented areas of Indonesia—by equipping them with the knowledge, skills, and tools to participate in the green energy transition. We focus on education, innovation, and community-based solutions that reflect local values and environmental sustainability.\n\n      Our name carries a mission: to nurture future changemakers who are not only aware of climate challenges but are also capable of solving them—starting from their own villages. Through renewable energy, we build pathways toward a more inclusive, equitable, and sustainable future.');

DROP TABLE IF EXISTS `components_blocks_gawirea_labs_cmps`;
CREATE TABLE `components_blocks_gawirea_labs_cmps` (
  `id` int unsigned NOT NULL AUTO_INCREMENT,
  `entity_id` int unsigned DEFAULT NULL,
  `cmp_id` int unsigned DEFAULT NULL,
  `component_type` varchar(255) COLLATE utf8mb4_general_ci DEFAULT NULL,
  `field` varchar(255) COLLATE utf8mb4_general_ci DEFAULT NULL,
  `order` double unsigned DEFAULT NULL,
  PRIMARY KEY (`id`),
  UNIQUE KEY `components_blocks_gawirea_labs_uq` (`entity_id`,`cmp_id`,`field`,`component_type`),
  KEY `components_blocks_gawirea_labs_field_idx` (`field`),
  KEY `components_blocks_gawirea_labs_component_type_idx` (`component_type`),
  KEY `components_blocks_gawirea_labs_entity_fk` (`entity_id`),
  CONSTRAINT `components_blocks_gawirea_labs_entity_fk` FOREIGN KEY (`entity_id`) REFERENCES `components_blocks_gawirea_labs` (`id`) ON DELETE CASCADE
) ENGINE=InnoDB DEFAULT CHARSET=utf8mb4 COLLATE=utf8mb4_general_ci;

INSERT INTO `components_blocks_gawirea_labs_cmps` (`id`, `entity_id`, `cmp_id`, `component_type`, `field`, `order`) VALUES
(1,	1,	16,	'elements.program-card',	'card',	1),
(2,	1,	17,	'elements.program-card',	'card',	2),
(3,	1,	18,	'elements.program-card',	'card',	3),
(22,	5,	70,	'elements.program-card',	'card',	1),
(23,	5,	71,	'elements.program-card',	'card',	2),
(24,	5,	72,	'elements.program-card',	'card',	3);

DROP TABLE IF EXISTS `components_blocks_heading_blocks`;
CREATE TABLE `components_blocks_heading_blocks` (
  `id` int unsigned NOT NULL AUTO_INCREMENT,
  `heading` varchar(255) COLLATE utf8mb4_general_ci DEFAULT NULL,
  `link_id` varchar(255) COLLATE utf8mb4_general_ci DEFAULT NULL,
  `author` varchar(255) COLLATE utf8mb4_general_ci DEFAULT NULL,
  `categories` varchar(255) COLLATE utf8mb4_general_ci DEFAULT NULL,
  PRIMARY KEY (`id`)
) ENGINE=InnoDB DEFAULT CHARSET=utf8mb4 COLLATE=utf8mb4_general_ci;

INSERT INTO `components_blocks_heading_blocks` (`id`, `heading`, `link_id`, `author`, `categories`) VALUES
(1,	'Materials',	'materials',	NULL,	NULL),
(2,	'Design Considerations',	'considerations',	NULL,	NULL),
(3,	'Shaping Process',	'process',	NULL,	NULL),
(4,	'Customization & Artistic Touch',	'customization',	NULL,	NULL),
(5,	'Testing & Refinement',	'testing',	NULL,	NULL),
(31,	'Materials',	'materials',	NULL,	NULL),
(32,	'Design Considerations',	'considerations',	NULL,	NULL),
(33,	'Shaping Process',	'process',	NULL,	NULL),
(34,	'Customization & Artistic Touch',	'customization',	NULL,	NULL),
(35,	'Testing & Refinement',	'testing',	NULL,	NULL),
(36,	'Test Slug',	'materials',	'Naufal',	'Sinari Project'),
(40,	'See how GAWIREA is making a powerful impact on women across the globe',	'materials',	NULL,	NULL),
(41,	'See how GAWIREA is making a powerful impact on women across the globe',	'materials',	NULL,	NULL),
(44,	'Wani Yinio Sago House, Traditional Methods in Sago Processing',	'materials',	NULL,	NULL),
(45,	'Wani Yinio Sago House, Traditional Methods in Sago Processing',	'materials',	NULL,	NULL),
(46,	'Traditional Methods in Sago Processing',	'materials',	NULL,	NULL),
(47,	'Traditional Methods in Sago Processing',	'materials',	NULL,	NULL),
(48,	'Introduce to Wani Yinio Sago House, Traditional Methods in Sago Processing',	'materials',	NULL,	NULL),
(49,	'Introduce to Wani Yinio Sago House, Traditional Methods in Sago Processing',	'materials',	NULL,	NULL),
(60,	'Test Slug',	'materials',	'Naufal',	'Sinari Project');

DROP TABLE IF EXISTS `components_blocks_heading_with_description_blocks`;
CREATE TABLE `components_blocks_heading_with_description_blocks` (
  `id` int unsigned NOT NULL AUTO_INCREMENT,
  `headline` varchar(255) COLLATE utf8mb4_general_ci DEFAULT NULL,
  `description` longtext COLLATE utf8mb4_general_ci,
  PRIMARY KEY (`id`)
) ENGINE=InnoDB DEFAULT CHARSET=utf8mb4 COLLATE=utf8mb4_general_ci;

INSERT INTO `components_blocks_heading_with_description_blocks` (`id`, `headline`, `description`) VALUES
(1,	'GAWIREA Blog',	'Welcome to the GAWIREA Blog — a space where we share more than just updates. Here, you’ll find real stories from the field, reflections from our team, insights on clean energy, and the voices of women and youth who are shaping a more sustainable future.'),
(2,	'GAWIREA Blog',	'Welcome to the GAWIREA Blog — a space where we share more than just updates. Here, you’ll find real stories from the field, reflections from our team, insights on clean energy, and the voices of women and youth who are shaping a more sustainable future.'),
(3,	'See how GAWIREA is making a powerful impact on women across the globe',	'GAWIREA’s initiatives have brought real change to rural communities—providing access to clean energy technologies that improve daily life, enhance productivity, and support local economies. From solar-powered food tools to sustainable lighting, our programs are helping women lead the way in building a more resilient future'),
(4,	'See how GAWIREA is making a powerful impact on women across the globe',	'GAWIREA’s initiatives have brought real change to rural communities—providing access to clean energy technologies that improve daily life, enhance productivity, and support local economies. From solar-powered food tools to sustainable lighting, our programs are helping women lead the way in building a more resilient future');

DROP TABLE IF EXISTS `components_blocks_hero_section_1s`;
CREATE TABLE `components_blocks_hero_section_1s` (
  `id` int unsigned NOT NULL AUTO_INCREMENT,
  `heading` varchar(255) COLLATE utf8mb4_general_ci DEFAULT NULL,
  `description` longtext COLLATE utf8mb4_general_ci,
  `theme` varchar(255) COLLATE utf8mb4_general_ci DEFAULT NULL,
  PRIMARY KEY (`id`)
) ENGINE=InnoDB DEFAULT CHARSET=utf8mb4 COLLATE=utf8mb4_general_ci;

INSERT INTO `components_blocks_hero_section_1s` (`id`, `heading`, `description`, `theme`) VALUES
(1,	'Empowering Woman Through Renewable Energy Education',	'At GAWIREA, we believe in the power of education to transform lives and communities. Our mission is to equip women and youth in rural Indonesia with the skills and knowledge needed to harness renewable energy technologies for a sustainable future.',	'PRIMARY'),
(10,	'Empowering Woman Through Renewable Energy Education',	'At GAWIREA, we believe in the power of education to transform lives and communities. Our mission is to equip women and youth in rural Indonesia with the skills and knowledge needed to harness renewable energy technologies for a sustainable future.',	'PRIMARY');

DROP TABLE IF EXISTS `components_blocks_hero_section_1s_cmps`;
CREATE TABLE `components_blocks_hero_section_1s_cmps` (
  `id` int unsigned NOT NULL AUTO_INCREMENT,
  `entity_id` int unsigned DEFAULT NULL,
  `cmp_id` int unsigned DEFAULT NULL,
  `component_type` varchar(255) COLLATE utf8mb4_general_ci DEFAULT NULL,
  `field` varchar(255) COLLATE utf8mb4_general_ci DEFAULT NULL,
  `order` double unsigned DEFAULT NULL,
  PRIMARY KEY (`id`),
  UNIQUE KEY `components_blocks_hero_section_1s_uq` (`entity_id`,`cmp_id`,`field`,`component_type`),
  KEY `components_blocks_hero_section_1s_field_idx` (`field`),
  KEY `components_blocks_hero_section_1s_component_type_idx` (`component_type`),
  KEY `components_blocks_hero_section_1s_entity_fk` (`entity_id`),
  CONSTRAINT `components_blocks_hero_section_1s_entity_fk` FOREIGN KEY (`entity_id`) REFERENCES `components_blocks_hero_section_1s` (`id`) ON DELETE CASCADE
) ENGINE=InnoDB DEFAULT CHARSET=utf8mb4 COLLATE=utf8mb4_general_ci;

INSERT INTO `components_blocks_hero_section_1s_cmps` (`id`, `entity_id`, `cmp_id`, `component_type`, `field`, `order`) VALUES
(1,	1,	1,	'elements.link',	'cta',	NULL),
(5,	1,	3,	'elements.link',	'external',	NULL),
(34,	10,	24,	'elements.link',	'cta',	NULL),
(35,	10,	25,	'elements.link',	'external',	NULL);

DROP TABLE IF EXISTS `components_blocks_hero_section_2s`;
CREATE TABLE `components_blocks_hero_section_2s` (
  `id` int unsigned NOT NULL AUTO_INCREMENT,
  `heading` varchar(255) COLLATE utf8mb4_general_ci DEFAULT NULL,
  `description` longtext COLLATE utf8mb4_general_ci,
  PRIMARY KEY (`id`)
) ENGINE=InnoDB DEFAULT CHARSET=utf8mb4 COLLATE=utf8mb4_general_ci;

INSERT INTO `components_blocks_hero_section_2s` (`id`, `heading`, `description`) VALUES
(1,	'About',	'Find out more about gawirea below.'),
(14,	'About',	'Find out more about gawirea below.'),
(15,	'Our Program',	'Learn more about GAWIREA program'),
(27,	'Our Program',	'Learn more about GAWIREA program'),
(28,	'Impact',	'Learn more about GAWIREA impact'),
(31,	'Blog',	'Read all blog about GAWIREA below'),
(32,	'Blog',	'Read all blog about GAWIREA below'),
(33,	'Impact',	'Learn more about GAWIREA impact');

DROP TABLE IF EXISTS `components_blocks_impact_blocks`;
CREATE TABLE `components_blocks_impact_blocks` (
  `id` int unsigned NOT NULL AUTO_INCREMENT,
  `title` varchar(255) COLLATE utf8mb4_general_ci DEFAULT NULL,
  `description` longtext COLLATE utf8mb4_general_ci,
  `content` longtext COLLATE utf8mb4_general_ci,
  PRIMARY KEY (`id`)
) ENGINE=InnoDB DEFAULT CHARSET=utf8mb4 COLLATE=utf8mb4_general_ci;

INSERT INTO `components_blocks_impact_blocks` (`id`, `title`, `description`, `content`) VALUES
(1,	'GAWIREA Impact',	'Real Change. Powered by Women, Driven by Clean Energy.',	'      At GAWIREA, we believe that impact is not just about numbers—it’s about stories, people, and progress. Through our renewable energy education programs, grassroots initiatives, and collaborative innovations, we’ve helped women, youth, and entire communities take control of their futures. From remote villages now lit by solar power, to young women leading local energy solutions—our work is sparking real transformation.\n\n      This page is a reflection of that journey: the milestones we’ve reached, the lives we’ve touched, and the path ahead toward a more inclusive, sustainable world.'),
(3,	'GAWIREA Impact',	'Real Change. Powered by Women, Driven by Clean Energy.',	'      At GAWIREA, we believe that impact is not just about numbers—it’s about stories, people, and progress. Through our renewable energy education programs, grassroots initiatives, and collaborative innovations, we’ve helped women, youth, and entire communities take control of their futures. From remote villages now lit by solar power, to young women leading local energy solutions—our work is sparking real transformation.\n\n      This page is a reflection of that journey: the milestones we’ve reached, the lives we’ve touched, and the path ahead toward a more inclusive, sustainable world.');

DROP TABLE IF EXISTS `components_blocks_impact_blocks_cmps`;
CREATE TABLE `components_blocks_impact_blocks_cmps` (
  `id` int unsigned NOT NULL AUTO_INCREMENT,
  `entity_id` int unsigned DEFAULT NULL,
  `cmp_id` int unsigned DEFAULT NULL,
  `component_type` varchar(255) COLLATE utf8mb4_general_ci DEFAULT NULL,
  `field` varchar(255) COLLATE utf8mb4_general_ci DEFAULT NULL,
  `order` double unsigned DEFAULT NULL,
  PRIMARY KEY (`id`),
  UNIQUE KEY `components_blocks_impact_blocks_uq` (`entity_id`,`cmp_id`,`field`,`component_type`),
  KEY `components_blocks_impact_blocks_field_idx` (`field`),
  KEY `components_blocks_impact_blocks_component_type_idx` (`component_type`),
  KEY `components_blocks_impact_blocks_entity_fk` (`entity_id`),
  CONSTRAINT `components_blocks_impact_blocks_entity_fk` FOREIGN KEY (`entity_id`) REFERENCES `components_blocks_impact_blocks` (`id`) ON DELETE CASCADE
) ENGINE=InnoDB DEFAULT CHARSET=utf8mb4 COLLATE=utf8mb4_general_ci;


DROP TABLE IF EXISTS `components_blocks_info_blocks`;
CREATE TABLE `components_blocks_info_blocks` (
  `id` int unsigned NOT NULL AUTO_INCREMENT,
  `heading` varchar(255) COLLATE utf8mb4_general_ci DEFAULT NULL,
  `description` longtext COLLATE utf8mb4_general_ci,
  `headline_1` varchar(255) COLLATE utf8mb4_general_ci DEFAULT NULL,
  `content_1` longtext COLLATE utf8mb4_general_ci,
  `headline_2` varchar(255) COLLATE utf8mb4_general_ci DEFAULT NULL,
  `content_2` longtext COLLATE utf8mb4_general_ci,
  `headline_3` varchar(255) COLLATE utf8mb4_general_ci DEFAULT NULL,
  `content_3` longtext COLLATE utf8mb4_general_ci,
  PRIMARY KEY (`id`)
) ENGINE=InnoDB DEFAULT CHARSET=utf8mb4 COLLATE=utf8mb4_general_ci;

INSERT INTO `components_blocks_info_blocks` (`id`, `heading`, `description`, `headline_1`, `content_1`, `headline_2`, `content_2`, `headline_3`, `content_3`) VALUES
(9,	'Find Out More About GAWIREA Journey',	'Find out more about how gawirea has traveled over the years',	'What is GAWIREA?',	'      GAWIREA stands for Girls and Women in Renewable Energy Academy. It is more than just an initiative—it is a movement born from the belief that access to renewable energy and gender equality can transform entire communities.\n\n      GAWIREA empowers girls, women, and youth—especially in rural and underrepresented areas of Indonesia—by equipping them with the knowledge, skills, and tools to participate in the green energy transition. We focus on education, innovation, and community-based solutions that reflect local values and environmental sustainability.\n\n      Our name carries a mission: to nurture future changemakers who are not only aware of climate challenges but are also capable of solving them—starting from their own villages. Through renewable energy, we build pathways toward a more inclusive, equitable, and sustainable future.',	'When was GAWIREA established?',	'      GAWIREA was founded in 2021, during a time when global conversations about climate action were rising—but the voices of women and rural communities in Indonesia remained largely unheard.\n\n      What started as a small group of young changemakers who shared a vision for a greener and fairer future quickly evolved into a nationwide movement. Since then, GAWIREA has grown its presence across various regions, from the remote villages of Kalimantan to the heart of Papua Selatan.\n\n      Each year, our journey brings new challenges, new collaborators, and new stories of impact—but our core purpose remains the same: to ensure that every girl, every woman, and every young person has the opportunity to grow, lead, and create change through renewable energy.',	'What we do?',	'      At GAWIREA, we develop and implement programs that integrate renewable energy with community empowerment. Our work revolves around three core pillars:\n\nEducation & Capacity Building We organize training sessions, workshops, and awareness campaigns that teach communities about sustainable energy, climate change, and practical green solutions. We especially focus on engaging girls and young women, nurturing their leadership in the energy transition.\n\nTechnology for Community Resilience We co-create low-tech, sustainable energy solutions with local people. One example is our solar-powered sago grater in Papua Selatan—a simple innovation that has transformed how local women process food and sustain their livelihoods.\n\nYouth Development & Green Jobs Through initiatives like Movers4GreenJobs, we provide young people with the tools and knowledge to pursue careers in renewable energy. We introduce them to microgrids, solar installations, and other green technologies—making sure that the next generation is prepared to lead Indonesia toward a cleaner future.'),
(14,	'Find Out More About GAWIREA Journey',	'Find out more about how gawirea has traveled over the years',	'What is GAWIREA?',	'      GAWIREA stands for Girls and Women in Renewable Energy Academy. It is more than just an initiative—it is a movement born from the belief that access to renewable energy and gender equality can transform entire communities.\n\n      GAWIREA empowers girls, women, and youth—especially in rural and underrepresented areas of Indonesia—by equipping them with the knowledge, skills, and tools to participate in the green energy transition. We focus on education, innovation, and community-based solutions that reflect local values and environmental sustainability.\n\n      Our name carries a mission: to nurture future changemakers who are not only aware of climate challenges but are also capable of solving them—starting from their own villages. Through renewable energy, we build pathways toward a more inclusive, equitable, and sustainable future.',	'When was GAWIREA established?',	'      GAWIREA was founded in 2021, during a time when global conversations about climate action were rising—but the voices of women and rural communities in Indonesia remained largely unheard.\n\n      What started as a small group of young changemakers who shared a vision for a greener and fairer future quickly evolved into a nationwide movement. Since then, GAWIREA has grown its presence across various regions, from the remote villages of Kalimantan to the heart of Papua Selatan.\n\n      Each year, our journey brings new challenges, new collaborators, and new stories of impact—but our core purpose remains the same: to ensure that every girl, every woman, and every young person has the opportunity to grow, lead, and create change through renewable energy.',	'What we do?',	'      At GAWIREA, we develop and implement programs that integrate renewable energy with community empowerment. Our work revolves around three core pillars:\n\nEducation & Capacity Building We organize training sessions, workshops, and awareness campaigns that teach communities about sustainable energy, climate change, and practical green solutions. We especially focus on engaging girls and young women, nurturing their leadership in the energy transition.\n\nTechnology for Community Resilience We co-create low-tech, sustainable energy solutions with local people. One example is our solar-powered sago grater in Papua Selatan—a simple innovation that has transformed how local women process food and sustain their livelihoods.\n\nYouth Development & Green Jobs Through initiatives like Movers4GreenJobs, we provide young people with the tools and knowledge to pursue careers in renewable energy. We introduce them to microgrids, solar installations, and other green technologies—making sure that the next generation is prepared to lead Indonesia toward a cleaner future.');

DROP TABLE IF EXISTS `components_blocks_mojuk_blocks`;
CREATE TABLE `components_blocks_mojuk_blocks` (
  `id` int unsigned NOT NULL AUTO_INCREMENT,
  `title` varchar(255) COLLATE utf8mb4_general_ci DEFAULT NULL,
  `headline` longtext COLLATE utf8mb4_general_ci,
  `content` longtext COLLATE utf8mb4_general_ci,
  PRIMARY KEY (`id`)
) ENGINE=InnoDB DEFAULT CHARSET=utf8mb4 COLLATE=utf8mb4_general_ci;

INSERT INTO `components_blocks_mojuk_blocks` (`id`, `title`, `headline`, `content`) VALUES
(1,	'Mojuk',	'What is Mojuk?',	'      GAWIREA stands for Girls and Women in Renewable Energy Academy. It is more than just an initiative—it is a movement born from the belief that access to renewable energy and gender equality can transform entire communities.\n\n      GAWIREA empowers girls, women, and youth—especially in rural and underrepresented areas of Indonesia—by equipping them with the knowledge, skills, and tools to participate in the green energy transition. We focus on education, innovation, and community-based solutions that reflect local values and environmental sustainability.\n\n      Our name carries a mission: to nurture future changemakers who are not only aware of climate challenges but are also capable of solving them—starting from their own villages. Through renewable energy, we build pathways toward a more inclusive, equitable, and sustainable future.'),
(2,	'Mojuk',	'What is Mojuk?',	'      GAWIREA stands for Girls and Women in Renewable Energy Academy. It is more than just an initiative—it is a movement born from the belief that access to renewable energy and gender equality can transform entire communities.\n\n      GAWIREA empowers girls, women, and youth—especially in rural and underrepresented areas of Indonesia—by equipping them with the knowledge, skills, and tools to participate in the green energy transition. We focus on education, innovation, and community-based solutions that reflect local values and environmental sustainability.\n\n      Our name carries a mission: to nurture future changemakers who are not only aware of climate challenges but are also capable of solving them—starting from their own villages. Through renewable energy, we build pathways toward a more inclusive, equitable, and sustainable future.');

DROP TABLE IF EXISTS `components_blocks_mojuk_blocks_cmps`;
CREATE TABLE `components_blocks_mojuk_blocks_cmps` (
  `id` int unsigned NOT NULL AUTO_INCREMENT,
  `entity_id` int unsigned DEFAULT NULL,
  `cmp_id` int unsigned DEFAULT NULL,
  `component_type` varchar(255) COLLATE utf8mb4_general_ci DEFAULT NULL,
  `field` varchar(255) COLLATE utf8mb4_general_ci DEFAULT NULL,
  `order` double unsigned DEFAULT NULL,
  PRIMARY KEY (`id`),
  UNIQUE KEY `components_blocks_mojuk_blocks_uq` (`entity_id`,`cmp_id`,`field`,`component_type`),
  KEY `components_blocks_mojuk_blocks_field_idx` (`field`),
  KEY `components_blocks_mojuk_blocks_component_type_idx` (`component_type`),
  KEY `components_blocks_mojuk_blocks_entity_fk` (`entity_id`),
  CONSTRAINT `components_blocks_mojuk_blocks_entity_fk` FOREIGN KEY (`entity_id`) REFERENCES `components_blocks_mojuk_blocks` (`id`) ON DELETE CASCADE
) ENGINE=InnoDB DEFAULT CHARSET=utf8mb4 COLLATE=utf8mb4_general_ci;

INSERT INTO `components_blocks_mojuk_blocks_cmps` (`id`, `entity_id`, `cmp_id`, `component_type`, `field`, `order`) VALUES
(1,	1,	61,	'elements.program-card',	'card',	1),
(2,	1,	62,	'elements.program-card',	'card',	2),
(3,	1,	63,	'elements.program-card',	'card',	3),
(4,	2,	79,	'elements.program-card',	'card',	1),
(5,	2,	80,	'elements.program-card',	'card',	2),
(6,	2,	81,	'elements.program-card',	'card',	3);

DROP TABLE IF EXISTS `components_blocks_net_zero_heroes_blocks`;
CREATE TABLE `components_blocks_net_zero_heroes_blocks` (
  `id` int unsigned NOT NULL AUTO_INCREMENT,
  `title` varchar(255) COLLATE utf8mb4_general_ci DEFAULT NULL,
  `headline` longtext COLLATE utf8mb4_general_ci,
  `content` longtext COLLATE utf8mb4_general_ci,
  PRIMARY KEY (`id`)
) ENGINE=InnoDB DEFAULT CHARSET=utf8mb4 COLLATE=utf8mb4_general_ci;

INSERT INTO `components_blocks_net_zero_heroes_blocks` (`id`, `title`, `headline`, `content`) VALUES
(1,	'Net Zero Heroes',	'What is Net Zero Heroes?',	'      GAWIREA stands for Girls and Women in Renewable Energy Academy. It is more than just an initiative—it is a movement born from the belief that access to renewable energy and gender equality can transform entire communities.\n\n      GAWIREA empowers girls, women, and youth—especially in rural and underrepresented areas of Indonesia—by equipping them with the knowledge, skills, and tools to participate in the green energy transition. We focus on education, innovation, and community-based solutions that reflect local values and environmental sustainability.\n\n      Our name carries a mission: to nurture future changemakers who are not only aware of climate challenges but are also capable of solving them—starting from their own villages. Through renewable energy, we build pathways toward a more inclusive, equitable, and sustainable future.'),
(6,	'Net Zero Heroes',	'What is Net Zero Heroes?',	'      GAWIREA stands for Girls and Women in Renewable Energy Academy. It is more than just an initiative—it is a movement born from the belief that access to renewable energy and gender equality can transform entire communities.\n\n      GAWIREA empowers girls, women, and youth—especially in rural and underrepresented areas of Indonesia—by equipping them with the knowledge, skills, and tools to participate in the green energy transition. We focus on education, innovation, and community-based solutions that reflect local values and environmental sustainability.\n\n      Our name carries a mission: to nurture future changemakers who are not only aware of climate challenges but are also capable of solving them—starting from their own villages. Through renewable energy, we build pathways toward a more inclusive, equitable, and sustainable future.');

DROP TABLE IF EXISTS `components_blocks_net_zero_heroes_blocks_cmps`;
CREATE TABLE `components_blocks_net_zero_heroes_blocks_cmps` (
  `id` int unsigned NOT NULL AUTO_INCREMENT,
  `entity_id` int unsigned DEFAULT NULL,
  `cmp_id` int unsigned DEFAULT NULL,
  `component_type` varchar(255) COLLATE utf8mb4_general_ci DEFAULT NULL,
  `field` varchar(255) COLLATE utf8mb4_general_ci DEFAULT NULL,
  `order` double unsigned DEFAULT NULL,
  PRIMARY KEY (`id`),
  UNIQUE KEY `components_blocks_net_zero_heroes_blocks_uq` (`entity_id`,`cmp_id`,`field`,`component_type`),
  KEY `components_blocks_net_zero_heroes_blocks_field_idx` (`field`),
  KEY `components_blocks_net_zero_herod2392_component_type_idx` (`component_type`),
  KEY `components_blocks_net_zero_heroes_blocks_entity_fk` (`entity_id`),
  CONSTRAINT `components_blocks_net_zero_heroes_blocks_entity_fk` FOREIGN KEY (`entity_id`) REFERENCES `components_blocks_net_zero_heroes_blocks` (`id`) ON DELETE CASCADE
) ENGINE=InnoDB DEFAULT CHARSET=utf8mb4 COLLATE=utf8mb4_general_ci;

INSERT INTO `components_blocks_net_zero_heroes_blocks_cmps` (`id`, `entity_id`, `cmp_id`, `component_type`, `field`, `order`) VALUES
(1,	1,	7,	'elements.program-card',	'card',	1),
(2,	1,	8,	'elements.program-card',	'card',	2),
(3,	1,	9,	'elements.program-card',	'card',	3),
(28,	6,	67,	'elements.program-card',	'card',	1),
(29,	6,	68,	'elements.program-card',	'card',	2),
(30,	6,	69,	'elements.program-card',	'card',	3);

DROP TABLE IF EXISTS `components_blocks_paragraph_blocks`;
CREATE TABLE `components_blocks_paragraph_blocks` (
  `id` int unsigned NOT NULL AUTO_INCREMENT,
  `content` longtext COLLATE utf8mb4_general_ci,
  PRIMARY KEY (`id`)
) ENGINE=InnoDB DEFAULT CHARSET=utf8mb4 COLLATE=utf8mb4_general_ci;

INSERT INTO `components_blocks_paragraph_blocks` (`id`, `content`) VALUES
(1,	'It is a long established fact that a reader will be distracted by the readable content of a page when looking at its layout. The point of using Lorem Ipsum is that it has a more-or-less normal distribution of letters, as opposed to using \'Content here, content here\', making it look like readable English. Many desktop publishing packages and web page editors now use Lorem Ipsum as their default model text, and a search for \'lorem ipsum\' will uncover many web sites still in their infancy. Various versions have evolved over the years, sometimes by accident, sometimes on purpose (injected humour and the like).'),
(2,	'There are many variations of passages of Lorem Ipsum available, but the majority have suffered alteration in some form, by injected humour, or randomised words which don\'t look even slightly believable. If you are going to use a passage of Lorem Ipsum, you need to be sure there isn\'t anything embarrassing hidden in the middle of text. All the Lorem Ipsum generators on the Internet tend to repeat predefined chunks as necessary, making this the first true generator on the Internet. It uses a dictionary of over 200 Latin words, combined with a handful of model sentence structures, to generate Lorem Ipsum which looks reasonable. The generated Lorem Ipsum is therefore always free from repetition, injected humour, or non-characteristic words etc.'),
(13,	'It is a long established fact that a reader will be distracted by the readable content of a page when looking at its layout. The point of using Lorem Ipsum is that it has a more-or-less normal distribution of letters, as opposed to using \'Content here, content here\', making it look like readable English. Many desktop publishing packages and web page editors now use Lorem Ipsum as their default model text, and a search for \'lorem ipsum\' will uncover many web sites still in their infancy. Various versions have evolved over the years, sometimes by accident, sometimes on purpose (injected humour and the like).'),
(14,	'There are many variations of passages of Lorem Ipsum available, but the majority have suffered alteration in some form, by injected humour, or randomised words which don\'t look even slightly believable. If you are going to use a passage of Lorem Ipsum, you need to be sure there isn\'t anything embarrassing hidden in the middle of text. All the Lorem Ipsum generators on the Internet tend to repeat predefined chunks as necessary, making this the first true generator on the Internet. It uses a dictionary of over 200 Latin words, combined with a handful of model sentence structures, to generate Lorem Ipsum which looks reasonable. The generated Lorem Ipsum is therefore always free from repetition, injected humour, or non-characteristic words etc.');

DROP TABLE IF EXISTS `components_blocks_paragraph_with_image_blocks`;
CREATE TABLE `components_blocks_paragraph_with_image_blocks` (
  `id` int unsigned NOT NULL AUTO_INCREMENT,
  `content` longtext COLLATE utf8mb4_general_ci,
  `reversed` tinyint(1) DEFAULT NULL,
  `image_landscape` tinyint(1) DEFAULT NULL,
  PRIMARY KEY (`id`)
) ENGINE=InnoDB DEFAULT CHARSET=utf8mb4 COLLATE=utf8mb4_general_ci;

INSERT INTO `components_blocks_paragraph_with_image_blocks` (`id`, `content`, `reversed`, `image_landscape`) VALUES
(1,	'Lorem Ipsum is simply dummy text of the printing and typesetting industry. Lorem Ipsum has been the industry\'s standard dummy text ever since the 1500s, when an unknown printer took a galley of type and scrambled it to make a type specimen book. It has survived not only five centuries, but also the leap into electronic typesetting, remaining essentially unchanged. It was popularised in the 1960s with the release of Letraset sheets containing Lorem Ipsum passages, and more recently with desktop publishing software like Aldus PageMaker including versions of Lorem Ipsum.',	0,	1),
(2,	'Contrary to popular belief, Lorem Ipsum is not simply random text. It has roots in a piece of classical Latin literature from 45 BC, making it over 2000 years old. Richard McClintock, a Latin professor at Hampden-Sydney College in Virginia, looked up one of the more obscure Latin words, consectetur, from a Lorem Ipsum passage, and going through the cites of the word in classical literature, discovered the undoubtable source. Lorem Ipsum comes from sections 1.10.32 and 1.10.33 of \"de Finibus Bonorum et Malorum\" (The Extremes of Good and Evil) by Cicero, written in 45 BC. This book is a treatise on the theory of ethics, very popular during the Renaissance. The first line of Lorem Ipsum, \"Lorem ipsum dolor sit amet..\", comes from a line in section 1.10.32.\n\nThe standard chunk of Lorem Ipsum used since the 1500s is reproduced below for those interested. Sections 1.10.32 and 1.10.33 from \"de Finibus Bonorum et Malorum\" by Cicero are also reproduced in their exact original form, accompanied by English versions from the 1914 translation by H. Rackham.',	1,	0),
(3,	'\"Sed ut perspiciatis unde omnis iste natus error sit voluptatem accusantium doloremque laudantium, totam rem aperiam, eaque ipsa quae ab illo inventore veritatis et quasi architecto beatae vitae dicta sunt explicabo. Nemo enim ipsam voluptatem quia voluptas sit aspernatur aut odit aut fugit, sed quia consequuntur magni dolores eos qui ratione voluptatem sequi nesciunt. Neque porro quisquam est, qui dolorem ipsum quia dolor sit amet, consectetur, adipisci velit, sed quia non numquam eius modi tempora incidunt ut labore et dolore magnam aliquam quaerat voluptatem. Ut enim ad minima veniam, quis nostrum exercitationem ullam corporis suscipit laboriosam, nisi ut aliquid ex ea commodi consequatur? Quis autem vel eum iure reprehenderit qui in ea voluptate velit esse quam nihil molestiae consequatur, vel illum qui dolorem eum fugiat quo voluptas nulla pariatur?\"',	0,	1),
(19,	'Lorem Ipsum is simply dummy text of the printing and typesetting industry. Lorem Ipsum has been the industry\'s standard dummy text ever since the 1500s, when an unknown printer took a galley of type and scrambled it to make a type specimen book. It has survived not only five centuries, but also the leap into electronic typesetting, remaining essentially unchanged. It was popularised in the 1960s with the release of Letraset sheets containing Lorem Ipsum passages, and more recently with desktop publishing software like Aldus PageMaker including versions of Lorem Ipsum.',	0,	1),
(20,	'Contrary to popular belief, Lorem Ipsum is not simply random text. It has roots in a piece of classical Latin literature from 45 BC, making it over 2000 years old. Richard McClintock, a Latin professor at Hampden-Sydney College in Virginia, looked up one of the more obscure Latin words, consectetur, from a Lorem Ipsum passage, and going through the cites of the word in classical literature, discovered the undoubtable source. Lorem Ipsum comes from sections 1.10.32 and 1.10.33 of \"de Finibus Bonorum et Malorum\" (The Extremes of Good and Evil) by Cicero, written in 45 BC. This book is a treatise on the theory of ethics, very popular during the Renaissance. The first line of Lorem Ipsum, \"Lorem ipsum dolor sit amet..\", comes from a line in section 1.10.32.\n\nThe standard chunk of Lorem Ipsum used since the 1500s is reproduced below for those interested. Sections 1.10.32 and 1.10.33 from \"de Finibus Bonorum et Malorum\" by Cicero are also reproduced in their exact original form, accompanied by English versions from the 1914 translation by H. Rackham.',	1,	0),
(21,	'\"Sed ut perspiciatis unde omnis iste natus error sit voluptatem accusantium doloremque laudantium, totam rem aperiam, eaque ipsa quae ab illo inventore veritatis et quasi architecto beatae vitae dicta sunt explicabo. Nemo enim ipsam voluptatem quia voluptas sit aspernatur aut odit aut fugit, sed quia consequuntur magni dolores eos qui ratione voluptatem sequi nesciunt. Neque porro quisquam est, qui dolorem ipsum quia dolor sit amet, consectetur, adipisci velit, sed quia non numquam eius modi tempora incidunt ut labore et dolore magnam aliquam quaerat voluptatem. Ut enim ad minima veniam, quis nostrum exercitationem ullam corporis suscipit laboriosam, nisi ut aliquid ex ea commodi consequatur? Quis autem vel eum iure reprehenderit qui in ea voluptate velit esse quam nihil molestiae consequatur, vel illum qui dolorem eum fugiat quo voluptas nulla pariatur?\"',	0,	1),
(22,	'annyoeng',	0,	1),
(24,	'GAWIREA’s initiatives have brought real change to rural communities—providing access to clean energy technologies that improve daily life, enhance productivity, and support local economies. From solar-powered food tools to sustainable lighting, our programs are helping women lead the way in building a more resilient future',	0,	1),
(25,	'GAWIREA’s initiatives have brought real change to rural communities—providing access to clean energy technologies that improve daily life, enhance productivity, and support local economies. From solar-powered food tools to sustainable lighting, our programs are helping women lead the way in building a more resilient future',	0,	1),
(32,	'annyoeng',	0,	1);

DROP TABLE IF EXISTS `components_blocks_partner_blocks`;
CREATE TABLE `components_blocks_partner_blocks` (
  `id` int unsigned NOT NULL AUTO_INCREMENT,
  `heading` varchar(255) COLLATE utf8mb4_general_ci DEFAULT NULL,
  `description` longtext COLLATE utf8mb4_general_ci,
  PRIMARY KEY (`id`)
) ENGINE=InnoDB DEFAULT CHARSET=utf8mb4 COLLATE=utf8mb4_general_ci;

INSERT INTO `components_blocks_partner_blocks` (`id`, `heading`, `description`) VALUES
(1,	'Our Partners in Change',	'We believe that lasting impact is built through strong collaboration'),
(11,	'Our Partners in Change',	'We believe that lasting impact is built through strong collaboration');

DROP TABLE IF EXISTS `components_blocks_partner_blocks_cmps`;
CREATE TABLE `components_blocks_partner_blocks_cmps` (
  `id` int unsigned NOT NULL AUTO_INCREMENT,
  `entity_id` int unsigned DEFAULT NULL,
  `cmp_id` int unsigned DEFAULT NULL,
  `component_type` varchar(255) COLLATE utf8mb4_general_ci DEFAULT NULL,
  `field` varchar(255) COLLATE utf8mb4_general_ci DEFAULT NULL,
  `order` double unsigned DEFAULT NULL,
  PRIMARY KEY (`id`),
  UNIQUE KEY `components_blocks_partner_blocks_uq` (`entity_id`,`cmp_id`,`field`,`component_type`),
  KEY `components_blocks_partner_blocks_field_idx` (`field`),
  KEY `components_blocks_partner_blocks_component_type_idx` (`component_type`),
  KEY `components_blocks_partner_blocks_entity_fk` (`entity_id`),
  CONSTRAINT `components_blocks_partner_blocks_entity_fk` FOREIGN KEY (`entity_id`) REFERENCES `components_blocks_partner_blocks` (`id`) ON DELETE CASCADE
) ENGINE=InnoDB DEFAULT CHARSET=utf8mb4 COLLATE=utf8mb4_general_ci;

INSERT INTO `components_blocks_partner_blocks_cmps` (`id`, `entity_id`, `cmp_id`, `component_type`, `field`, `order`) VALUES
(1,	1,	1,	'elements.partner-card',	'Card1',	1),
(2,	1,	2,	'elements.partner-card',	'Card2',	5),
(3,	1,	3,	'elements.partner-card',	'Card3',	6),
(4,	1,	4,	'elements.partner-card',	'Card4',	7),
(5,	1,	5,	'elements.partner-card',	'Card5',	8),
(6,	1,	6,	'elements.partner-card',	'Card6',	9),
(7,	1,	7,	'elements.partner-card',	'Card7',	10),
(8,	1,	8,	'elements.partner-card',	'Card8',	11),
(9,	1,	9,	'elements.partner-card',	'Card9',	12),
(10,	1,	10,	'elements.partner-card',	'Card10',	13),
(11,	1,	11,	'elements.partner-card',	'Card11',	14),
(12,	1,	12,	'elements.partner-card',	'Card12',	15),
(13,	1,	14,	'elements.tab',	'tab3',	16),
(39,	1,	19,	'elements.tab',	'tab',	17),
(67,	1,	37,	'elements.partner-card',	'partners',	1),
(68,	1,	38,	'elements.partner-card',	'partners',	2),
(69,	1,	39,	'elements.partner-card',	'partners',	3),
(130,	11,	40,	'elements.tab',	'tab',	NULL),
(131,	11,	61,	'elements.partner-card',	'partners',	1),
(132,	11,	62,	'elements.partner-card',	'partners',	2),
(133,	11,	63,	'elements.partner-card',	'partners',	3);

DROP TABLE IF EXISTS `components_blocks_sinari_project_blocks`;
CREATE TABLE `components_blocks_sinari_project_blocks` (
  `id` int unsigned NOT NULL AUTO_INCREMENT,
  `title` varchar(255) COLLATE utf8mb4_general_ci DEFAULT NULL,
  `headline` longtext COLLATE utf8mb4_general_ci,
  `content` longtext COLLATE utf8mb4_general_ci,
  PRIMARY KEY (`id`)
) ENGINE=InnoDB DEFAULT CHARSET=utf8mb4 COLLATE=utf8mb4_general_ci;

INSERT INTO `components_blocks_sinari_project_blocks` (`id`, `title`, `headline`, `content`) VALUES
(1,	'Sinari Project',	'What is Sinari Project?',	'      GAWIREA stands for Girls and Women in Renewable Energy Academy. It is more than just an initiative—it is a movement born from the belief that access to renewable energy and gender equality can transform entire communities.\n\n      GAWIREA empowers girls, women, and youth—especially in rural and underrepresented areas of Indonesia—by equipping them with the knowledge, skills, and tools to participate in the green energy transition. We focus on education, innovation, and community-based solutions that reflect local values and environmental sustainability.\n\n      Our name carries a mission: to nurture future changemakers who are not only aware of climate challenges but are also capable of solving them—starting from their own villages. Through renewable energy, we build pathways toward a more inclusive, equitable, and sustainable future.'),
(3,	'Sinari Project',	'What is Sinari Project?',	'      GAWIREA stands for Girls and Women in Renewable Energy Academy. It is more than just an initiative—it is a movement born from the belief that access to renewable energy and gender equality can transform entire communities.\n\n      GAWIREA empowers girls, women, and youth—especially in rural and underrepresented areas of Indonesia—by equipping them with the knowledge, skills, and tools to participate in the green energy transition. We focus on education, innovation, and community-based solutions that reflect local values and environmental sustainability.\n\n      Our name carries a mission: to nurture future changemakers who are not only aware of climate challenges but are also capable of solving them—starting from their own villages. Through renewable energy, we build pathways toward a more inclusive, equitable, and sustainable future.');

DROP TABLE IF EXISTS `components_blocks_sinari_project_blocks_cmps`;
CREATE TABLE `components_blocks_sinari_project_blocks_cmps` (
  `id` int unsigned NOT NULL AUTO_INCREMENT,
  `entity_id` int unsigned DEFAULT NULL,
  `cmp_id` int unsigned DEFAULT NULL,
  `component_type` varchar(255) COLLATE utf8mb4_general_ci DEFAULT NULL,
  `field` varchar(255) COLLATE utf8mb4_general_ci DEFAULT NULL,
  `order` double unsigned DEFAULT NULL,
  PRIMARY KEY (`id`),
  UNIQUE KEY `components_blocks_sinari_project_blocks_uq` (`entity_id`,`cmp_id`,`field`,`component_type`),
  KEY `components_blocks_sinari_project_blocks_field_idx` (`field`),
  KEY `components_blocks_sinari_projecb28a5_component_type_idx` (`component_type`),
  KEY `components_blocks_sinari_project_blocks_entity_fk` (`entity_id`),
  CONSTRAINT `components_blocks_sinari_project_blocks_entity_fk` FOREIGN KEY (`entity_id`) REFERENCES `components_blocks_sinari_project_blocks` (`id`) ON DELETE CASCADE
) ENGINE=InnoDB DEFAULT CHARSET=utf8mb4 COLLATE=utf8mb4_general_ci;

INSERT INTO `components_blocks_sinari_project_blocks_cmps` (`id`, `entity_id`, `cmp_id`, `component_type`, `field`, `order`) VALUES
(1,	1,	43,	'elements.program-card',	'card',	1),
(2,	1,	44,	'elements.program-card',	'card',	2),
(3,	1,	45,	'elements.program-card',	'card',	3),
(10,	3,	76,	'elements.program-card',	'card',	1),
(11,	3,	77,	'elements.program-card',	'card',	2),
(12,	3,	78,	'elements.program-card',	'card',	3);

DROP TABLE IF EXISTS `components_blocks_solar_sister_blocks`;
CREATE TABLE `components_blocks_solar_sister_blocks` (
  `id` int unsigned NOT NULL AUTO_INCREMENT,
  `title` varchar(255) COLLATE utf8mb4_general_ci DEFAULT NULL,
  `headline` longtext COLLATE utf8mb4_general_ci,
  `content` longtext COLLATE utf8mb4_general_ci,
  PRIMARY KEY (`id`)
) ENGINE=InnoDB DEFAULT CHARSET=utf8mb4 COLLATE=utf8mb4_general_ci;

INSERT INTO `components_blocks_solar_sister_blocks` (`id`, `title`, `headline`, `content`) VALUES
(1,	'Solar Sister',	'What is Solar Sister?',	'      GAWIREA stands for Girls and Women in Renewable Energy Academy. It is more than just an initiative—it is a movement born from the belief that access to renewable energy and gender equality can transform entire communities. \n\n      GAWIREA empowers girls, women, and youth—especially in rural and underrepresented areas of Indonesia—by equipping them with the knowledge, skills, and tools to participate in the green energy transition. We focus on education, innovation, and community-based solutions that reflect local values and environmental sustainability.\n\n      Our name carries a mission: to nurture future changemakers who are not only aware of climate challenges but are also capable of solving them—starting from their own villages. Through renewable energy, we build pathways toward a more inclusive, equitable, and sustainable future.'),
(7,	'Solar Sister',	'What is Solar Sister?',	'      GAWIREA stands for Girls and Women in Renewable Energy Academy. It is more than just an initiative—it is a movement born from the belief that access to renewable energy and gender equality can transform entire communities. \n\n      GAWIREA empowers girls, women, and youth—especially in rural and underrepresented areas of Indonesia—by equipping them with the knowledge, skills, and tools to participate in the green energy transition. We focus on education, innovation, and community-based solutions that reflect local values and environmental sustainability.\n\n      Our name carries a mission: to nurture future changemakers who are not only aware of climate challenges but are also capable of solving them—starting from their own villages. Through renewable energy, we build pathways toward a more inclusive, equitable, and sustainable future.');

DROP TABLE IF EXISTS `components_blocks_solar_sister_blocks_cmps`;
CREATE TABLE `components_blocks_solar_sister_blocks_cmps` (
  `id` int unsigned NOT NULL AUTO_INCREMENT,
  `entity_id` int unsigned DEFAULT NULL,
  `cmp_id` int unsigned DEFAULT NULL,
  `component_type` varchar(255) COLLATE utf8mb4_general_ci DEFAULT NULL,
  `field` varchar(255) COLLATE utf8mb4_general_ci DEFAULT NULL,
  `order` double unsigned DEFAULT NULL,
  PRIMARY KEY (`id`),
  UNIQUE KEY `components_blocks_solar_sister_blocks_uq` (`entity_id`,`cmp_id`,`field`,`component_type`),
  KEY `components_blocks_solar_sister_blocks_field_idx` (`field`),
  KEY `components_blocks_solar_sister_988d6_component_type_idx` (`component_type`),
  KEY `components_blocks_solar_sister_blocks_entity_fk` (`entity_id`),
  CONSTRAINT `components_blocks_solar_sister_blocks_entity_fk` FOREIGN KEY (`entity_id`) REFERENCES `components_blocks_solar_sister_blocks` (`id`) ON DELETE CASCADE
) ENGINE=InnoDB DEFAULT CHARSET=utf8mb4 COLLATE=utf8mb4_general_ci;

INSERT INTO `components_blocks_solar_sister_blocks_cmps` (`id`, `entity_id`, `cmp_id`, `component_type`, `field`, `order`) VALUES
(1,	1,	2,	'elements.program-card',	'card',	1),
(2,	1,	1,	'elements.program-card',	'card',	2),
(3,	1,	3,	'elements.program-card',	'card',	3),
(36,	7,	64,	'elements.program-card',	'card',	1),
(37,	7,	65,	'elements.program-card',	'card',	2),
(38,	7,	66,	'elements.program-card',	'card',	3);

DROP TABLE IF EXISTS `components_blocks_team_blocks`;
CREATE TABLE `components_blocks_team_blocks` (
  `id` int unsigned NOT NULL AUTO_INCREMENT,
  `heading` varchar(255) COLLATE utf8mb4_general_ci DEFAULT NULL,
  `description` longtext COLLATE utf8mb4_general_ci,
  PRIMARY KEY (`id`)
) ENGINE=InnoDB DEFAULT CHARSET=utf8mb4 COLLATE=utf8mb4_general_ci;

INSERT INTO `components_blocks_team_blocks` (`id`, `heading`, `description`) VALUES
(1,	'Meet the team that built GAWIREA',	'Here is our team that has been building gawirea for many years.'),
(12,	'Meet the team that built GAWIREA',	'Here is our team that has been building gawirea for many years.');

DROP TABLE IF EXISTS `components_blocks_team_blocks_cmps`;
CREATE TABLE `components_blocks_team_blocks_cmps` (
  `id` int unsigned NOT NULL AUTO_INCREMENT,
  `entity_id` int unsigned DEFAULT NULL,
  `cmp_id` int unsigned DEFAULT NULL,
  `component_type` varchar(255) COLLATE utf8mb4_general_ci DEFAULT NULL,
  `field` varchar(255) COLLATE utf8mb4_general_ci DEFAULT NULL,
  `order` double unsigned DEFAULT NULL,
  PRIMARY KEY (`id`),
  UNIQUE KEY `components_blocks_team_blocks_uq` (`entity_id`,`cmp_id`,`field`,`component_type`),
  KEY `components_blocks_team_blocks_field_idx` (`field`),
  KEY `components_blocks_team_blocks_component_type_idx` (`component_type`),
  KEY `components_blocks_team_blocks_entity_fk` (`entity_id`),
  CONSTRAINT `components_blocks_team_blocks_entity_fk` FOREIGN KEY (`entity_id`) REFERENCES `components_blocks_team_blocks` (`id`) ON DELETE CASCADE
) ENGINE=InnoDB DEFAULT CHARSET=utf8mb4 COLLATE=utf8mb4_general_ci;

INSERT INTO `components_blocks_team_blocks_cmps` (`id`, `entity_id`, `cmp_id`, `component_type`, `field`, `order`) VALUES
(1,	1,	9,	'elements.tab',	'tab',	1),
(8,	1,	10,	'elements.tab',	'tab2',	5),
(57,	1,	25,	'elements.team-card',	'team_members',	1),
(58,	1,	26,	'elements.team-card',	'team_members',	2),
(59,	1,	27,	'elements.team-card',	'team_members',	3),
(120,	12,	39,	'elements.tab',	'tab',	NULL),
(121,	12,	49,	'elements.team-card',	'team_members',	1),
(122,	12,	50,	'elements.team-card',	'team_members',	2),
(123,	12,	51,	'elements.team-card',	'team_members',	3);

DROP TABLE IF EXISTS `components_elements_links`;
CREATE TABLE `components_elements_links` (
  `id` int unsigned NOT NULL AUTO_INCREMENT,
  `text` varchar(255) COLLATE utf8mb4_general_ci DEFAULT NULL,
  `href` varchar(255) COLLATE utf8mb4_general_ci DEFAULT NULL,
  `is_external` tinyint(1) DEFAULT NULL,
  `is_button_link` tinyint(1) DEFAULT NULL,
  PRIMARY KEY (`id`)
) ENGINE=InnoDB DEFAULT CHARSET=utf8mb4 COLLATE=utf8mb4_general_ci;

INSERT INTO `components_elements_links` (`id`, `text`, `href`, `is_external`, `is_button_link`) VALUES
(1,	'Explore Our Program',	'/program',	0,	1),
(3,	'Support Our Mission',	'https://gawirea.com/',	1,	0),
(24,	'Explore Our Program',	'/program',	0,	1),
(25,	'Support Our Mission',	'https://gawirea.com/',	1,	0),
(26,	'Read More',	'/partner/detail',	0,	1),
(27,	'Read More',	'/partner/detail',	0,	1),
(28,	'Read More',	'/partner/detail',	0,	1),
(29,	'Read More',	'/partner/detail',	0,	1),
(30,	'Read More',	'/partner/detail',	0,	1),
(31,	'Read More',	'/partner/detail',	0,	1),
(32,	'Read More',	'/partner/detail',	0,	1),
(33,	'Read More',	'/partner/detail',	0,	1),
(34,	'Read More',	'/partner/detail',	0,	1),
(35,	'Read More',	'/partner/detail',	0,	1),
(36,	'Read More',	'/partner/detail',	0,	1),
(37,	'Read More',	'/partner/detail',	0,	1),
(50,	'Read More',	'/partner/detail',	0,	1),
(51,	'Read More',	'/partner/detail',	0,	1),
(52,	'Read More',	'/partner/detail',	0,	1),
(53,	'Read More',	'/partner/detail',	0,	1),
(54,	'Read More',	'/partner/detail',	0,	1),
(55,	'Read More',	'/partner/detail',	0,	1),
(56,	'Read More',	'/partner/detail',	0,	1),
(57,	'Read More',	'/partner/detail',	0,	1),
(58,	'Read More',	'/partner/detail',	0,	1),
(59,	'Read More',	'/partner/detail',	0,	1),
(60,	'Read More',	'/partner/detail',	0,	1),
(61,	'Read More',	'/partner/detail',	0,	1),
(62,	'Read More',	'/about/partner/detail',	0,	1),
(63,	'Read More',	'/about/partner/detail',	0,	0),
(64,	'Read More',	'/about/partner/detail',	0,	1),
(86,	'Read More',	'/about/partner/detail',	0,	1),
(87,	'Read More',	'/about/partner/detail',	0,	0),
(88,	'Read More',	'/about/partner/detail',	0,	1),
(91,	'Read More',	'/detail',	0,	1),
(92,	'Read More',	'/detail',	0,	1),
(93,	'Read More',	'/detail',	0,	1),
(97,	'Read More',	'/detail',	0,	1),
(98,	'Read More',	'/detail',	0,	1),
(99,	'Read More',	'/detail',	0,	1),
(106,	'Read More',	'/detail',	0,	1),
(107,	'Read More',	'/detail',	0,	1),
(108,	'Read More',	'/detail',	0,	1),
(118,	'Read More',	'/detail',	0,	1),
(119,	'Read More',	'/detail',	0,	1),
(120,	'Read More',	'/detail',	0,	1),
(133,	'Read More',	'/detail',	0,	1),
(134,	'Read More',	'/detail',	0,	1),
(135,	'Read More',	'/detail',	0,	1),
(151,	'Read More',	'/detail',	0,	1),
(152,	'Read More',	'/detail',	0,	1),
(153,	'Read More',	'/detail',	0,	1),
(154,	'Read More',	'/detail',	0,	1),
(155,	'Read More',	'/detail',	0,	1),
(156,	'Read More',	'/detail',	0,	1),
(157,	'Read More',	'/detail',	0,	1),
(158,	'Read More',	'/detail',	0,	1),
(159,	'Read More',	'/detail',	0,	1),
(160,	'Read More',	'/detail',	0,	1),
(161,	'Read More',	'/detail',	0,	1),
(162,	'Read More',	'/detail',	0,	1),
(163,	'Read More',	'/detail',	0,	1),
(164,	'Read More',	'/detail',	0,	1),
(165,	'Read More',	'/detail',	0,	1),
(166,	'Read More',	'/detail',	0,	1),
(167,	'Read More',	'/detail',	0,	1),
(168,	'Read More',	'/detail',	0,	1),
(169,	'Read More',	'/detail',	0,	1),
(170,	'Read More',	'/detail',	0,	1),
(171,	'Read More',	'/detail',	0,	1),
(178,	'Read More',	'/blog/{slug}',	0,	1),
(180,	'Read More',	'/blog/{slug}',	0,	1),
(186,	'Read More',	'/impact/{slug}',	0,	1),
(188,	'Read More',	'/impact/{slug}',	0,	1),
(190,	'Read More',	'/impact/{slug}',	0,	1),
(195,	'Read More',	'/program/{slug}',	0,	1),
(199,	'Read More',	'/blog/{slug}',	0,	1),
(201,	'Read More',	'/program/{slug}',	0,	1),
(203,	'Read More',	'/program/{slug}',	0,	1),
(207,	'Read More',	'/blog/{slug}',	0,	1),
(208,	'Read More',	'/blog/{slug}',	0,	1),
(209,	'Read More',	'/blog/{slug}',	0,	1),
(222,	'Read More',	'/impact/{slug}',	0,	1),
(223,	'Read More',	'/impact/{slug}',	0,	1),
(225,	'Read More',	'/program/{slug}',	0,	1),
(226,	'Read More',	'/program/{slug}',	0,	1),
(227,	'Read More',	'/program/{slug}',	0,	1),
(233,	'Read More',	'/impact/{slug}',	0,	1);

DROP TABLE IF EXISTS `components_elements_partner_cards`;
CREATE TABLE `components_elements_partner_cards` (
  `id` int unsigned NOT NULL AUTO_INCREMENT,
  `partner_name` longtext COLLATE utf8mb4_general_ci,
  `partner_description` longtext COLLATE utf8mb4_general_ci,
  PRIMARY KEY (`id`)
) ENGINE=InnoDB DEFAULT CHARSET=utf8mb4 COLLATE=utf8mb4_general_ci;

INSERT INTO `components_elements_partner_cards` (`id`, `partner_name`, `partner_description`) VALUES
(1,	'Solunergy',	'Solunergy is a renewable energy startup based in Jakarta, focused on delivering affordable solar technology to rural Indonesia. '),
(2,	'EduTech Nusantara',	'EduTech Nusantara specializes in developing accessible educational platforms.'),
(3,	'PT Lestari Energi Hijau',	'PT Lestari Energi Hijau supports GAWIREA through funding, infrastructure, and policy advocacy. '),
(4,	'Sahabat Alam Foundation',	'A community-based environmental NGO, Sahabat Alam Foundation works closely with GAWIREA to identify and co-design energy solutions that match local needs.'),
(5,	'Sahabat Alam Foundation',	'A community-based environmental NGO, Sahabat Alam Foundation works closely with GAWIREA to identify and co-design energy solutions that match local needs.'),
(6,	'Solunergy',	'Solunergy is a renewable energy startup based in Jakarta, focused on delivering affordable solar technology to rural Indonesia. '),
(7,	'EduTech Nusantara',	'EduTech Nusantara specializes in developing accessible educational platforms.'),
(8,	'PT Lestari Energi Hijau',	'PT Lestari Energi Hijau supports GAWIREA through funding, infrastructure, and policy advocacy. '),
(9,	'PT Lestari Energi Hijau',	'PT Lestari Energi Hijau supports GAWIREA through funding, infrastructure, and policy advocacy. '),
(10,	'Sahabat Alam Foundation',	'A community-based environmental NGO, Sahabat Alam Foundation works closely with GAWIREA to identify and co-design energy solutions that match local needs.'),
(11,	'Solunergy',	'Solunergy is a renewable energy startup based in Jakarta, focused on delivering affordable solar technology to rural Indonesia. '),
(12,	'EduTech Nusantara',	'EduTech Nusantara specializes in developing accessible educational platforms.'),
(25,	'Solunergy',	'Solunergy is a renewable energy startup based in Jakarta, focused on delivering affordable solar technology to rural Indonesia. '),
(26,	'EduTech Nusantara',	'EduTech Nusantara specializes in developing accessible educational platforms.'),
(27,	'PT Lestari Energi Hijau',	'PT Lestari Energi Hijau supports GAWIREA through funding, infrastructure, and policy advocacy. '),
(28,	'Sahabat Alam Foundation',	'A community-based environmental NGO, Sahabat Alam Foundation works closely with GAWIREA to identify and co-design energy solutions that match local needs.'),
(29,	'Sahabat Alam Foundation',	'A community-based environmental NGO, Sahabat Alam Foundation works closely with GAWIREA to identify and co-design energy solutions that match local needs.'),
(30,	'Solunergy',	'Solunergy is a renewable energy startup based in Jakarta, focused on delivering affordable solar technology to rural Indonesia. '),
(31,	'EduTech Nusantara',	'EduTech Nusantara specializes in developing accessible educational platforms.'),
(32,	'PT Lestari Energi Hijau',	'PT Lestari Energi Hijau supports GAWIREA through funding, infrastructure, and policy advocacy. '),
(33,	'PT Lestari Energi Hijau',	'PT Lestari Energi Hijau supports GAWIREA through funding, infrastructure, and policy advocacy. '),
(34,	'Sahabat Alam Foundation',	'A community-based environmental NGO, Sahabat Alam Foundation works closely with GAWIREA to identify and co-design energy solutions that match local needs.'),
(35,	'Solunergy',	'Solunergy is a renewable energy startup based in Jakarta, focused on delivering affordable solar technology to rural Indonesia. '),
(36,	'EduTech Nusantara',	'EduTech Nusantara specializes in developing accessible educational platforms.'),
(37,	'Solunergy',	'Solunergy is a renewable energy startup based in Jakarta, focused on delivering affordable solar technology to rural Indonesia. '),
(38,	'EduTech Nusantara',	'EduTech Nusantara specializes in developing accessible educational platforms.'),
(39,	'PT Lestari Energi Hijau',	'PT Lestari Energi Hijau supports GAWIREA through funding, infrastructure, and policy advocacy. '),
(61,	'Solunergy',	'Solunergy is a renewable energy startup based in Jakarta, focused on delivering affordable solar technology to rural Indonesia. '),
(62,	'EduTech Nusantara',	'EduTech Nusantara specializes in developing accessible educational platforms.'),
(63,	'PT Lestari Energi Hijau',	'PT Lestari Energi Hijau supports GAWIREA through funding, infrastructure, and policy advocacy. ');

DROP TABLE IF EXISTS `components_elements_partner_cards_cmps`;
CREATE TABLE `components_elements_partner_cards_cmps` (
  `id` int unsigned NOT NULL AUTO_INCREMENT,
  `entity_id` int unsigned DEFAULT NULL,
  `cmp_id` int unsigned DEFAULT NULL,
  `component_type` varchar(255) COLLATE utf8mb4_general_ci DEFAULT NULL,
  `field` varchar(255) COLLATE utf8mb4_general_ci DEFAULT NULL,
  `order` double unsigned DEFAULT NULL,
  PRIMARY KEY (`id`),
  UNIQUE KEY `components_elements_partner_cards_uq` (`entity_id`,`cmp_id`,`field`,`component_type`),
  KEY `components_elements_partner_cards_field_idx` (`field`),
  KEY `components_elements_partner_cards_component_type_idx` (`component_type`),
  KEY `components_elements_partner_cards_entity_fk` (`entity_id`),
  CONSTRAINT `components_elements_partner_cards_entity_fk` FOREIGN KEY (`entity_id`) REFERENCES `components_elements_partner_cards` (`id`) ON DELETE CASCADE
) ENGINE=InnoDB DEFAULT CHARSET=utf8mb4 COLLATE=utf8mb4_general_ci;

INSERT INTO `components_elements_partner_cards_cmps` (`id`, `entity_id`, `cmp_id`, `component_type`, `field`, `order`) VALUES
(1,	1,	26,	'elements.link',	'cta',	NULL),
(2,	2,	27,	'elements.link',	'cta',	NULL),
(3,	3,	28,	'elements.link',	'cta',	NULL),
(4,	4,	29,	'elements.link',	'cta',	NULL),
(5,	5,	30,	'elements.link',	'cta',	NULL),
(6,	6,	31,	'elements.link',	'cta',	NULL),
(7,	7,	32,	'elements.link',	'cta',	NULL),
(8,	8,	33,	'elements.link',	'cta',	NULL),
(9,	9,	34,	'elements.link',	'cta',	NULL),
(10,	10,	35,	'elements.link',	'cta',	NULL),
(11,	11,	36,	'elements.link',	'cta',	NULL),
(12,	12,	37,	'elements.link',	'cta',	NULL),
(37,	25,	50,	'elements.link',	'cta',	NULL),
(38,	26,	51,	'elements.link',	'cta',	NULL),
(39,	27,	52,	'elements.link',	'cta',	NULL),
(40,	28,	53,	'elements.link',	'cta',	NULL),
(41,	29,	54,	'elements.link',	'cta',	NULL),
(42,	30,	55,	'elements.link',	'cta',	NULL),
(43,	31,	56,	'elements.link',	'cta',	NULL),
(44,	32,	57,	'elements.link',	'cta',	NULL),
(45,	33,	58,	'elements.link',	'cta',	NULL),
(46,	34,	59,	'elements.link',	'cta',	NULL),
(47,	35,	60,	'elements.link',	'cta',	NULL),
(48,	36,	61,	'elements.link',	'cta',	NULL),
(61,	37,	62,	'elements.link',	'cta',	NULL),
(62,	38,	63,	'elements.link',	'cta',	NULL),
(63,	39,	64,	'elements.link',	'cta',	NULL),
(109,	61,	86,	'elements.link',	'cta',	NULL),
(110,	62,	87,	'elements.link',	'cta',	NULL),
(111,	63,	88,	'elements.link',	'cta',	NULL);

DROP TABLE IF EXISTS `components_elements_program_cards`;
CREATE TABLE `components_elements_program_cards` (
  `id` int unsigned NOT NULL AUTO_INCREMENT,
  `title` longtext COLLATE utf8mb4_general_ci,
  `content` longtext COLLATE utf8mb4_general_ci,
  `categories` varchar(255) COLLATE utf8mb4_general_ci DEFAULT NULL,
  `date` date DEFAULT NULL,
  PRIMARY KEY (`id`)
) ENGINE=InnoDB DEFAULT CHARSET=utf8mb4 COLLATE=utf8mb4_general_ci;

INSERT INTO `components_elements_program_cards` (`id`, `title`, `content`, `categories`, `date`) VALUES
(1,	'Introduce to Wani Yinio Sago House, Traditional Methods in Sago Processing',	'Wani Yinio Sago is a traditional expression rooted in the culture of eastern Indonesia, particularly in the Papua region. This phrase, often heard in community gatherings and cultural events, carries a deep meaning: \"Let us stand together\" or \"We rise as one.\" It reflects the spirit of solidarity, bravery, and communal strength among local people.',	'Solar Sister',	'2025-01-26'),
(2,	'Introduce to Wani Yinio Sago House, Traditional Methods in Sago Processing',	'Wani Yinio Sago is a traditional expression rooted in the culture of eastern Indonesia, particularly in the Papua region. This phrase, often heard in community gatherings and cultural events, carries a deep meaning: \"Let us stand together\" or \"We rise as one.\" It reflects the spirit of solidarity, bravery, and communal strength among local people.',	'Solar Sister',	'2025-01-25'),
(3,	'Introduce to Wani Yinio Sago House, Traditional Methods in Sago Processing',	'Wani Yinio Sago is a traditional expression rooted in the culture of eastern Indonesia, particularly in the Papua region. This phrase, often heard in community gatherings and cultural events, carries a deep meaning: \"Let us stand together\" or \"We rise as one.\" It reflects the spirit of solidarity, bravery, and communal strength among local people.',	'Solar Sister',	'2025-01-27'),
(7,	'Introduce to Wani Yinio Sago House, Traditional Methods in Sago Processing',	'Wani Yinio Sago is a traditional expression rooted in the culture of eastern Indonesia, particularly in the Papua region. This phrase, often heard in community gatherings and cultural events, carries a deep meaning: \"Let us stand together\" or \"We rise as one.\" It reflects the spirit of solidarity, bravery, and communal strength among local people.',	'Net Zero Heroes',	'2025-06-16'),
(8,	'Introduce to Wani Yinio Sago House, Traditional Methods in Sago Processing',	'Wani Yinio Sago is a traditional expression rooted in the culture of eastern Indonesia, particularly in the Papua region. This phrase, often heard in community gatherings and cultural events, carries a deep meaning: \"Let us stand together\" or \"We rise as one.\" It reflects the spirit of solidarity, bravery, and communal strength among local people.',	'Net Zero Heroes',	'2025-06-17'),
(9,	'Introduce to Wani Yinio Sago House, Traditional Methods in Sago Processing',	'Wani Yinio Sago is a traditional expression rooted in the culture of eastern Indonesia, particularly in the Papua region. This phrase, often heard in community gatherings and cultural events, carries a deep meaning: \"Let us stand together\" or \"We rise as one.\" It reflects the spirit of solidarity, bravery, and communal strength among local people.',	'Net Zero Heroes',	'2025-06-18'),
(16,	'Introduce to Wani Yinio Sago House, Traditional Methods in Sago Processing',	'Wani Yinio Sago is a traditional expression rooted in the culture of eastern Indonesia, particularly in the Papua region. This phrase, often heard in community gatherings and cultural events, carries a deep meaning: \"Let us stand together\" or \"We rise as one.\" It reflects the spirit of solidarity, bravery, and communal strength among local people.',	'GAWIREA Lab',	'2025-06-02'),
(17,	'Introduce to Wani Yinio Sago House, Traditional Methods in Sago Processing',	'Wani Yinio Sago is a traditional expression rooted in the culture of eastern Indonesia, particularly in the Papua region. This phrase, often heard in community gatherings and cultural events, carries a deep meaning: \"Let us stand together\" or \"We rise as one.\" It reflects the spirit of solidarity, bravery, and communal strength among local people.',	'GAWIREA Lab',	'2025-06-03'),
(18,	'Introduce to Wani Yinio Sago House, Traditional Methods in Sago Processing',	'Wani Yinio Sago is a traditional expression rooted in the culture of eastern Indonesia, particularly in the Papua region. This phrase, often heard in community gatherings and cultural events, carries a deep meaning: \"Let us stand together\" or \"We rise as one.\" It reflects the spirit of solidarity, bravery, and communal strength among local people.',	'GAWIREA Lab',	'2025-06-04'),
(28,	'Introduce to Wani Yinio Sago House, Traditional Methods in Sago Processing',	'Wani Yinio Sago is a traditional expression rooted in the culture of eastern Indonesia, particularly in the Papua region. This phrase, often heard in community gatherings and cultural events, carries a deep meaning: \"Let us stand together\" or \"We rise as one.\" It reflects the spirit of solidarity, bravery, and communal strength among local people.',	'GAWIREA Edu-hub',	'2025-05-15'),
(29,	'Introduce to Wani Yinio Sago House, Traditional Methods in Sago Processing',	'Wani Yinio Sago is a traditional expression rooted in the culture of eastern Indonesia, particularly in the Papua region. This phrase, often heard in community gatherings and cultural events, carries a deep meaning: \"Let us stand together\" or \"We rise as one.\" It reflects the spirit of solidarity, bravery, and communal strength among local people.',	'GAWIREA Edu-hub',	'2025-05-20'),
(30,	'Introduce to Wani Yinio Sago House, Traditional Methods in Sago Processing',	'Wani Yinio Sago is a traditional expression rooted in the culture of eastern Indonesia, particularly in the Papua region. This phrase, often heard in community gatherings and cultural events, carries a deep meaning: \"Let us stand together\" or \"We rise as one.\" It reflects the spirit of solidarity, bravery, and communal strength among local people.',	'GAWIREA Edu-hub',	'2025-05-29'),
(43,	'Introduce to Wani Yinio Sago House, Traditional Methods in Sago Processing',	'Wani Yinio Sago is a traditional expression rooted in the culture of eastern Indonesia, particularly in the Papua region. This phrase, often heard in community gatherings and cultural events, carries a deep meaning: \"Let us stand together\" or \"We rise as one.\" It reflects the spirit of solidarity, bravery, and communal strength among local people.',	'Sinari Project',	'2025-04-10'),
(44,	'Introduce to Wani Yinio Sago House, Traditional Methods in Sago Processing',	'Wani Yinio Sago is a traditional expression rooted in the culture of eastern Indonesia, particularly in the Papua region. This phrase, often heard in community gatherings and cultural events, carries a deep meaning: \"Let us stand together\" or \"We rise as one.\" It reflects the spirit of solidarity, bravery, and communal strength among local people.',	'Sinari Project',	'2025-04-18'),
(45,	'Introduce to Wani Yinio Sago House, Traditional Methods in Sago Processing',	'Wani Yinio Sago is a traditional expression rooted in the culture of eastern Indonesia, particularly in the Papua region. This phrase, often heard in community gatherings and cultural events, carries a deep meaning: \"Let us stand together\" or \"We rise as one.\" It reflects the spirit of solidarity, bravery, and communal strength among local people.',	'Sinari Project',	'2025-04-22'),
(61,	'Introduce to Wani Yinio Sago House, Traditional Methods in Sago Processing',	'Wani Yinio Sago is a traditional expression rooted in the culture of eastern Indonesia, particularly in the Papua region. This phrase, often heard in community gatherings and cultural events, carries a deep meaning: \"Let us stand together\" or \"We rise as one.\" It reflects the spirit of solidarity, bravery, and communal strength among local people.',	'Mojuk',	'2025-03-13'),
(62,	'Introduce to Wani Yinio Sago House, Traditional Methods in Sago Processing',	'Wani Yinio Sago is a traditional expression rooted in the culture of eastern Indonesia, particularly in the Papua region. This phrase, often heard in community gatherings and cultural events, carries a deep meaning: \"Let us stand together\" or \"We rise as one.\" It reflects the spirit of solidarity, bravery, and communal strength among local people.',	'Mojuk',	'2025-03-19'),
(63,	'Introduce to Wani Yinio Sago House, Traditional Methods in Sago Processing',	'Wani Yinio Sago is a traditional expression rooted in the culture of eastern Indonesia, particularly in the Papua region. This phrase, often heard in community gatherings and cultural events, carries a deep meaning: \"Let us stand together\" or \"We rise as one.\" It reflects the spirit of solidarity, bravery, and communal strength among local people.',	'Mojuk',	'2025-04-29'),
(64,	'Introduce to Wani Yinio Sago House, Traditional Methods in Sago Processing',	'Wani Yinio Sago is a traditional expression rooted in the culture of eastern Indonesia, particularly in the Papua region. This phrase, often heard in community gatherings and cultural events, carries a deep meaning: \"Let us stand together\" or \"We rise as one.\" It reflects the spirit of solidarity, bravery, and communal strength among local people.',	'Solar Sister',	'2025-01-25'),
(65,	'Introduce to Wani Yinio Sago House, Traditional Methods in Sago Processing',	'Wani Yinio Sago is a traditional expression rooted in the culture of eastern Indonesia, particularly in the Papua region. This phrase, often heard in community gatherings and cultural events, carries a deep meaning: \"Let us stand together\" or \"We rise as one.\" It reflects the spirit of solidarity, bravery, and communal strength among local people.',	'Solar Sister',	'2025-01-26'),
(66,	'Introduce to Wani Yinio Sago House, Traditional Methods in Sago Processing',	'Wani Yinio Sago is a traditional expression rooted in the culture of eastern Indonesia, particularly in the Papua region. This phrase, often heard in community gatherings and cultural events, carries a deep meaning: \"Let us stand together\" or \"We rise as one.\" It reflects the spirit of solidarity, bravery, and communal strength among local people.',	'Solar Sister',	'2025-01-27'),
(67,	'Introduce to Wani Yinio Sago House, Traditional Methods in Sago Processing',	'Wani Yinio Sago is a traditional expression rooted in the culture of eastern Indonesia, particularly in the Papua region. This phrase, often heard in community gatherings and cultural events, carries a deep meaning: \"Let us stand together\" or \"We rise as one.\" It reflects the spirit of solidarity, bravery, and communal strength among local people.',	'Net Zero Heroes',	'2025-06-16'),
(68,	'Introduce to Wani Yinio Sago House, Traditional Methods in Sago Processing',	'Wani Yinio Sago is a traditional expression rooted in the culture of eastern Indonesia, particularly in the Papua region. This phrase, often heard in community gatherings and cultural events, carries a deep meaning: \"Let us stand together\" or \"We rise as one.\" It reflects the spirit of solidarity, bravery, and communal strength among local people.',	'Net Zero Heroes',	'2025-06-17'),
(69,	'Introduce to Wani Yinio Sago House, Traditional Methods in Sago Processing',	'Wani Yinio Sago is a traditional expression rooted in the culture of eastern Indonesia, particularly in the Papua region. This phrase, often heard in community gatherings and cultural events, carries a deep meaning: \"Let us stand together\" or \"We rise as one.\" It reflects the spirit of solidarity, bravery, and communal strength among local people.',	'Net Zero Heroes',	'2025-06-18'),
(70,	'Introduce to Wani Yinio Sago House, Traditional Methods in Sago Processing',	'Wani Yinio Sago is a traditional expression rooted in the culture of eastern Indonesia, particularly in the Papua region. This phrase, often heard in community gatherings and cultural events, carries a deep meaning: \"Let us stand together\" or \"We rise as one.\" It reflects the spirit of solidarity, bravery, and communal strength among local people.',	'GAWIREA Lab',	'2025-06-02'),
(71,	'Introduce to Wani Yinio Sago House, Traditional Methods in Sago Processing',	'Wani Yinio Sago is a traditional expression rooted in the culture of eastern Indonesia, particularly in the Papua region. This phrase, often heard in community gatherings and cultural events, carries a deep meaning: \"Let us stand together\" or \"We rise as one.\" It reflects the spirit of solidarity, bravery, and communal strength among local people.',	'GAWIREA Lab',	'2025-06-03'),
(72,	'Introduce to Wani Yinio Sago House, Traditional Methods in Sago Processing',	'Wani Yinio Sago is a traditional expression rooted in the culture of eastern Indonesia, particularly in the Papua region. This phrase, often heard in community gatherings and cultural events, carries a deep meaning: \"Let us stand together\" or \"We rise as one.\" It reflects the spirit of solidarity, bravery, and communal strength among local people.',	'GAWIREA Lab',	'2025-06-04'),
(73,	'Introduce to Wani Yinio Sago House, Traditional Methods in Sago Processing',	'Wani Yinio Sago is a traditional expression rooted in the culture of eastern Indonesia, particularly in the Papua region. This phrase, often heard in community gatherings and cultural events, carries a deep meaning: \"Let us stand together\" or \"We rise as one.\" It reflects the spirit of solidarity, bravery, and communal strength among local people.',	'GAWIREA Edu-hub',	'2025-05-15'),
(74,	'Introduce to Wani Yinio Sago House, Traditional Methods in Sago Processing',	'Wani Yinio Sago is a traditional expression rooted in the culture of eastern Indonesia, particularly in the Papua region. This phrase, often heard in community gatherings and cultural events, carries a deep meaning: \"Let us stand together\" or \"We rise as one.\" It reflects the spirit of solidarity, bravery, and communal strength among local people.',	'GAWIREA Edu-hub',	'2025-05-20'),
(75,	'Introduce to Wani Yinio Sago House, Traditional Methods in Sago Processing',	'Wani Yinio Sago is a traditional expression rooted in the culture of eastern Indonesia, particularly in the Papua region. This phrase, often heard in community gatherings and cultural events, carries a deep meaning: \"Let us stand together\" or \"We rise as one.\" It reflects the spirit of solidarity, bravery, and communal strength among local people.',	'GAWIREA Edu-hub',	'2025-05-29'),
(76,	'Introduce to Wani Yinio Sago House, Traditional Methods in Sago Processing',	'Wani Yinio Sago is a traditional expression rooted in the culture of eastern Indonesia, particularly in the Papua region. This phrase, often heard in community gatherings and cultural events, carries a deep meaning: \"Let us stand together\" or \"We rise as one.\" It reflects the spirit of solidarity, bravery, and communal strength among local people.',	'Sinari Project',	'2025-04-10'),
(77,	'Introduce to Wani Yinio Sago House, Traditional Methods in Sago Processing',	'Wani Yinio Sago is a traditional expression rooted in the culture of eastern Indonesia, particularly in the Papua region. This phrase, often heard in community gatherings and cultural events, carries a deep meaning: \"Let us stand together\" or \"We rise as one.\" It reflects the spirit of solidarity, bravery, and communal strength among local people.',	'Sinari Project',	'2025-04-18'),
(78,	'Introduce to Wani Yinio Sago House, Traditional Methods in Sago Processing',	'Wani Yinio Sago is a traditional expression rooted in the culture of eastern Indonesia, particularly in the Papua region. This phrase, often heard in community gatherings and cultural events, carries a deep meaning: \"Let us stand together\" or \"We rise as one.\" It reflects the spirit of solidarity, bravery, and communal strength among local people.',	'Sinari Project',	'2025-04-22'),
(79,	'Introduce to Wani Yinio Sago House, Traditional Methods in Sago Processing',	'Wani Yinio Sago is a traditional expression rooted in the culture of eastern Indonesia, particularly in the Papua region. This phrase, often heard in community gatherings and cultural events, carries a deep meaning: \"Let us stand together\" or \"We rise as one.\" It reflects the spirit of solidarity, bravery, and communal strength among local people.',	'Mojuk',	'2025-03-13'),
(80,	'Introduce to Wani Yinio Sago House, Traditional Methods in Sago Processing',	'Wani Yinio Sago is a traditional expression rooted in the culture of eastern Indonesia, particularly in the Papua region. This phrase, often heard in community gatherings and cultural events, carries a deep meaning: \"Let us stand together\" or \"We rise as one.\" It reflects the spirit of solidarity, bravery, and communal strength among local people.',	'Mojuk',	'2025-03-19'),
(81,	'Introduce to Wani Yinio Sago House, Traditional Methods in Sago Processing',	'Wani Yinio Sago is a traditional expression rooted in the culture of eastern Indonesia, particularly in the Papua region. This phrase, often heard in community gatherings and cultural events, carries a deep meaning: \"Let us stand together\" or \"We rise as one.\" It reflects the spirit of solidarity, bravery, and communal strength among local people.',	'Mojuk',	'2025-04-29');

DROP TABLE IF EXISTS `components_elements_program_cards_cmps`;
CREATE TABLE `components_elements_program_cards_cmps` (
  `id` int unsigned NOT NULL AUTO_INCREMENT,
  `entity_id` int unsigned DEFAULT NULL,
  `cmp_id` int unsigned DEFAULT NULL,
  `component_type` varchar(255) COLLATE utf8mb4_general_ci DEFAULT NULL,
  `field` varchar(255) COLLATE utf8mb4_general_ci DEFAULT NULL,
  `order` double unsigned DEFAULT NULL,
  PRIMARY KEY (`id`),
  UNIQUE KEY `components_elements_program_cards_uq` (`entity_id`,`cmp_id`,`field`,`component_type`),
  KEY `components_elements_program_cards_field_idx` (`field`),
  KEY `components_elements_program_cards_component_type_idx` (`component_type`),
  KEY `components_elements_program_cards_entity_fk` (`entity_id`),
  CONSTRAINT `components_elements_program_cards_entity_fk` FOREIGN KEY (`entity_id`) REFERENCES `components_elements_program_cards` (`id`) ON DELETE CASCADE
) ENGINE=InnoDB DEFAULT CHARSET=utf8mb4 COLLATE=utf8mb4_general_ci;

INSERT INTO `components_elements_program_cards_cmps` (`id`, `entity_id`, `cmp_id`, `component_type`, `field`, `order`) VALUES
(1,	2,	91,	'elements.link',	'cta',	NULL),
(2,	3,	92,	'elements.link',	'cta',	NULL),
(3,	1,	93,	'elements.link',	'cta',	NULL),
(8,	7,	97,	'elements.link',	'cta',	NULL),
(9,	8,	98,	'elements.link',	'cta',	NULL),
(10,	9,	99,	'elements.link',	'cta',	NULL),
(20,	16,	106,	'elements.link',	'cta',	NULL),
(21,	17,	107,	'elements.link',	'cta',	NULL),
(22,	18,	108,	'elements.link',	'cta',	NULL),
(38,	28,	118,	'elements.link',	'cta',	NULL),
(39,	29,	119,	'elements.link',	'cta',	NULL),
(40,	30,	120,	'elements.link',	'cta',	NULL),
(62,	43,	133,	'elements.link',	'cta',	NULL),
(63,	44,	134,	'elements.link',	'cta',	NULL),
(64,	45,	135,	'elements.link',	'cta',	NULL),
(92,	61,	151,	'elements.link',	'cta',	NULL),
(93,	62,	152,	'elements.link',	'cta',	NULL),
(94,	63,	153,	'elements.link',	'cta',	NULL),
(110,	64,	154,	'elements.link',	'cta',	NULL),
(111,	65,	155,	'elements.link',	'cta',	NULL),
(112,	66,	156,	'elements.link',	'cta',	NULL),
(113,	67,	157,	'elements.link',	'cta',	NULL),
(114,	68,	158,	'elements.link',	'cta',	NULL),
(115,	69,	159,	'elements.link',	'cta',	NULL),
(116,	70,	160,	'elements.link',	'cta',	NULL),
(117,	71,	161,	'elements.link',	'cta',	NULL),
(118,	72,	162,	'elements.link',	'cta',	NULL),
(119,	73,	163,	'elements.link',	'cta',	NULL),
(120,	74,	164,	'elements.link',	'cta',	NULL),
(121,	75,	165,	'elements.link',	'cta',	NULL),
(122,	76,	166,	'elements.link',	'cta',	NULL),
(123,	77,	167,	'elements.link',	'cta',	NULL),
(124,	78,	168,	'elements.link',	'cta',	NULL),
(125,	79,	169,	'elements.link',	'cta',	NULL),
(126,	80,	170,	'elements.link',	'cta',	NULL),
(127,	81,	171,	'elements.link',	'cta',	NULL);

DROP TABLE IF EXISTS `components_elements_tabs`;
CREATE TABLE `components_elements_tabs` (
  `id` int unsigned NOT NULL AUTO_INCREMENT,
  `name` varchar(255) COLLATE utf8mb4_general_ci DEFAULT NULL,
  `value` longtext COLLATE utf8mb4_general_ci,
  PRIMARY KEY (`id`)
) ENGINE=InnoDB DEFAULT CHARSET=utf8mb4 COLLATE=utf8mb4_general_ci;

INSERT INTO `components_elements_tabs` (`id`, `name`, `value`) VALUES
(2,	'Our Journey',	'our journey'),
(3,	'Our Team',	'our team'),
(4,	'Our Partner',	'our partner'),
(5,	'Our Journey',	'our journey'),
(6,	'Our Team',	'our team'),
(7,	'Our Partner',	'our partner'),
(9,	'Our Team',	'our team'),
(10,	'Our Team',	'our team'),
(14,	'Our Partner',	'our partner'),
(17,	'Our Team',	'our team'),
(18,	'Our Partner',	'our partner'),
(19,	'Our Partner',	'our partner'),
(39,	'Our Team',	'our team'),
(40,	'Our Partner',	'our partner');

DROP TABLE IF EXISTS `components_elements_team_cards`;
CREATE TABLE `components_elements_team_cards` (
  `id` int unsigned NOT NULL AUTO_INCREMENT,
  `members_name` longtext COLLATE utf8mb4_general_ci,
  `members_role` longtext COLLATE utf8mb4_general_ci,
  PRIMARY KEY (`id`)
) ENGINE=InnoDB DEFAULT CHARSET=utf8mb4 COLLATE=utf8mb4_general_ci;

INSERT INTO `components_elements_team_cards` (`id`, `members_name`, `members_role`) VALUES
(19,	'Ayu Pratiwi',	'CEO'),
(20,	'Budi Santoso',	'Manager'),
(21,	'Citra Lestari',	'Marketing'),
(22,	'Dewi Anggraini',	'Analyst'),
(23,	'Eko Prasetyo',	'Developer'),
(24,	'Fajar Maulana',	'Services'),
(25,	'Andi Rosita Dewi',	'CEO'),
(26,	'Puan Maharani',	'Developer'),
(27,	'Naufal',	'Web Designer'),
(49,	'Andi Rosita Dewi',	'CEO'),
(50,	'Puan Maharani',	'Developer'),
(51,	'Naufal',	'Web Designer');

DROP TABLE IF EXISTS `components_shared_rich_texts`;
CREATE TABLE `components_shared_rich_texts` (
  `id` int unsigned NOT NULL AUTO_INCREMENT,
  `body` longtext COLLATE utf8mb4_general_ci,
  PRIMARY KEY (`id`)
) ENGINE=InnoDB DEFAULT CHARSET=utf8mb4 COLLATE=utf8mb4_general_ci;


DROP TABLE IF EXISTS `components_shared_seos`;
CREATE TABLE `components_shared_seos` (
  `id` int unsigned NOT NULL AUTO_INCREMENT,
  `meta_title` varchar(255) COLLATE utf8mb4_general_ci DEFAULT NULL,
  `meta_description` longtext COLLATE utf8mb4_general_ci,
  PRIMARY KEY (`id`)
) ENGINE=InnoDB DEFAULT CHARSET=utf8mb4 COLLATE=utf8mb4_general_ci;


DROP TABLE IF EXISTS `components_shared_sliders`;
CREATE TABLE `components_shared_sliders` (
  `id` int unsigned NOT NULL AUTO_INCREMENT,
  PRIMARY KEY (`id`)
) ENGINE=InnoDB DEFAULT CHARSET=utf8mb4 COLLATE=utf8mb4_general_ci;


DROP TABLE IF EXISTS `donations`;
CREATE TABLE `donations` (
  `id` int unsigned NOT NULL AUTO_INCREMENT,
  `document_id` varchar(255) COLLATE utf8mb4_general_ci DEFAULT NULL,
  `name` longtext COLLATE utf8mb4_general_ci,
  `email` varchar(255) COLLATE utf8mb4_general_ci DEFAULT NULL,
  `amount` int DEFAULT NULL,
  `payment_method` varchar(255) COLLATE utf8mb4_general_ci DEFAULT NULL,
  `period` varchar(255) COLLATE utf8mb4_general_ci DEFAULT NULL,
  `created_at` datetime(6) DEFAULT NULL,
  `updated_at` datetime(6) DEFAULT NULL,
  `published_at` datetime(6) DEFAULT NULL,
  `created_by_id` int unsigned DEFAULT NULL,
  `updated_by_id` int unsigned DEFAULT NULL,
  `locale` varchar(255) COLLATE utf8mb4_general_ci DEFAULT NULL,
  PRIMARY KEY (`id`),
  KEY `donations_documents_idx` (`document_id`,`locale`,`published_at`),
  KEY `donations_created_by_id_fk` (`created_by_id`),
  KEY `donations_updated_by_id_fk` (`updated_by_id`),
  CONSTRAINT `donations_created_by_id_fk` FOREIGN KEY (`created_by_id`) REFERENCES `admin_users` (`id`) ON DELETE SET NULL,
  CONSTRAINT `donations_updated_by_id_fk` FOREIGN KEY (`updated_by_id`) REFERENCES `admin_users` (`id`) ON DELETE SET NULL
) ENGINE=InnoDB DEFAULT CHARSET=utf8mb4 COLLATE=utf8mb4_general_ci;

INSERT INTO `donations` (`id`, `document_id`, `name`, `email`, `amount`, `payment_method`, `period`, `created_at`, `updated_at`, `published_at`, `created_by_id`, `updated_by_id`, `locale`) VALUES
(55,	'ad6ovyg4hmrk5ertcqn7htig',	'Puannnnnn',	'puan@gmail.com',	30,	'Paypal',	'Once',	'2025-07-09 20:05:00.279000',	'2025-07-09 20:05:00.279000',	NULL,	NULL,	NULL,	NULL),
(56,	'ad6ovyg4hmrk5ertcqn7htig',	'Puannnnnn',	'puan@gmail.com',	30,	'Paypal',	'Once',	'2025-07-09 20:05:00.279000',	'2025-07-09 20:05:00.279000',	'2025-07-09 20:05:00.712000',	NULL,	NULL,	NULL),
(57,	'rd3i99kgyrc2w5mc4bw58ibn',	'Aleanora Lavanya',	'laleanora@gmail.com',	50,	'BRI',	'Once',	'2025-07-09 20:22:03.485000',	'2025-07-09 20:22:21.944000',	NULL,	NULL,	NULL,	NULL),
(59,	'rd3i99kgyrc2w5mc4bw58ibn',	'Aleanora Lavanya',	'laleanora@gmail.com',	50,	'BRI',	'Once',	'2025-07-09 20:22:03.485000',	'2025-07-09 20:22:21.944000',	'2025-07-09 20:22:21.993000',	NULL,	NULL,	NULL),
(60,	'masdgag2b7dv1fyia5fw56yt',	'Nufal',	'naufal11@gmail.com',	50,	'Paypal',	'Once',	'2025-07-09 20:23:59.749000',	'2025-07-09 20:25:05.558000',	NULL,	NULL,	NULL,	NULL),
(62,	'masdgag2b7dv1fyia5fw56yt',	'Nufal',	'naufal11@gmail.com',	50,	'Paypal',	'Once',	'2025-07-09 20:23:59.749000',	'2025-07-09 20:25:05.558000',	'2025-07-09 20:25:05.604000',	NULL,	NULL,	NULL);

DROP TABLE IF EXISTS `files`;
CREATE TABLE `files` (
  `id` int unsigned NOT NULL AUTO_INCREMENT,
  `document_id` varchar(255) COLLATE utf8mb4_general_ci DEFAULT NULL,
  `name` varchar(255) COLLATE utf8mb4_general_ci DEFAULT NULL,
  `alternative_text` varchar(255) COLLATE utf8mb4_general_ci DEFAULT NULL,
  `caption` varchar(255) COLLATE utf8mb4_general_ci DEFAULT NULL,
  `width` int DEFAULT NULL,
  `height` int DEFAULT NULL,
  `formats` json DEFAULT NULL,
  `hash` varchar(255) COLLATE utf8mb4_general_ci DEFAULT NULL,
  `ext` varchar(255) COLLATE utf8mb4_general_ci DEFAULT NULL,
  `mime` varchar(255) COLLATE utf8mb4_general_ci DEFAULT NULL,
  `size` decimal(10,2) DEFAULT NULL,
  `url` varchar(255) COLLATE utf8mb4_general_ci DEFAULT NULL,
  `preview_url` varchar(255) COLLATE utf8mb4_general_ci DEFAULT NULL,
  `provider` varchar(255) COLLATE utf8mb4_general_ci DEFAULT NULL,
  `provider_metadata` json DEFAULT NULL,
  `folder_path` varchar(255) COLLATE utf8mb4_general_ci DEFAULT NULL,
  `created_at` datetime(6) DEFAULT NULL,
  `updated_at` datetime(6) DEFAULT NULL,
  `published_at` datetime(6) DEFAULT NULL,
  `created_by_id` int unsigned DEFAULT NULL,
  `updated_by_id` int unsigned DEFAULT NULL,
  `locale` varchar(255) COLLATE utf8mb4_general_ci DEFAULT NULL,
  PRIMARY KEY (`id`),
  KEY `upload_files_folder_path_index` (`folder_path`),
  KEY `upload_files_created_at_index` (`created_at`),
  KEY `upload_files_updated_at_index` (`updated_at`),
  KEY `upload_files_name_index` (`name`),
  KEY `upload_files_size_index` (`size`),
  KEY `upload_files_ext_index` (`ext`),
  KEY `files_documents_idx` (`document_id`,`locale`,`published_at`),
  KEY `files_created_by_id_fk` (`created_by_id`),
  KEY `files_updated_by_id_fk` (`updated_by_id`),
  CONSTRAINT `files_created_by_id_fk` FOREIGN KEY (`created_by_id`) REFERENCES `admin_users` (`id`) ON DELETE SET NULL,
  CONSTRAINT `files_updated_by_id_fk` FOREIGN KEY (`updated_by_id`) REFERENCES `admin_users` (`id`) ON DELETE SET NULL
) ENGINE=InnoDB DEFAULT CHARSET=utf8mb4 COLLATE=utf8mb4_general_ci;

INSERT INTO `files` (`id`, `document_id`, `name`, `alternative_text`, `caption`, `width`, `height`, `formats`, `hash`, `ext`, `mime`, `size`, `url`, `preview_url`, `provider`, `provider_metadata`, `folder_path`, `created_at`, `updated_at`, `published_at`, `created_by_id`, `updated_by_id`, `locale`) VALUES
(4,	'x34ml8yxxlix8x4td59250pq',	'cover-impact-1.png',	NULL,	NULL,	357,	189,	'{\"thumbnail\": {\"ext\": \".png\", \"url\": \"/uploads/thumbnail_cover_impact_1_d8cd019dc7.png\", \"hash\": \"thumbnail_cover_impact_1_d8cd019dc7\", \"mime\": \"image/png\", \"name\": \"thumbnail_cover-impact-1.png\", \"path\": null, \"size\": 53.15, \"width\": 245, \"height\": 130, \"sizeInBytes\": 53152}}',	'cover_impact_1_d8cd019dc7',	'.png',	'image/png',	30.34,	'/uploads/cover_impact_1_d8cd019dc7.png',	NULL,	'local',	NULL,	'/1',	'2025-06-07 00:48:26.758000',	'2025-06-07 00:48:26.758000',	'2025-06-07 00:48:26.761000',	1,	1,	NULL),
(5,	'w9og4v482upljxmt769dhmh2',	'cover-impact-3.png',	NULL,	NULL,	358,	189,	'{\"thumbnail\": {\"ext\": \".png\", \"url\": \"/uploads/thumbnail_cover_impact_3_4b5a2c3193.png\", \"hash\": \"thumbnail_cover_impact_3_4b5a2c3193\", \"mime\": \"image/png\", \"name\": \"thumbnail_cover-impact-3.png\", \"path\": null, \"size\": 73.23, \"width\": 245, \"height\": 129, \"sizeInBytes\": 73226}}',	'cover_impact_3_4b5a2c3193',	'.png',	'image/png',	44.46,	'/uploads/cover_impact_3_4b5a2c3193.png',	NULL,	'local',	NULL,	'/1',	'2025-06-07 00:49:06.454000',	'2025-06-07 00:49:06.454000',	'2025-06-07 00:49:06.454000',	1,	1,	NULL),
(6,	'kmpqe6mdiu28qiy7jati55v8',	'cover-impact-4.png',	NULL,	NULL,	357,	189,	'{\"thumbnail\": {\"ext\": \".png\", \"url\": \"/uploads/thumbnail_cover_impact_4_cdddd7f231.png\", \"hash\": \"thumbnail_cover_impact_4_cdddd7f231\", \"mime\": \"image/png\", \"name\": \"thumbnail_cover-impact-4.png\", \"path\": null, \"size\": 69.39, \"width\": 245, \"height\": 130, \"sizeInBytes\": 69393}}',	'cover_impact_4_cdddd7f231',	'.png',	'image/png',	37.62,	'/uploads/cover_impact_4_cdddd7f231.png',	NULL,	'local',	NULL,	'/1',	'2025-06-07 00:49:34.013000',	'2025-06-07 00:49:34.013000',	'2025-06-07 00:49:34.013000',	1,	1,	NULL),
(7,	'op6mvoq13sfee0z48a7lmjyr',	'cover-impact-6.png',	NULL,	NULL,	357,	190,	'{\"thumbnail\": {\"ext\": \".png\", \"url\": \"/uploads/thumbnail_cover_impact_6_0a0cb845d8.png\", \"hash\": \"thumbnail_cover_impact_6_0a0cb845d8\", \"mime\": \"image/png\", \"name\": \"thumbnail_cover-impact-6.png\", \"path\": null, \"size\": 89.86, \"width\": 245, \"height\": 130, \"sizeInBytes\": 89862}}',	'cover_impact_6_0a0cb845d8',	'.png',	'image/png',	42.37,	'/uploads/cover_impact_6_0a0cb845d8.png',	NULL,	'local',	NULL,	'/1',	'2025-06-07 01:13:15.743000',	'2025-06-07 01:13:15.743000',	'2025-06-07 01:13:15.746000',	1,	1,	NULL),
(8,	'nup10fyrqtxhqaihsm8y2eqv',	'cover-impact-5.png',	NULL,	NULL,	578,	307,	'{\"small\": {\"ext\": \".png\", \"url\": \"/uploads/small_cover_impact_5_f42e00f2c0.png\", \"hash\": \"small_cover_impact_5_f42e00f2c0\", \"mime\": \"image/png\", \"name\": \"small_cover-impact-5.png\", \"path\": null, \"size\": 281.6, \"width\": 500, \"height\": 266, \"sizeInBytes\": 281602}, \"thumbnail\": {\"ext\": \".png\", \"url\": \"/uploads/thumbnail_cover_impact_5_f42e00f2c0.png\", \"hash\": \"thumbnail_cover_impact_5_f42e00f2c0\", \"mime\": \"image/png\", \"name\": \"thumbnail_cover-impact-5.png\", \"path\": null, \"size\": 80.16, \"width\": 245, \"height\": 130, \"sizeInBytes\": 80163}}',	'cover_impact_5_f42e00f2c0',	'.png',	'image/png',	82.83,	'/uploads/cover_impact_5_f42e00f2c0.png',	NULL,	'local',	NULL,	'/1',	'2025-06-07 01:16:00.901000',	'2025-06-07 01:16:00.901000',	'2025-06-07 01:16:00.902000',	1,	1,	NULL),
(9,	'kn0tyzdjbdos6w5lbev282uv',	'cover-impact-7.png',	NULL,	NULL,	357,	190,	'{\"thumbnail\": {\"ext\": \".png\", \"url\": \"/uploads/thumbnail_cover_impact_7_c2d235f1d1.png\", \"hash\": \"thumbnail_cover_impact_7_c2d235f1d1\", \"mime\": \"image/png\", \"name\": \"thumbnail_cover-impact-7.png\", \"path\": null, \"size\": 81.94, \"width\": 245, \"height\": 130, \"sizeInBytes\": 81937}}',	'cover_impact_7_c2d235f1d1',	'.png',	'image/png',	52.25,	'/uploads/cover_impact_7_c2d235f1d1.png',	NULL,	'local',	NULL,	'/1',	'2025-06-07 01:18:28.157000',	'2025-06-07 01:18:28.157000',	'2025-06-07 01:18:28.157000',	1,	1,	NULL),
(10,	'fgwjx4te1zmuhei0aasscxqj',	'banner.png',	NULL,	NULL,	1440,	885,	'{\"large\": {\"ext\": \".png\", \"url\": \"/uploads/large_banner_e878e6b460.png\", \"hash\": \"large_banner_e878e6b460\", \"mime\": \"image/png\", \"name\": \"large_banner.png\", \"path\": null, \"size\": 1653.09, \"width\": 1000, \"height\": 615, \"sizeInBytes\": 1653090}, \"small\": {\"ext\": \".png\", \"url\": \"/uploads/small_banner_e878e6b460.png\", \"hash\": \"small_banner_e878e6b460\", \"mime\": \"image/png\", \"name\": \"small_banner.png\", \"path\": null, \"size\": 412.69, \"width\": 500, \"height\": 307, \"sizeInBytes\": 412689}, \"medium\": {\"ext\": \".png\", \"url\": \"/uploads/medium_banner_e878e6b460.png\", \"hash\": \"medium_banner_e878e6b460\", \"mime\": \"image/png\", \"name\": \"medium_banner.png\", \"path\": null, \"size\": 929.39, \"width\": 750, \"height\": 461, \"sizeInBytes\": 929387}, \"thumbnail\": {\"ext\": \".png\", \"url\": \"/uploads/thumbnail_banner_e878e6b460.png\", \"hash\": \"thumbnail_banner_e878e6b460\", \"mime\": \"image/png\", \"name\": \"thumbnail_banner.png\", \"path\": null, \"size\": 99.42, \"width\": 245, \"height\": 151, \"sizeInBytes\": 99420}}',	'banner_e878e6b460',	'.png',	'image/png',	1026.05,	'/uploads/banner_e878e6b460.png',	NULL,	'local',	NULL,	'/2',	'2025-06-07 19:38:05.137000',	'2025-06-07 19:38:05.137000',	'2025-06-07 19:38:05.144000',	1,	1,	NULL),
(11,	'i2kmvw5q9mokanar498k91k7',	'banner-about.png',	NULL,	NULL,	1440,	354,	'{\"large\": {\"ext\": \".png\", \"url\": \"/uploads/large_banner_about_4cea5c16fb.png\", \"hash\": \"large_banner_about_4cea5c16fb\", \"mime\": \"image/png\", \"name\": \"large_banner-about.png\", \"path\": null, \"size\": 317.01, \"width\": 1000, \"height\": 246, \"sizeInBytes\": 317006}, \"small\": {\"ext\": \".png\", \"url\": \"/uploads/small_banner_about_4cea5c16fb.png\", \"hash\": \"small_banner_about_4cea5c16fb\", \"mime\": \"image/png\", \"name\": \"small_banner-about.png\", \"path\": null, \"size\": 88.54, \"width\": 500, \"height\": 123, \"sizeInBytes\": 88541}, \"medium\": {\"ext\": \".png\", \"url\": \"/uploads/medium_banner_about_4cea5c16fb.png\", \"hash\": \"medium_banner_about_4cea5c16fb\", \"mime\": \"image/png\", \"name\": \"medium_banner-about.png\", \"path\": null, \"size\": 186.41, \"width\": 750, \"height\": 184, \"sizeInBytes\": 186409}, \"thumbnail\": {\"ext\": \".png\", \"url\": \"/uploads/thumbnail_banner_about_4cea5c16fb.png\", \"hash\": \"thumbnail_banner_about_4cea5c16fb\", \"mime\": \"image/png\", \"name\": \"thumbnail_banner-about.png\", \"path\": null, \"size\": 25.23, \"width\": 245, \"height\": 60, \"sizeInBytes\": 25231}}',	'banner_about_4cea5c16fb',	'.png',	'image/png',	141.24,	'/uploads/banner_about_4cea5c16fb.png',	NULL,	'local',	NULL,	'/2',	'2025-06-09 22:02:21.371000',	'2025-06-09 22:02:21.371000',	'2025-06-09 22:02:21.371000',	1,	1,	NULL),
(12,	'lyqv3p164xtqpr1q6gig3alq',	'avatar-1.png',	NULL,	NULL,	263,	312,	'{\"thumbnail\": {\"ext\": \".png\", \"url\": \"/uploads/thumbnail_avatar_1_a6717ac7ec.png\", \"hash\": \"thumbnail_avatar_1_a6717ac7ec\", \"mime\": \"image/png\", \"name\": \"thumbnail_avatar-1.png\", \"path\": null, \"size\": 26.48, \"width\": 132, \"height\": 156, \"sizeInBytes\": 26479}}',	'avatar_1_a6717ac7ec',	'.png',	'image/png',	29.70,	'/uploads/avatar_1_a6717ac7ec.png',	NULL,	'local',	NULL,	'/3',	'2025-06-10 10:44:27.314000',	'2025-06-10 10:45:09.908000',	'2025-06-10 10:44:27.315000',	1,	1,	NULL),
(13,	'mia6n6hsopk9zngiinz4d7es',	'google-logo.png',	NULL,	NULL,	135,	80,	NULL,	'google_logo_86516ed191',	'.png',	'image/png',	6.65,	'/uploads/google_logo_86516ed191.png',	NULL,	'local',	NULL,	'/4',	'2025-06-10 10:49:13.518000',	'2025-06-10 10:49:13.518000',	'2025-06-10 10:49:13.518000',	1,	1,	NULL),
(14,	'v43g89jd5r2dpknjfuo5tkgc',	'banner-program.png',	NULL,	NULL,	1440,	454,	'{\"large\": {\"ext\": \".png\", \"url\": \"/uploads/large_banner_program_489bb53e51.png\", \"hash\": \"large_banner_program_489bb53e51\", \"mime\": \"image/png\", \"name\": \"large_banner-program.png\", \"path\": null, \"size\": 480.39, \"width\": 1000, \"height\": 315, \"sizeInBytes\": 480390}, \"small\": {\"ext\": \".png\", \"url\": \"/uploads/small_banner_program_489bb53e51.png\", \"hash\": \"small_banner_program_489bb53e51\", \"mime\": \"image/png\", \"name\": \"small_banner-program.png\", \"path\": null, \"size\": 135.87, \"width\": 500, \"height\": 158, \"sizeInBytes\": 135873}, \"medium\": {\"ext\": \".png\", \"url\": \"/uploads/medium_banner_program_489bb53e51.png\", \"hash\": \"medium_banner_program_489bb53e51\", \"mime\": \"image/png\", \"name\": \"medium_banner-program.png\", \"path\": null, \"size\": 284.08, \"width\": 750, \"height\": 236, \"sizeInBytes\": 284084}, \"thumbnail\": {\"ext\": \".png\", \"url\": \"/uploads/thumbnail_banner_program_489bb53e51.png\", \"hash\": \"thumbnail_banner_program_489bb53e51\", \"mime\": \"image/png\", \"name\": \"thumbnail_banner-program.png\", \"path\": null, \"size\": 37.7, \"width\": 245, \"height\": 77, \"sizeInBytes\": 37695}}',	'banner_program_489bb53e51',	'.png',	'image/png',	210.43,	'/uploads/banner_program_489bb53e51.png',	NULL,	'local',	NULL,	'/2',	'2025-06-12 01:31:49.948000',	'2025-06-12 01:31:49.948000',	'2025-06-12 01:31:49.950000',	1,	1,	NULL),
(15,	'ezrtjncz71xal0ri5a9zeosd',	'cover-program.png',	NULL,	NULL,	800,	486,	'{\"small\": {\"ext\": \".png\", \"url\": \"/uploads/small_cover_program_badc463da7.png\", \"hash\": \"small_cover_program_badc463da7\", \"mime\": \"image/png\", \"name\": \"small_cover-program.png\", \"path\": null, \"size\": 487.17, \"width\": 500, \"height\": 304, \"sizeInBytes\": 487168}, \"medium\": {\"ext\": \".png\", \"url\": \"/uploads/medium_cover_program_badc463da7.png\", \"hash\": \"medium_cover_program_badc463da7\", \"mime\": \"image/png\", \"name\": \"medium_cover-program.png\", \"path\": null, \"size\": 1101.46, \"width\": 750, \"height\": 456, \"sizeInBytes\": 1101456}, \"thumbnail\": {\"ext\": \".png\", \"url\": \"/uploads/thumbnail_cover_program_badc463da7.png\", \"hash\": \"thumbnail_cover_program_badc463da7\", \"mime\": \"image/png\", \"name\": \"thumbnail_cover-program.png\", \"path\": null, \"size\": 115.85, \"width\": 245, \"height\": 149, \"sizeInBytes\": 115846}}',	'cover_program_badc463da7',	'.png',	'image/png',	359.00,	'/uploads/cover_program_badc463da7.png',	NULL,	'local',	NULL,	'/5',	'2025-06-12 16:55:01.553000',	'2025-06-12 16:55:01.553000',	'2025-06-12 16:55:01.554000',	1,	1,	NULL),
(16,	'xvs79qgiun8c4u7v19p40n6z',	'cover-program-3.png',	NULL,	NULL,	357,	189,	'{\"thumbnail\": {\"ext\": \".png\", \"url\": \"/uploads/thumbnail_cover_program_3_cebef86ccd.png\", \"hash\": \"thumbnail_cover_program_3_cebef86ccd\", \"mime\": \"image/png\", \"name\": \"thumbnail_cover-program-3.png\", \"path\": null, \"size\": 53.33, \"width\": 245, \"height\": 130, \"sizeInBytes\": 53333}}',	'cover_program_3_cebef86ccd',	'.png',	'image/png',	27.59,	'/uploads/cover_program_3_cebef86ccd.png',	NULL,	'local',	NULL,	'/5',	'2025-06-16 01:23:59.591000',	'2025-06-16 01:23:59.591000',	'2025-06-16 01:23:59.593000',	1,	1,	NULL),
(17,	'yy8ou70szfn01m013z1ui4g7',	'cover-program-4.png',	NULL,	NULL,	358,	189,	'{\"thumbnail\": {\"ext\": \".png\", \"url\": \"/uploads/thumbnail_cover_program_4_c6e128b3c4.png\", \"hash\": \"thumbnail_cover_program_4_c6e128b3c4\", \"mime\": \"image/png\", \"name\": \"thumbnail_cover-program-4.png\", \"path\": null, \"size\": 66.03, \"width\": 245, \"height\": 129, \"sizeInBytes\": 66034}}',	'cover_program_4_c6e128b3c4',	'.png',	'image/png',	30.55,	'/uploads/cover_program_4_c6e128b3c4.png',	NULL,	'local',	NULL,	'/5',	'2025-06-16 01:24:24.705000',	'2025-06-16 01:24:24.705000',	'2025-06-16 01:24:24.705000',	1,	1,	NULL),
(18,	'ddl1ryx765q3ppx8pqt5ceko',	'cover-program-5.png',	NULL,	NULL,	357,	189,	'{\"thumbnail\": {\"ext\": \".png\", \"url\": \"/uploads/thumbnail_cover_program_5_e89437d56d.png\", \"hash\": \"thumbnail_cover_program_5_e89437d56d\", \"mime\": \"image/png\", \"name\": \"thumbnail_cover-program-5.png\", \"path\": null, \"size\": 74.96, \"width\": 245, \"height\": 130, \"sizeInBytes\": 74964}}',	'cover_program_5_e89437d56d',	'.png',	'image/png',	36.30,	'/uploads/cover_program_5_e89437d56d.png',	NULL,	'local',	NULL,	'/5',	'2025-06-16 20:20:36.354000',	'2025-06-16 20:20:36.354000',	'2025-06-16 20:20:36.357000',	1,	1,	NULL),
(19,	'blk6c45xvh3wljy2smvhjt5y',	'cover-program-6.png',	NULL,	NULL,	358,	189,	'{\"thumbnail\": {\"ext\": \".png\", \"url\": \"/uploads/thumbnail_cover_program_6_fe86c754aa.png\", \"hash\": \"thumbnail_cover_program_6_fe86c754aa\", \"mime\": \"image/png\", \"name\": \"thumbnail_cover-program-6.png\", \"path\": null, \"size\": 83.76, \"width\": 245, \"height\": 129, \"sizeInBytes\": 83764}}',	'cover_program_6_fe86c754aa',	'.png',	'image/png',	42.25,	'/uploads/cover_program_6_fe86c754aa.png',	NULL,	'local',	NULL,	'/5',	'2025-06-16 20:21:51.725000',	'2025-06-16 20:21:51.725000',	'2025-06-16 20:21:51.725000',	1,	1,	NULL),
(20,	'gdmfcm0zmh4de3fitl3wwmkm',	'cover-program-7.png',	NULL,	NULL,	357,	189,	'{\"thumbnail\": {\"ext\": \".png\", \"url\": \"/uploads/thumbnail_cover_program_7_8a302abea4.png\", \"hash\": \"thumbnail_cover_program_7_8a302abea4\", \"mime\": \"image/png\", \"name\": \"thumbnail_cover-program-7.png\", \"path\": null, \"size\": 99.76, \"width\": 245, \"height\": 130, \"sizeInBytes\": 99763}}',	'cover_program_7_8a302abea4',	'.png',	'image/png',	52.88,	'/uploads/cover_program_7_8a302abea4.png',	NULL,	'local',	NULL,	'/5',	'2025-06-16 20:59:11.919000',	'2025-06-16 20:59:11.919000',	'2025-06-16 20:59:11.921000',	1,	1,	NULL),
(21,	'u6t65hehpg6rg47kt6mtgtey',	'cover-program-8.png',	NULL,	NULL,	358,	189,	'{\"thumbnail\": {\"ext\": \".png\", \"url\": \"/uploads/thumbnail_cover_program_8_f1eae59b1c.png\", \"hash\": \"thumbnail_cover_program_8_f1eae59b1c\", \"mime\": \"image/png\", \"name\": \"thumbnail_cover-program-8.png\", \"path\": null, \"size\": 63.6, \"width\": 245, \"height\": 129, \"sizeInBytes\": 63596}}',	'cover_program_8_f1eae59b1c',	'.png',	'image/png',	38.20,	'/uploads/cover_program_8_f1eae59b1c.png',	NULL,	'local',	NULL,	'/5',	'2025-06-16 21:00:10.847000',	'2025-06-16 21:00:10.847000',	'2025-06-16 21:00:10.847000',	1,	1,	NULL),
(22,	'dk4gq5zelbx1jrfm5l806uas',	'cover-program-9.png',	NULL,	NULL,	357,	189,	'{\"thumbnail\": {\"ext\": \".png\", \"url\": \"/uploads/thumbnail_cover_program_9_85fd62a023.png\", \"hash\": \"thumbnail_cover_program_9_85fd62a023\", \"mime\": \"image/png\", \"name\": \"thumbnail_cover-program-9.png\", \"path\": null, \"size\": 98.85, \"width\": 245, \"height\": 130, \"sizeInBytes\": 98848}}',	'cover_program_9_85fd62a023',	'.png',	'image/png',	53.77,	'/uploads/cover_program_9_85fd62a023.png',	NULL,	'local',	NULL,	'/5',	'2025-06-16 21:02:40.202000',	'2025-06-16 21:02:40.202000',	'2025-06-16 21:02:40.202000',	1,	1,	NULL),
(23,	'wqhzffhmihf1bqmgrpuwsior',	'cover-program-10.png',	NULL,	NULL,	358,	189,	'{\"thumbnail\": {\"ext\": \".png\", \"url\": \"/uploads/thumbnail_cover_program_10_c264809c6a.png\", \"hash\": \"thumbnail_cover_program_10_c264809c6a\", \"mime\": \"image/png\", \"name\": \"thumbnail_cover-program-10.png\", \"path\": null, \"size\": 89.93, \"width\": 245, \"height\": 129, \"sizeInBytes\": 89930}}',	'cover_program_10_c264809c6a',	'.png',	'image/png',	46.44,	'/uploads/cover_program_10_c264809c6a.png',	NULL,	'local',	NULL,	'/5',	'2025-06-16 21:03:42.863000',	'2025-06-16 21:03:42.863000',	'2025-06-16 21:03:42.863000',	1,	1,	NULL),
(24,	'k8ol2w4e9xt7sp3dm0f2qln5',	'cover-program-11.png',	NULL,	NULL,	357,	189,	'{\"thumbnail\": {\"ext\": \".png\", \"url\": \"/uploads/thumbnail_cover_program_11_1f32c1d914.png\", \"hash\": \"thumbnail_cover_program_11_1f32c1d914\", \"mime\": \"image/png\", \"name\": \"thumbnail_cover-program-11.png\", \"path\": null, \"size\": 85.31, \"width\": 245, \"height\": 130, \"sizeInBytes\": 85305}}',	'cover_program_11_1f32c1d914',	'.png',	'image/png',	44.41,	'/uploads/cover_program_11_1f32c1d914.png',	NULL,	'local',	NULL,	'/5',	'2025-06-16 21:06:20.482000',	'2025-06-16 21:06:20.482000',	'2025-06-16 21:06:20.482000',	1,	1,	NULL),
(25,	'nt498rxcnmj1tymgf2lc18mq',	'cover-program-12.png',	NULL,	NULL,	358,	189,	'{\"thumbnail\": {\"ext\": \".png\", \"url\": \"/uploads/thumbnail_cover_program_12_227465f6af.png\", \"hash\": \"thumbnail_cover_program_12_227465f6af\", \"mime\": \"image/png\", \"name\": \"thumbnail_cover-program-12.png\", \"path\": null, \"size\": 79.03, \"width\": 245, \"height\": 129, \"sizeInBytes\": 79029}}',	'cover_program_12_227465f6af',	'.png',	'image/png',	41.21,	'/uploads/cover_program_12_227465f6af.png',	NULL,	'local',	NULL,	'/5',	'2025-06-16 21:07:12.065000',	'2025-06-16 21:07:12.065000',	'2025-06-16 21:07:12.065000',	1,	1,	NULL),
(26,	'k1u7oi5mimwqh9k1xqp1ut2y',	'cover-program-13.png',	NULL,	NULL,	357,	189,	'{\"thumbnail\": {\"ext\": \".png\", \"url\": \"/uploads/thumbnail_cover_program_13_0ed2c65940.png\", \"hash\": \"thumbnail_cover_program_13_0ed2c65940\", \"mime\": \"image/png\", \"name\": \"thumbnail_cover-program-13.png\", \"path\": null, \"size\": 98.35, \"width\": 245, \"height\": 130, \"sizeInBytes\": 98350}}',	'cover_program_13_0ed2c65940',	'.png',	'image/png',	58.62,	'/uploads/cover_program_13_0ed2c65940.png',	NULL,	'local',	NULL,	'/5',	'2025-06-16 21:09:31.701000',	'2025-06-16 21:09:31.701000',	'2025-06-16 21:09:31.702000',	1,	1,	NULL),
(27,	'e339h0s2x9yh2kxcneq8hd9r',	'cover-program-14.png',	NULL,	NULL,	358,	189,	'{\"thumbnail\": {\"ext\": \".png\", \"url\": \"/uploads/thumbnail_cover_program_14_860870a43c.png\", \"hash\": \"thumbnail_cover_program_14_860870a43c\", \"mime\": \"image/png\", \"name\": \"thumbnail_cover-program-14.png\", \"path\": null, \"size\": 95.25, \"width\": 245, \"height\": 129, \"sizeInBytes\": 95245}}',	'cover_program_14_860870a43c',	'.png',	'image/png',	53.22,	'/uploads/cover_program_14_860870a43c.png',	NULL,	'local',	NULL,	'/5',	'2025-06-16 21:10:28.567000',	'2025-06-16 21:10:28.567000',	'2025-06-16 21:10:28.567000',	1,	1,	NULL),
(28,	'esc1g4qhxrxk2k1s7p9lxxm2',	'banner-impact.png',	NULL,	NULL,	1440,	454,	'{\"large\": {\"ext\": \".png\", \"url\": \"/uploads/large_banner_impact_0d8103d33a.png\", \"hash\": \"large_banner_impact_0d8103d33a\", \"mime\": \"image/png\", \"name\": \"large_banner-impact.png\", \"path\": null, \"size\": 415.61, \"width\": 1000, \"height\": 315, \"sizeInBytes\": 415612}, \"small\": {\"ext\": \".png\", \"url\": \"/uploads/small_banner_impact_0d8103d33a.png\", \"hash\": \"small_banner_impact_0d8103d33a\", \"mime\": \"image/png\", \"name\": \"small_banner-impact.png\", \"path\": null, \"size\": 121.17, \"width\": 500, \"height\": 158, \"sizeInBytes\": 121167}, \"medium\": {\"ext\": \".png\", \"url\": \"/uploads/medium_banner_impact_0d8103d33a.png\", \"hash\": \"medium_banner_impact_0d8103d33a\", \"mime\": \"image/png\", \"name\": \"medium_banner-impact.png\", \"path\": null, \"size\": 247.83, \"width\": 750, \"height\": 236, \"sizeInBytes\": 247828}, \"thumbnail\": {\"ext\": \".png\", \"url\": \"/uploads/thumbnail_banner_impact_0d8103d33a.png\", \"hash\": \"thumbnail_banner_impact_0d8103d33a\", \"mime\": \"image/png\", \"name\": \"thumbnail_banner-impact.png\", \"path\": null, \"size\": 34.83, \"width\": 245, \"height\": 77, \"sizeInBytes\": 34829}}',	'banner_impact_0d8103d33a',	'.png',	'image/png',	188.52,	'/uploads/banner_impact_0d8103d33a.png',	NULL,	'local',	NULL,	'/2',	'2025-06-16 21:34:38.121000',	'2025-06-16 21:34:38.121000',	'2025-06-16 21:34:38.121000',	1,	1,	NULL),
(29,	'u0e5x6ssc40vzcn1pegks29f',	'cover-impact-1.png',	NULL,	NULL,	357,	189,	'{\"thumbnail\": {\"ext\": \".png\", \"url\": \"/uploads/thumbnail_cover_impact_1_43feccf482.png\", \"hash\": \"thumbnail_cover_impact_1_43feccf482\", \"mime\": \"image/png\", \"name\": \"thumbnail_cover-impact-1.png\", \"path\": null, \"size\": 53.15, \"width\": 245, \"height\": 130, \"sizeInBytes\": 53152}}',	'cover_impact_1_43feccf482',	'.png',	'image/png',	30.34,	'/uploads/cover_impact_1_43feccf482.png',	NULL,	'local',	NULL,	'/6',	'2025-06-16 21:42:51.896000',	'2025-06-16 21:42:51.896000',	'2025-06-16 21:42:51.897000',	1,	1,	NULL),
(30,	'du1ueflpr9jl83ymuyjq7jpd',	'cover-impact-3.png',	NULL,	NULL,	358,	189,	'{\"thumbnail\": {\"ext\": \".png\", \"url\": \"/uploads/thumbnail_cover_impact_3_7a3011e34a.png\", \"hash\": \"thumbnail_cover_impact_3_7a3011e34a\", \"mime\": \"image/png\", \"name\": \"thumbnail_cover-impact-3.png\", \"path\": null, \"size\": 73.23, \"width\": 245, \"height\": 129, \"sizeInBytes\": 73226}}',	'cover_impact_3_7a3011e34a',	'.png',	'image/png',	44.46,	'/uploads/cover_impact_3_7a3011e34a.png',	NULL,	'local',	NULL,	'/6',	'2025-06-16 21:43:49.922000',	'2025-06-16 21:43:49.922000',	'2025-06-16 21:43:49.923000',	1,	1,	NULL),
(31,	'rm867p8vmedevqfz6zw3i0kg',	'cover-impact-4.png',	NULL,	NULL,	357,	189,	'{\"thumbnail\": {\"ext\": \".png\", \"url\": \"/uploads/thumbnail_cover_impact_4_b3cd2ae238.png\", \"hash\": \"thumbnail_cover_impact_4_b3cd2ae238\", \"mime\": \"image/png\", \"name\": \"thumbnail_cover-impact-4.png\", \"path\": null, \"size\": 69.39, \"width\": 245, \"height\": 130, \"sizeInBytes\": 69393}}',	'cover_impact_4_b3cd2ae238',	'.png',	'image/png',	37.62,	'/uploads/cover_impact_4_b3cd2ae238.png',	NULL,	'local',	NULL,	'/6',	'2025-06-16 21:44:39.614000',	'2025-06-16 21:44:39.614000',	'2025-06-16 21:44:39.614000',	1,	1,	NULL),
(32,	'nzcj6ry9k8sdvae774zl4it6',	'banner-blog.png',	NULL,	NULL,	1440,	454,	'{\"large\": {\"ext\": \".png\", \"url\": \"/uploads/large_banner_blog_b41464a4ee.png\", \"hash\": \"large_banner_blog_b41464a4ee\", \"mime\": \"image/png\", \"name\": \"large_banner-blog.png\", \"path\": null, \"size\": 440.57, \"width\": 1000, \"height\": 315, \"sizeInBytes\": 440571}, \"small\": {\"ext\": \".png\", \"url\": \"/uploads/small_banner_blog_b41464a4ee.png\", \"hash\": \"small_banner_blog_b41464a4ee\", \"mime\": \"image/png\", \"name\": \"small_banner-blog.png\", \"path\": null, \"size\": 122.83, \"width\": 500, \"height\": 158, \"sizeInBytes\": 122834}, \"medium\": {\"ext\": \".png\", \"url\": \"/uploads/medium_banner_blog_b41464a4ee.png\", \"hash\": \"medium_banner_blog_b41464a4ee\", \"mime\": \"image/png\", \"name\": \"medium_banner-blog.png\", \"path\": null, \"size\": 255.96, \"width\": 750, \"height\": 236, \"sizeInBytes\": 255964}, \"thumbnail\": {\"ext\": \".png\", \"url\": \"/uploads/thumbnail_banner_blog_b41464a4ee.png\", \"hash\": \"thumbnail_banner_blog_b41464a4ee\", \"mime\": \"image/png\", \"name\": \"thumbnail_banner-blog.png\", \"path\": null, \"size\": 36.56, \"width\": 245, \"height\": 77, \"sizeInBytes\": 36564}}',	'banner_blog_b41464a4ee',	'.png',	'image/png',	182.01,	'/uploads/banner_blog_b41464a4ee.png',	NULL,	'local',	NULL,	'/2',	'2025-06-17 21:03:26.629000',	'2025-06-17 21:03:26.629000',	'2025-06-17 21:03:26.631000',	1,	1,	NULL),
(33,	'a3eckqz06hh0btkl8zmnghsj',	'cover-program.png',	NULL,	NULL,	800,	486,	'{\"small\": {\"ext\": \".png\", \"url\": \"/uploads/small_cover_program_a790fe52c4.png\", \"hash\": \"small_cover_program_a790fe52c4\", \"mime\": \"image/png\", \"name\": \"small_cover-program.png\", \"path\": null, \"size\": 487.17, \"width\": 500, \"height\": 304, \"sizeInBytes\": 487168}, \"medium\": {\"ext\": \".png\", \"url\": \"/uploads/medium_cover_program_a790fe52c4.png\", \"hash\": \"medium_cover_program_a790fe52c4\", \"mime\": \"image/png\", \"name\": \"medium_cover-program.png\", \"path\": null, \"size\": 1101.46, \"width\": 750, \"height\": 456, \"sizeInBytes\": 1101456}, \"thumbnail\": {\"ext\": \".png\", \"url\": \"/uploads/thumbnail_cover_program_a790fe52c4.png\", \"hash\": \"thumbnail_cover_program_a790fe52c4\", \"mime\": \"image/png\", \"name\": \"thumbnail_cover-program.png\", \"path\": null, \"size\": 115.85, \"width\": 245, \"height\": 149, \"sizeInBytes\": 115846}}',	'cover_program_a790fe52c4',	'.png',	'image/png',	359.00,	'/uploads/cover_program_a790fe52c4.png',	NULL,	'local',	NULL,	'/1',	'2025-06-20 14:08:45.602000',	'2025-06-20 14:08:45.602000',	'2025-06-20 14:08:45.653000',	1,	1,	NULL),
(34,	'q11310ez6ev3zclw90cbzs77',	'cover-program.png',	NULL,	NULL,	800,	486,	'{\"small\": {\"ext\": \".png\", \"url\": \"/uploads/small_cover_program_7d84321403.png\", \"hash\": \"small_cover_program_7d84321403\", \"mime\": \"image/png\", \"name\": \"small_cover-program.png\", \"path\": null, \"size\": 487.17, \"width\": 500, \"height\": 304, \"sizeInBytes\": 487168}, \"medium\": {\"ext\": \".png\", \"url\": \"/uploads/medium_cover_program_7d84321403.png\", \"hash\": \"medium_cover_program_7d84321403\", \"mime\": \"image/png\", \"name\": \"medium_cover-program.png\", \"path\": null, \"size\": 1101.46, \"width\": 750, \"height\": 456, \"sizeInBytes\": 1101456}, \"thumbnail\": {\"ext\": \".png\", \"url\": \"/uploads/thumbnail_cover_program_7d84321403.png\", \"hash\": \"thumbnail_cover_program_7d84321403\", \"mime\": \"image/png\", \"name\": \"thumbnail_cover-program.png\", \"path\": null, \"size\": 115.85, \"width\": 245, \"height\": 149, \"sizeInBytes\": 115846}}',	'cover_program_7d84321403',	'.png',	'image/png',	359.00,	'/uploads/cover_program_7d84321403.png',	NULL,	'local',	NULL,	'/5',	'2025-06-20 15:32:02.617000',	'2025-06-20 15:32:02.617000',	'2025-06-20 15:32:02.617000',	1,	1,	NULL),
(79,	'f2ohaqnplpdvelrd7qna4u4v',	'unnamed (6).jpg',	NULL,	NULL,	960,	640,	'{\"small\": {\"ext\": \".jpg\", \"url\": \"/uploads/small_unnamed_6_34c2008170.jpg\", \"hash\": \"small_unnamed_6_34c2008170\", \"mime\": \"image/jpeg\", \"name\": \"small_unnamed (6).jpg\", \"path\": null, \"size\": 50.98, \"width\": 500, \"height\": 333, \"sizeInBytes\": 50982}, \"medium\": {\"ext\": \".jpg\", \"url\": \"/uploads/medium_unnamed_6_34c2008170.jpg\", \"hash\": \"medium_unnamed_6_34c2008170\", \"mime\": \"image/jpeg\", \"name\": \"medium_unnamed (6).jpg\", \"path\": null, \"size\": 105.57, \"width\": 750, \"height\": 500, \"sizeInBytes\": 105571}, \"thumbnail\": {\"ext\": \".jpg\", \"url\": \"/uploads/thumbnail_unnamed_6_34c2008170.jpg\", \"hash\": \"thumbnail_unnamed_6_34c2008170\", \"mime\": \"image/jpeg\", \"name\": \"thumbnail_unnamed (6).jpg\", \"path\": null, \"size\": 12.8, \"width\": 234, \"height\": 156, \"sizeInBytes\": 12804}}',	'unnamed_6_34c2008170',	'.jpg',	'image/jpeg',	154.81,	'/uploads/unnamed_6_34c2008170.jpg',	NULL,	'local',	NULL,	'/7',	'2025-07-09 20:05:41.053000',	'2025-07-09 20:05:41.053000',	'2025-07-09 20:05:41.055000',	NULL,	NULL,	NULL),
(80,	'c156fs34amxyza93w3cf9142',	'unnamed (6).jpg',	NULL,	NULL,	960,	640,	'{\"small\": {\"ext\": \".jpg\", \"url\": \"/uploads/small_unnamed_6_d50e01a9fc.jpg\", \"hash\": \"small_unnamed_6_d50e01a9fc\", \"mime\": \"image/jpeg\", \"name\": \"small_unnamed (6).jpg\", \"path\": null, \"size\": 50.98, \"width\": 500, \"height\": 333, \"sizeInBytes\": 50982}, \"medium\": {\"ext\": \".jpg\", \"url\": \"/uploads/medium_unnamed_6_d50e01a9fc.jpg\", \"hash\": \"medium_unnamed_6_d50e01a9fc\", \"mime\": \"image/jpeg\", \"name\": \"medium_unnamed (6).jpg\", \"path\": null, \"size\": 105.57, \"width\": 750, \"height\": 500, \"sizeInBytes\": 105571}, \"thumbnail\": {\"ext\": \".jpg\", \"url\": \"/uploads/thumbnail_unnamed_6_d50e01a9fc.jpg\", \"hash\": \"thumbnail_unnamed_6_d50e01a9fc\", \"mime\": \"image/jpeg\", \"name\": \"thumbnail_unnamed (6).jpg\", \"path\": null, \"size\": 12.8, \"width\": 234, \"height\": 156, \"sizeInBytes\": 12804}}',	'unnamed_6_d50e01a9fc',	'.jpg',	'image/jpeg',	154.81,	'/uploads/unnamed_6_d50e01a9fc.jpg',	NULL,	'local',	NULL,	'/7',	'2025-07-09 20:16:09.647000',	'2025-07-09 20:16:09.647000',	'2025-07-09 20:16:09.647000',	NULL,	NULL,	NULL),
(81,	'zy6z84w5j9n48r0beu7jrfsx',	'unnamed (6).jpg',	NULL,	NULL,	960,	640,	'{\"small\": {\"ext\": \".jpg\", \"url\": \"/uploads/small_unnamed_6_3393e0e093.jpg\", \"hash\": \"small_unnamed_6_3393e0e093\", \"mime\": \"image/jpeg\", \"name\": \"small_unnamed (6).jpg\", \"path\": null, \"size\": 50.98, \"width\": 500, \"height\": 333, \"sizeInBytes\": 50982}, \"medium\": {\"ext\": \".jpg\", \"url\": \"/uploads/medium_unnamed_6_3393e0e093.jpg\", \"hash\": \"medium_unnamed_6_3393e0e093\", \"mime\": \"image/jpeg\", \"name\": \"medium_unnamed (6).jpg\", \"path\": null, \"size\": 105.57, \"width\": 750, \"height\": 500, \"sizeInBytes\": 105571}, \"thumbnail\": {\"ext\": \".jpg\", \"url\": \"/uploads/thumbnail_unnamed_6_3393e0e093.jpg\", \"hash\": \"thumbnail_unnamed_6_3393e0e093\", \"mime\": \"image/jpeg\", \"name\": \"thumbnail_unnamed (6).jpg\", \"path\": null, \"size\": 12.8, \"width\": 234, \"height\": 156, \"sizeInBytes\": 12804}}',	'unnamed_6_3393e0e093',	'.jpg',	'image/jpeg',	154.81,	'/uploads/unnamed_6_3393e0e093.jpg',	NULL,	'local',	NULL,	'/7',	'2025-07-09 20:16:11.487000',	'2025-07-09 20:16:11.487000',	'2025-07-09 20:16:11.487000',	NULL,	NULL,	NULL),
(82,	'npmxut69htqpi586hd913x47',	'unnamed (6).jpg',	NULL,	NULL,	960,	640,	'{\"small\": {\"ext\": \".jpg\", \"url\": \"/uploads/small_unnamed_6_b4125ed6dd.jpg\", \"hash\": \"small_unnamed_6_b4125ed6dd\", \"mime\": \"image/jpeg\", \"name\": \"small_unnamed (6).jpg\", \"path\": null, \"size\": 50.98, \"width\": 500, \"height\": 333, \"sizeInBytes\": 50982}, \"medium\": {\"ext\": \".jpg\", \"url\": \"/uploads/medium_unnamed_6_b4125ed6dd.jpg\", \"hash\": \"medium_unnamed_6_b4125ed6dd\", \"mime\": \"image/jpeg\", \"name\": \"medium_unnamed (6).jpg\", \"path\": null, \"size\": 105.57, \"width\": 750, \"height\": 500, \"sizeInBytes\": 105571}, \"thumbnail\": {\"ext\": \".jpg\", \"url\": \"/uploads/thumbnail_unnamed_6_b4125ed6dd.jpg\", \"hash\": \"thumbnail_unnamed_6_b4125ed6dd\", \"mime\": \"image/jpeg\", \"name\": \"thumbnail_unnamed (6).jpg\", \"path\": null, \"size\": 12.8, \"width\": 234, \"height\": 156, \"sizeInBytes\": 12804}}',	'unnamed_6_b4125ed6dd',	'.jpg',	'image/jpeg',	154.81,	'/uploads/unnamed_6_b4125ed6dd.jpg',	NULL,	'local',	NULL,	'/7',	'2025-07-09 20:16:45.915000',	'2025-07-09 20:16:45.915000',	'2025-07-09 20:16:45.916000',	NULL,	NULL,	NULL),
(83,	'atpbynuv2ebz9973hskglcze',	'unnamed (5).png',	NULL,	NULL,	1391,	648,	'{\"large\": {\"ext\": \".png\", \"url\": \"/uploads/large_unnamed_5_3b437762ee.png\", \"hash\": \"large_unnamed_5_3b437762ee\", \"mime\": \"image/png\", \"name\": \"large_unnamed (5).png\", \"path\": null, \"size\": 157.74, \"width\": 1000, \"height\": 466, \"sizeInBytes\": 157737}, \"small\": {\"ext\": \".png\", \"url\": \"/uploads/small_unnamed_5_3b437762ee.png\", \"hash\": \"small_unnamed_5_3b437762ee\", \"mime\": \"image/png\", \"name\": \"small_unnamed (5).png\", \"path\": null, \"size\": 53.49, \"width\": 500, \"height\": 233, \"sizeInBytes\": 53488}, \"medium\": {\"ext\": \".png\", \"url\": \"/uploads/medium_unnamed_5_3b437762ee.png\", \"hash\": \"medium_unnamed_5_3b437762ee\", \"mime\": \"image/png\", \"name\": \"medium_unnamed (5).png\", \"path\": null, \"size\": 100.74, \"width\": 750, \"height\": 349, \"sizeInBytes\": 100738}, \"thumbnail\": {\"ext\": \".png\", \"url\": \"/uploads/thumbnail_unnamed_5_3b437762ee.png\", \"hash\": \"thumbnail_unnamed_5_3b437762ee\", \"mime\": \"image/png\", \"name\": \"thumbnail_unnamed (5).png\", \"path\": null, \"size\": 16.57, \"width\": 245, \"height\": 114, \"sizeInBytes\": 16568}}',	'unnamed_5_3b437762ee',	'.png',	'image/png',	28.79,	'/uploads/unnamed_5_3b437762ee.png',	NULL,	'local',	NULL,	'/7',	'2025-07-09 20:22:21.800000',	'2025-07-09 20:22:21.800000',	'2025-07-09 20:22:21.802000',	NULL,	NULL,	NULL),
(84,	'ztbu5xraua90lqzlgodryy8h',	'Pembayaran (1).png',	NULL,	NULL,	393,	852,	'{\"small\": {\"ext\": \".png\", \"url\": \"/uploads/small_Pembayaran_1_c5baa6108f.png\", \"hash\": \"small_Pembayaran_1_c5baa6108f\", \"mime\": \"image/png\", \"name\": \"small_Pembayaran (1).png\", \"path\": null, \"size\": 24.98, \"width\": 231, \"height\": 500, \"sizeInBytes\": 24981}, \"medium\": {\"ext\": \".png\", \"url\": \"/uploads/medium_Pembayaran_1_c5baa6108f.png\", \"hash\": \"medium_Pembayaran_1_c5baa6108f\", \"mime\": \"image/png\", \"name\": \"medium_Pembayaran (1).png\", \"path\": null, \"size\": 44.09, \"width\": 346, \"height\": 750, \"sizeInBytes\": 44093}, \"thumbnail\": {\"ext\": \".png\", \"url\": \"/uploads/thumbnail_Pembayaran_1_c5baa6108f.png\", \"hash\": \"thumbnail_Pembayaran_1_c5baa6108f\", \"mime\": \"image/png\", \"name\": \"thumbnail_Pembayaran (1).png\", \"path\": null, \"size\": 4.83, \"width\": 72, \"height\": 156, \"sizeInBytes\": 4830}}',	'Pembayaran_1_c5baa6108f',	'.png',	'image/png',	9.11,	'/uploads/Pembayaran_1_c5baa6108f.png',	NULL,	'local',	NULL,	'/7',	'2025-07-09 20:25:05.383000',	'2025-07-09 20:25:05.383000',	'2025-07-09 20:25:05.384000',	NULL,	NULL,	NULL);

DROP TABLE IF EXISTS `files_folder_lnk`;
CREATE TABLE `files_folder_lnk` (
  `id` int unsigned NOT NULL AUTO_INCREMENT,
  `file_id` int unsigned DEFAULT NULL,
  `folder_id` int unsigned DEFAULT NULL,
  `file_ord` double unsigned DEFAULT NULL,
  PRIMARY KEY (`id`),
  UNIQUE KEY `files_folder_lnk_uq` (`file_id`,`folder_id`),
  KEY `files_folder_lnk_fk` (`file_id`),
  KEY `files_folder_lnk_ifk` (`folder_id`),
  KEY `files_folder_lnk_oifk` (`file_ord`),
  CONSTRAINT `files_folder_lnk_fk` FOREIGN KEY (`file_id`) REFERENCES `files` (`id`) ON DELETE CASCADE,
  CONSTRAINT `files_folder_lnk_ifk` FOREIGN KEY (`folder_id`) REFERENCES `upload_folders` (`id`) ON DELETE CASCADE
) ENGINE=InnoDB DEFAULT CHARSET=utf8mb4 COLLATE=utf8mb4_general_ci;

INSERT INTO `files_folder_lnk` (`id`, `file_id`, `folder_id`, `file_ord`) VALUES
(1,	4,	1,	1),
(2,	5,	1,	2),
(3,	6,	1,	3),
(4,	7,	1,	4),
(5,	8,	1,	5),
(6,	9,	1,	6),
(7,	10,	2,	1),
(8,	11,	2,	2),
(9,	12,	3,	1),
(11,	13,	4,	1),
(12,	14,	2,	3),
(13,	15,	5,	1),
(14,	16,	5,	2),
(15,	17,	5,	3),
(16,	18,	5,	4),
(17,	19,	5,	5),
(18,	20,	5,	6),
(19,	21,	5,	7),
(20,	22,	5,	8),
(21,	23,	5,	9),
(22,	24,	5,	10),
(23,	25,	5,	11),
(24,	26,	5,	12),
(25,	27,	5,	13),
(26,	28,	2,	4),
(27,	29,	6,	1),
(28,	30,	6,	2),
(29,	31,	6,	3),
(30,	32,	2,	5),
(31,	33,	1,	7),
(32,	34,	5,	14),
(77,	79,	7,	1),
(78,	80,	7,	2),
(79,	81,	7,	3),
(80,	82,	7,	4),
(81,	83,	7,	5),
(82,	84,	7,	6);

DROP TABLE IF EXISTS `files_related_mph`;
CREATE TABLE `files_related_mph` (
  `id` int unsigned NOT NULL AUTO_INCREMENT,
  `file_id` int unsigned DEFAULT NULL,
  `related_id` int unsigned DEFAULT NULL,
  `related_type` varchar(255) COLLATE utf8mb4_general_ci DEFAULT NULL,
  `field` varchar(255) COLLATE utf8mb4_general_ci DEFAULT NULL,
  `order` double unsigned DEFAULT NULL,
  PRIMARY KEY (`id`),
  KEY `files_related_mph_fk` (`file_id`),
  KEY `files_related_mph_oidx` (`order`),
  KEY `files_related_mph_idix` (`related_id`),
  CONSTRAINT `files_related_mph_fk` FOREIGN KEY (`file_id`) REFERENCES `files` (`id`) ON DELETE CASCADE
) ENGINE=InnoDB DEFAULT CHARSET=utf8mb4 COLLATE=utf8mb4_general_ci;

INSERT INTO `files_related_mph` (`id`, `file_id`, `related_id`, `related_type`, `field`, `order`) VALUES
(55,	4,	1,	'api::article.article',	'cover',	1),
(56,	4,	25,	'api::article.article',	'cover',	1),
(58,	5,	3,	'api::article.article',	'cover',	1),
(59,	5,	26,	'api::article.article',	'cover',	1),
(61,	6,	5,	'api::article.article',	'cover',	1),
(62,	6,	27,	'api::article.article',	'cover',	1),
(64,	7,	10,	'api::article.article',	'cover',	1),
(65,	7,	28,	'api::article.article',	'cover',	1),
(67,	8,	12,	'api::article.article',	'cover',	1),
(68,	8,	29,	'api::article.article',	'cover',	1),
(70,	9,	14,	'api::article.article',	'cover',	1),
(71,	9,	30,	'api::article.article',	'cover',	1),
(72,	10,	1,	'blocks.hero',	'image',	1),
(73,	10,	2,	'blocks.hero',	'image',	1),
(99,	10,	1,	'blocks.hero-section-1',	'image',	1),
(100,	10,	10,	'blocks.hero-section-1',	'image',	1),
(186,	12,	19,	'elements.team-card',	'membersImage',	1),
(187,	13,	25,	'elements.partner-card',	'image',	1),
(188,	12,	20,	'elements.team-card',	'membersImage',	1),
(189,	12,	21,	'elements.team-card',	'membersImage',	1),
(190,	13,	26,	'elements.partner-card',	'image',	1),
(191,	12,	22,	'elements.team-card',	'membersImage',	1),
(192,	12,	23,	'elements.team-card',	'membersImage',	1),
(193,	13,	27,	'elements.partner-card',	'image',	1),
(194,	12,	24,	'elements.team-card',	'membersImage',	1),
(195,	13,	28,	'elements.partner-card',	'image',	1),
(196,	13,	29,	'elements.partner-card',	'image',	1),
(197,	13,	30,	'elements.partner-card',	'image',	1),
(198,	13,	31,	'elements.partner-card',	'image',	1),
(199,	13,	32,	'elements.partner-card',	'image',	1),
(200,	13,	33,	'elements.partner-card',	'image',	1),
(201,	13,	34,	'elements.partner-card',	'image',	1),
(202,	13,	35,	'elements.partner-card',	'image',	1),
(203,	13,	36,	'elements.partner-card',	'image',	1),
(205,	13,	1,	'elements.partner-card',	'image',	1),
(206,	13,	2,	'elements.partner-card',	'image',	1),
(207,	13,	3,	'elements.partner-card',	'image',	1),
(208,	13,	4,	'elements.partner-card',	'image',	1),
(209,	13,	5,	'elements.partner-card',	'image',	1),
(210,	13,	6,	'elements.partner-card',	'image',	1),
(211,	13,	7,	'elements.partner-card',	'image',	1),
(212,	13,	8,	'elements.partner-card',	'image',	1),
(213,	13,	9,	'elements.partner-card',	'image',	1),
(214,	13,	10,	'elements.partner-card',	'image',	1),
(215,	13,	11,	'elements.partner-card',	'image',	1),
(216,	13,	12,	'elements.partner-card',	'image',	1),
(322,	11,	1,	'blocks.hero-section-2',	'image',	1),
(323,	12,	25,	'elements.team-card',	'membersImage',	1),
(324,	12,	26,	'elements.team-card',	'membersImage',	1),
(325,	12,	27,	'elements.team-card',	'membersImage',	1),
(326,	13,	37,	'elements.partner-card',	'image',	1),
(327,	13,	38,	'elements.partner-card',	'image',	1),
(328,	13,	39,	'elements.partner-card',	'image',	1),
(329,	11,	14,	'blocks.hero-section-2',	'image',	1),
(330,	12,	49,	'elements.team-card',	'membersImage',	1),
(331,	12,	50,	'elements.team-card',	'membersImage',	1),
(332,	12,	51,	'elements.team-card',	'membersImage',	1),
(333,	13,	61,	'elements.partner-card',	'image',	1),
(334,	13,	62,	'elements.partner-card',	'image',	1),
(335,	13,	63,	'elements.partner-card',	'image',	1),
(361,	16,	4,	'elements.program-card',	'image',	1),
(362,	17,	5,	'elements.program-card',	'image',	1),
(363,	16,	6,	'elements.program-card',	'image',	1),
(372,	16,	10,	'elements.program-card',	'image',	1),
(373,	17,	11,	'elements.program-card',	'image',	1),
(374,	16,	12,	'elements.program-card',	'image',	1),
(375,	18,	13,	'elements.program-card',	'image',	1),
(376,	19,	14,	'elements.program-card',	'image',	1),
(377,	18,	15,	'elements.program-card',	'image',	1),
(389,	16,	19,	'elements.program-card',	'image',	1),
(390,	17,	20,	'elements.program-card',	'image',	1),
(391,	16,	21,	'elements.program-card',	'image',	1),
(392,	18,	22,	'elements.program-card',	'image',	1),
(393,	19,	23,	'elements.program-card',	'image',	1),
(394,	18,	24,	'elements.program-card',	'image',	1),
(395,	20,	25,	'elements.program-card',	'image',	1),
(396,	21,	26,	'elements.program-card',	'image',	1),
(397,	20,	27,	'elements.program-card',	'image',	1),
(412,	16,	31,	'elements.program-card',	'image',	1),
(413,	17,	32,	'elements.program-card',	'image',	1),
(414,	16,	33,	'elements.program-card',	'image',	1),
(415,	18,	34,	'elements.program-card',	'image',	1),
(416,	19,	35,	'elements.program-card',	'image',	1),
(417,	18,	36,	'elements.program-card',	'image',	1),
(418,	20,	37,	'elements.program-card',	'image',	1),
(419,	21,	38,	'elements.program-card',	'image',	1),
(420,	20,	39,	'elements.program-card',	'image',	1),
(421,	22,	40,	'elements.program-card',	'image',	1),
(422,	23,	41,	'elements.program-card',	'image',	1),
(423,	22,	42,	'elements.program-card',	'image',	1),
(441,	16,	46,	'elements.program-card',	'image',	1),
(442,	17,	47,	'elements.program-card',	'image',	1),
(443,	16,	48,	'elements.program-card',	'image',	1),
(444,	18,	49,	'elements.program-card',	'image',	1),
(445,	19,	50,	'elements.program-card',	'image',	1),
(446,	18,	51,	'elements.program-card',	'image',	1),
(447,	20,	52,	'elements.program-card',	'image',	1),
(448,	21,	53,	'elements.program-card',	'image',	1),
(449,	20,	54,	'elements.program-card',	'image',	1),
(450,	22,	55,	'elements.program-card',	'image',	1),
(451,	23,	56,	'elements.program-card',	'image',	1),
(452,	22,	57,	'elements.program-card',	'image',	1),
(453,	24,	58,	'elements.program-card',	'image',	1),
(454,	25,	59,	'elements.program-card',	'image',	1),
(455,	24,	60,	'elements.program-card',	'image',	1),
(456,	14,	15,	'blocks.hero-section-2',	'image',	1),
(457,	26,	61,	'elements.program-card',	'image',	1),
(458,	27,	62,	'elements.program-card',	'image',	1),
(459,	26,	63,	'elements.program-card',	'image',	1),
(460,	16,	2,	'elements.program-card',	'image',	1),
(461,	17,	1,	'elements.program-card',	'image',	1),
(462,	16,	3,	'elements.program-card',	'image',	1),
(463,	18,	7,	'elements.program-card',	'image',	1),
(464,	19,	8,	'elements.program-card',	'image',	1),
(465,	18,	9,	'elements.program-card',	'image',	1),
(466,	20,	16,	'elements.program-card',	'image',	1),
(467,	21,	17,	'elements.program-card',	'image',	1),
(468,	20,	18,	'elements.program-card',	'image',	1),
(469,	22,	28,	'elements.program-card',	'image',	1),
(470,	23,	29,	'elements.program-card',	'image',	1),
(471,	22,	30,	'elements.program-card',	'image',	1),
(472,	24,	43,	'elements.program-card',	'image',	1),
(473,	25,	44,	'elements.program-card',	'image',	1),
(474,	24,	45,	'elements.program-card',	'image',	1),
(475,	14,	27,	'blocks.hero-section-2',	'image',	1),
(476,	16,	64,	'elements.program-card',	'image',	1),
(477,	17,	65,	'elements.program-card',	'image',	1),
(478,	16,	66,	'elements.program-card',	'image',	1),
(479,	18,	67,	'elements.program-card',	'image',	1),
(480,	19,	68,	'elements.program-card',	'image',	1),
(481,	18,	69,	'elements.program-card',	'image',	1),
(482,	20,	70,	'elements.program-card',	'image',	1),
(483,	21,	71,	'elements.program-card',	'image',	1),
(484,	20,	72,	'elements.program-card',	'image',	1),
(485,	22,	73,	'elements.program-card',	'image',	1),
(486,	23,	74,	'elements.program-card',	'image',	1),
(487,	22,	75,	'elements.program-card',	'image',	1),
(488,	24,	76,	'elements.program-card',	'image',	1),
(489,	25,	77,	'elements.program-card',	'image',	1),
(490,	24,	78,	'elements.program-card',	'image',	1),
(491,	26,	79,	'elements.program-card',	'image',	1),
(492,	27,	80,	'elements.program-card',	'image',	1),
(493,	26,	81,	'elements.program-card',	'image',	1),
(497,	29,	82,	'elements.program-card',	'image',	1),
(498,	30,	83,	'elements.program-card',	'image',	1),
(499,	31,	84,	'elements.program-card',	'image',	1),
(501,	29,	85,	'elements.program-card',	'image',	1),
(502,	30,	86,	'elements.program-card',	'image',	1),
(503,	31,	87,	'elements.program-card',	'image',	1),
(515,	32,	31,	'blocks.hero-section-2',	'image',	1),
(516,	32,	32,	'blocks.hero-section-2',	'image',	1),
(548,	28,	28,	'blocks.hero-section-2',	'image',	1),
(549,	28,	33,	'blocks.hero-section-2',	'image',	1),
(604,	4,	1,	'blocks.paragraph-with-image-block',	'image',	1),
(605,	4,	1,	'blocks.full-image-block',	'image',	1),
(606,	4,	2,	'blocks.paragraph-with-image-block',	'image',	1),
(607,	4,	3,	'blocks.paragraph-with-image-block',	'image',	1),
(608,	4,	1,	'api::article.article',	'image',	1),
(609,	4,	19,	'blocks.paragraph-with-image-block',	'image',	1),
(610,	4,	7,	'blocks.full-image-block',	'image',	1),
(611,	4,	20,	'blocks.paragraph-with-image-block',	'image',	1),
(612,	4,	21,	'blocks.paragraph-with-image-block',	'image',	1),
(613,	4,	11,	'api::article.article',	'image',	1),
(614,	7,	7,	'api::article.article',	'image',	1),
(615,	7,	12,	'api::article.article',	'image',	1),
(616,	33,	5,	'api::article.article',	'image',	1),
(617,	33,	13,	'api::article.article',	'image',	1),
(642,	30,	3,	'api::impact.impact',	'image',	1),
(643,	30,	19,	'api::impact.impact',	'image',	1),
(644,	29,	8,	'blocks.full-image-block',	'image',	1),
(645,	29,	1,	'api::impact.impact',	'image',	1),
(646,	29,	9,	'blocks.full-image-block',	'image',	1),
(647,	29,	20,	'api::impact.impact',	'image',	1),
(650,	27,	10,	'blocks.full-image-block',	'image',	1),
(651,	27,	14,	'api::program.program',	'image',	1),
(652,	27,	11,	'blocks.full-image-block',	'image',	1),
(653,	27,	19,	'api::program.program',	'image',	1),
(654,	21,	12,	'blocks.full-image-block',	'image',	1),
(655,	21,	8,	'api::program.program',	'image',	1),
(656,	21,	13,	'blocks.full-image-block',	'image',	1),
(657,	21,	20,	'api::program.program',	'image',	1),
(658,	34,	14,	'blocks.full-image-block',	'image',	1),
(659,	34,	12,	'api::program.program',	'image',	1),
(660,	34,	15,	'blocks.full-image-block',	'image',	1),
(661,	34,	21,	'api::program.program',	'image',	1),
(672,	31,	5,	'api::impact.impact',	'image',	1),
(673,	31,	27,	'api::impact.impact',	'image',	1),
(674,	83,	57,	'api::donation.donation',	'receipt',	1),
(675,	83,	59,	'api::donation.donation',	'receipt',	1),
(676,	84,	60,	'api::donation.donation',	'receipt',	1),
(677,	84,	62,	'api::donation.donation',	'receipt',	1);

DROP TABLE IF EXISTS `globals`;
CREATE TABLE `globals` (
  `id` int unsigned NOT NULL AUTO_INCREMENT,
  `document_id` varchar(255) COLLATE utf8mb4_general_ci DEFAULT NULL,
  `site_name` varchar(255) COLLATE utf8mb4_general_ci DEFAULT NULL,
  `site_description` longtext COLLATE utf8mb4_general_ci,
  `created_at` datetime(6) DEFAULT NULL,
  `updated_at` datetime(6) DEFAULT NULL,
  `published_at` datetime(6) DEFAULT NULL,
  `created_by_id` int unsigned DEFAULT NULL,
  `updated_by_id` int unsigned DEFAULT NULL,
  `locale` varchar(255) COLLATE utf8mb4_general_ci DEFAULT NULL,
  PRIMARY KEY (`id`),
  KEY `globals_documents_idx` (`document_id`,`locale`,`published_at`),
  KEY `globals_created_by_id_fk` (`created_by_id`),
  KEY `globals_updated_by_id_fk` (`updated_by_id`),
  CONSTRAINT `globals_created_by_id_fk` FOREIGN KEY (`created_by_id`) REFERENCES `admin_users` (`id`) ON DELETE SET NULL,
  CONSTRAINT `globals_updated_by_id_fk` FOREIGN KEY (`updated_by_id`) REFERENCES `admin_users` (`id`) ON DELETE SET NULL
) ENGINE=InnoDB DEFAULT CHARSET=utf8mb4 COLLATE=utf8mb4_general_ci;


DROP TABLE IF EXISTS `globals_cmps`;
CREATE TABLE `globals_cmps` (
  `id` int unsigned NOT NULL AUTO_INCREMENT,
  `entity_id` int unsigned DEFAULT NULL,
  `cmp_id` int unsigned DEFAULT NULL,
  `component_type` varchar(255) COLLATE utf8mb4_general_ci DEFAULT NULL,
  `field` varchar(255) COLLATE utf8mb4_general_ci DEFAULT NULL,
  `order` double unsigned DEFAULT NULL,
  PRIMARY KEY (`id`),
  UNIQUE KEY `globals_uq` (`entity_id`,`cmp_id`,`field`,`component_type`),
  KEY `globals_field_idx` (`field`),
  KEY `globals_component_type_idx` (`component_type`),
  KEY `globals_entity_fk` (`entity_id`),
  CONSTRAINT `globals_entity_fk` FOREIGN KEY (`entity_id`) REFERENCES `globals` (`id`) ON DELETE CASCADE
) ENGINE=InnoDB DEFAULT CHARSET=utf8mb4 COLLATE=utf8mb4_general_ci;


DROP TABLE IF EXISTS `home_pages`;
CREATE TABLE `home_pages` (
  `id` int unsigned NOT NULL AUTO_INCREMENT,
  `document_id` varchar(255) COLLATE utf8mb4_general_ci DEFAULT NULL,
  `title` varchar(255) COLLATE utf8mb4_general_ci DEFAULT NULL,
  `description` longtext COLLATE utf8mb4_general_ci,
  `created_at` datetime(6) DEFAULT NULL,
  `updated_at` datetime(6) DEFAULT NULL,
  `published_at` datetime(6) DEFAULT NULL,
  `created_by_id` int unsigned DEFAULT NULL,
  `updated_by_id` int unsigned DEFAULT NULL,
  `locale` varchar(255) COLLATE utf8mb4_general_ci DEFAULT NULL,
  PRIMARY KEY (`id`),
  KEY `home_pages_documents_idx` (`document_id`,`locale`,`published_at`),
  KEY `home_pages_created_by_id_fk` (`created_by_id`),
  KEY `home_pages_updated_by_id_fk` (`updated_by_id`),
  CONSTRAINT `home_pages_created_by_id_fk` FOREIGN KEY (`created_by_id`) REFERENCES `admin_users` (`id`) ON DELETE SET NULL,
  CONSTRAINT `home_pages_updated_by_id_fk` FOREIGN KEY (`updated_by_id`) REFERENCES `admin_users` (`id`) ON DELETE SET NULL
) ENGINE=InnoDB DEFAULT CHARSET=utf8mb4 COLLATE=utf8mb4_general_ci;

INSERT INTO `home_pages` (`id`, `document_id`, `title`, `description`, `created_at`, `updated_at`, `published_at`, `created_by_id`, `updated_by_id`, `locale`) VALUES
(1,	'k066ro4elvg5urcdv8ifd8r1',	'Home Page',	'This is the main page of the website.',	'2025-06-09 08:32:13.186000',	'2025-06-09 21:38:16.060000',	NULL,	1,	1,	NULL),
(17,	'k066ro4elvg5urcdv8ifd8r1',	'Home Page',	'This is the main page of the website.',	'2025-06-09 08:32:13.186000',	'2025-06-09 21:38:16.060000',	'2025-06-09 21:38:16.159000',	1,	1,	NULL);

DROP TABLE IF EXISTS `home_pages_cmps`;
CREATE TABLE `home_pages_cmps` (
  `id` int unsigned NOT NULL AUTO_INCREMENT,
  `entity_id` int unsigned DEFAULT NULL,
  `cmp_id` int unsigned DEFAULT NULL,
  `component_type` varchar(255) COLLATE utf8mb4_general_ci DEFAULT NULL,
  `field` varchar(255) COLLATE utf8mb4_general_ci DEFAULT NULL,
  `order` double unsigned DEFAULT NULL,
  PRIMARY KEY (`id`),
  UNIQUE KEY `home_pages_uq` (`entity_id`,`cmp_id`,`field`,`component_type`),
  KEY `home_pages_field_idx` (`field`),
  KEY `home_pages_component_type_idx` (`component_type`),
  KEY `home_pages_entity_fk` (`entity_id`),
  CONSTRAINT `home_pages_entity_fk` FOREIGN KEY (`entity_id`) REFERENCES `home_pages` (`id`) ON DELETE CASCADE
) ENGINE=InnoDB DEFAULT CHARSET=utf8mb4 COLLATE=utf8mb4_general_ci;

INSERT INTO `home_pages_cmps` (`id`, `entity_id`, `cmp_id`, `component_type`, `field`, `order`) VALUES
(26,	1,	1,	'blocks.hero-section-1',	'blocks',	1),
(27,	17,	10,	'blocks.hero-section-1',	'blocks',	1);

DROP TABLE IF EXISTS `i18n_locale`;
CREATE TABLE `i18n_locale` (
  `id` int unsigned NOT NULL AUTO_INCREMENT,
  `document_id` varchar(255) COLLATE utf8mb4_general_ci DEFAULT NULL,
  `name` varchar(255) COLLATE utf8mb4_general_ci DEFAULT NULL,
  `code` varchar(255) COLLATE utf8mb4_general_ci DEFAULT NULL,
  `created_at` datetime(6) DEFAULT NULL,
  `updated_at` datetime(6) DEFAULT NULL,
  `published_at` datetime(6) DEFAULT NULL,
  `created_by_id` int unsigned DEFAULT NULL,
  `updated_by_id` int unsigned DEFAULT NULL,
  `locale` varchar(255) COLLATE utf8mb4_general_ci DEFAULT NULL,
  PRIMARY KEY (`id`),
  KEY `i18n_locale_documents_idx` (`document_id`,`locale`,`published_at`),
  KEY `i18n_locale_created_by_id_fk` (`created_by_id`),
  KEY `i18n_locale_updated_by_id_fk` (`updated_by_id`),
  CONSTRAINT `i18n_locale_created_by_id_fk` FOREIGN KEY (`created_by_id`) REFERENCES `admin_users` (`id`) ON DELETE SET NULL,
  CONSTRAINT `i18n_locale_updated_by_id_fk` FOREIGN KEY (`updated_by_id`) REFERENCES `admin_users` (`id`) ON DELETE SET NULL
) ENGINE=InnoDB DEFAULT CHARSET=utf8mb4 COLLATE=utf8mb4_general_ci;

INSERT INTO `i18n_locale` (`id`, `document_id`, `name`, `code`, `created_at`, `updated_at`, `published_at`, `created_by_id`, `updated_by_id`, `locale`) VALUES
(1,	'h9r8cughybtz8677eypsdt7g',	'English (en)',	'en',	'2025-05-22 21:30:23.239000',	'2025-06-07 00:52:25.335000',	'2025-05-22 21:30:23.240000',	NULL,	1,	NULL),
(3,	'bt75w8dx31avzhqslf5z8zb5',	'Indonesian (id)',	'id-ID',	'2025-05-23 20:49:55.688000',	'2025-05-23 20:49:55.688000',	'2025-05-23 20:49:55.689000',	1,	1,	NULL);

DROP TABLE IF EXISTS `impacts`;
CREATE TABLE `impacts` (
  `id` int unsigned NOT NULL AUTO_INCREMENT,
  `document_id` varchar(255) COLLATE utf8mb4_general_ci DEFAULT NULL,
  `title` varchar(255) COLLATE utf8mb4_general_ci DEFAULT NULL,
  `description` longtext COLLATE utf8mb4_general_ci,
  `slug` varchar(255) COLLATE utf8mb4_general_ci DEFAULT NULL,
  `categories` varchar(255) COLLATE utf8mb4_general_ci DEFAULT NULL,
  `date` date DEFAULT NULL,
  `featured` tinyint(1) DEFAULT NULL,
  `created_at` datetime(6) DEFAULT NULL,
  `updated_at` datetime(6) DEFAULT NULL,
  `published_at` datetime(6) DEFAULT NULL,
  `created_by_id` int unsigned DEFAULT NULL,
  `updated_by_id` int unsigned DEFAULT NULL,
  `locale` varchar(255) COLLATE utf8mb4_general_ci DEFAULT NULL,
  PRIMARY KEY (`id`),
  KEY `impacts_documents_idx` (`document_id`,`locale`,`published_at`),
  KEY `impacts_created_by_id_fk` (`created_by_id`),
  KEY `impacts_updated_by_id_fk` (`updated_by_id`),
  CONSTRAINT `impacts_created_by_id_fk` FOREIGN KEY (`created_by_id`) REFERENCES `admin_users` (`id`) ON DELETE SET NULL,
  CONSTRAINT `impacts_updated_by_id_fk` FOREIGN KEY (`updated_by_id`) REFERENCES `admin_users` (`id`) ON DELETE SET NULL
) ENGINE=InnoDB DEFAULT CHARSET=utf8mb4 COLLATE=utf8mb4_general_ci;

INSERT INTO `impacts` (`id`, `document_id`, `title`, `description`, `slug`, `categories`, `date`, `featured`, `created_at`, `updated_at`, `published_at`, `created_by_id`, `updated_by_id`, `locale`) VALUES
(1,	's9rfmm5ss85wwnn5oswflc6n',	'See how GAWIREA is making a powerful impact on women across the globe',	'GAWIREA’s initiatives have brought real change to rural communities—providing access to clean energy technologies that improve daily life, enhance productivity, and support local economies. From solar-powered food tools to sustainable lighting, our programs are helping women lead the way in building a more resilient future',	'see-how-gawirea-is-making-a-powerful-impact-on-women-across-the-globe',	'Sinari Project',	'2025-04-17',	1,	'2025-06-23 19:41:04.608000',	'2025-07-09 14:10:25.670000',	NULL,	1,	1,	NULL),
(3,	'jd4n0xpf06aku5jeeorz7mec',	'See how GAWIREA is making a powerful impact on women across the globe',	'GAWIREA’s initiatives have brought real change to rural communities—providing access to clean energy technologies that improve daily life, enhance productivity, and support local economies. From solar-powered food tools to sustainable lighting, our programs are helping women lead the way in building a more resilient future',	'see-how-gawirea-is-making-a-powerful-impact-on-women-across-the-globe-1',	'Net Zero Heroes',	'2025-05-08',	1,	'2025-06-23 20:35:34.357000',	'2025-07-09 14:09:39.277000',	NULL,	1,	1,	NULL),
(5,	'aq8rhyz0ff15tyyj7p5mdsw2',	'Test Slug',	'GAWIREA’s initiatives have brought real change to rural communities—providing access to clean energy technologies that improve daily life, enhance productivity, and support local economies. From solar-powered food tools to sustainable lighting, our programs are helping women lead the way in building a more resilient future. GAWIREA’s initiatives have brought real change to rural communities—providing access to clean energy technologies that improve daily life, enhance productivity, and support local economies. From solar-powered food tools to sustainable lighting, our programs are helping women lead the way in building a more resilient future',	'test-slug',	'GAWIREA Lab',	'2025-06-11',	1,	'2025-06-23 20:36:19.645000',	'2025-07-09 19:05:28.351000',	NULL,	1,	1,	NULL),
(19,	'jd4n0xpf06aku5jeeorz7mec',	'See how GAWIREA is making a powerful impact on women across the globe',	'GAWIREA’s initiatives have brought real change to rural communities—providing access to clean energy technologies that improve daily life, enhance productivity, and support local economies. From solar-powered food tools to sustainable lighting, our programs are helping women lead the way in building a more resilient future',	'see-how-gawirea-is-making-a-powerful-impact-on-women-across-the-globe-1',	'Net Zero Heroes',	'2025-05-08',	1,	'2025-06-23 20:35:34.357000',	'2025-07-09 14:09:39.277000',	'2025-07-09 14:09:39.336000',	1,	1,	NULL),
(20,	's9rfmm5ss85wwnn5oswflc6n',	'See how GAWIREA is making a powerful impact on women across the globe',	'GAWIREA’s initiatives have brought real change to rural communities—providing access to clean energy technologies that improve daily life, enhance productivity, and support local economies. From solar-powered food tools to sustainable lighting, our programs are helping women lead the way in building a more resilient future',	'see-how-gawirea-is-making-a-powerful-impact-on-women-across-the-globe',	'Sinari Project',	'2025-04-17',	1,	'2025-06-23 19:41:04.608000',	'2025-07-09 14:10:25.670000',	'2025-07-09 14:10:25.731000',	1,	1,	NULL),
(27,	'aq8rhyz0ff15tyyj7p5mdsw2',	'Test Slug',	'GAWIREA’s initiatives have brought real change to rural communities—providing access to clean energy technologies that improve daily life, enhance productivity, and support local economies. From solar-powered food tools to sustainable lighting, our programs are helping women lead the way in building a more resilient future. GAWIREA’s initiatives have brought real change to rural communities—providing access to clean energy technologies that improve daily life, enhance productivity, and support local economies. From solar-powered food tools to sustainable lighting, our programs are helping women lead the way in building a more resilient future',	'test-slug',	'GAWIREA Lab',	'2025-06-11',	1,	'2025-06-23 20:36:19.645000',	'2025-07-09 19:05:28.351000',	'2025-07-09 19:05:28.443000',	1,	1,	NULL);

DROP TABLE IF EXISTS `impacts_cmps`;
CREATE TABLE `impacts_cmps` (
  `id` int unsigned NOT NULL AUTO_INCREMENT,
  `entity_id` int unsigned DEFAULT NULL,
  `cmp_id` int unsigned DEFAULT NULL,
  `component_type` varchar(255) COLLATE utf8mb4_general_ci DEFAULT NULL,
  `field` varchar(255) COLLATE utf8mb4_general_ci DEFAULT NULL,
  `order` double unsigned DEFAULT NULL,
  PRIMARY KEY (`id`),
  UNIQUE KEY `impacts_uq` (`entity_id`,`cmp_id`,`field`,`component_type`),
  KEY `impacts_field_idx` (`field`),
  KEY `impacts_component_type_idx` (`component_type`),
  KEY `impacts_entity_fk` (`entity_id`),
  CONSTRAINT `impacts_entity_fk` FOREIGN KEY (`entity_id`) REFERENCES `impacts` (`id`) ON DELETE CASCADE
) ENGINE=InnoDB DEFAULT CHARSET=utf8mb4 COLLATE=utf8mb4_general_ci;

INSERT INTO `impacts_cmps` (`id`, `entity_id`, `cmp_id`, `component_type`, `field`, `order`) VALUES
(1,	1,	186,	'elements.link',	'cta',	NULL),
(3,	3,	188,	'elements.link',	'cta',	NULL),
(5,	5,	190,	'elements.link',	'cta',	NULL),
(35,	3,	40,	'blocks.heading-block',	'blocks',	1),
(36,	3,	24,	'blocks.paragraph-with-image-block',	'blocks',	2),
(37,	19,	222,	'elements.link',	'cta',	NULL),
(38,	19,	41,	'blocks.heading-block',	'blocks',	1),
(39,	19,	25,	'blocks.paragraph-with-image-block',	'blocks',	2),
(41,	1,	3,	'blocks.heading-with-description-block',	'blocks',	1),
(42,	1,	8,	'blocks.full-image-block',	'blocks',	2),
(43,	20,	223,	'elements.link',	'cta',	NULL),
(44,	20,	4,	'blocks.heading-with-description-block',	'blocks',	1),
(45,	20,	9,	'blocks.full-image-block',	'blocks',	2),
(95,	5,	36,	'blocks.heading-block',	'blocks',	1),
(96,	5,	22,	'blocks.paragraph-with-image-block',	'blocks',	2),
(97,	27,	233,	'elements.link',	'cta',	NULL),
(98,	27,	60,	'blocks.heading-block',	'blocks',	1),
(99,	27,	32,	'blocks.paragraph-with-image-block',	'blocks',	2);

DROP TABLE IF EXISTS `newsletter_contacts`;
CREATE TABLE `newsletter_contacts` (
  `id` int unsigned NOT NULL AUTO_INCREMENT,
  `document_id` varchar(255) COLLATE utf8mb4_general_ci DEFAULT NULL,
  `name` varchar(255) COLLATE utf8mb4_general_ci DEFAULT NULL,
  `type` varchar(255) COLLATE utf8mb4_general_ci DEFAULT NULL,
  `email` varchar(255) COLLATE utf8mb4_general_ci DEFAULT NULL,
  `message` longtext COLLATE utf8mb4_general_ci,
  `created_at` datetime(6) DEFAULT NULL,
  `updated_at` datetime(6) DEFAULT NULL,
  `published_at` datetime(6) DEFAULT NULL,
  `created_by_id` int unsigned DEFAULT NULL,
  `updated_by_id` int unsigned DEFAULT NULL,
  `locale` varchar(255) COLLATE utf8mb4_general_ci DEFAULT NULL,
  PRIMARY KEY (`id`),
  KEY `newsletter_contacts_documents_idx` (`document_id`,`locale`,`published_at`),
  KEY `newsletter_contacts_created_by_id_fk` (`created_by_id`),
  KEY `newsletter_contacts_updated_by_id_fk` (`updated_by_id`),
  CONSTRAINT `newsletter_contacts_created_by_id_fk` FOREIGN KEY (`created_by_id`) REFERENCES `admin_users` (`id`) ON DELETE SET NULL,
  CONSTRAINT `newsletter_contacts_updated_by_id_fk` FOREIGN KEY (`updated_by_id`) REFERENCES `admin_users` (`id`) ON DELETE SET NULL
) ENGINE=InnoDB DEFAULT CHARSET=utf8mb4 COLLATE=utf8mb4_general_ci;


DROP TABLE IF EXISTS `pages`;
CREATE TABLE `pages` (
  `id` int unsigned NOT NULL AUTO_INCREMENT,
  `document_id` varchar(255) COLLATE utf8mb4_general_ci DEFAULT NULL,
  `title` varchar(255) COLLATE utf8mb4_general_ci DEFAULT NULL,
  `description` longtext COLLATE utf8mb4_general_ci,
  `created_at` datetime(6) DEFAULT NULL,
  `updated_at` datetime(6) DEFAULT NULL,
  `published_at` datetime(6) DEFAULT NULL,
  `created_by_id` int unsigned DEFAULT NULL,
  `updated_by_id` int unsigned DEFAULT NULL,
  `locale` varchar(255) COLLATE utf8mb4_general_ci DEFAULT NULL,
  `slug` varchar(255) COLLATE utf8mb4_general_ci DEFAULT NULL,
  PRIMARY KEY (`id`),
  KEY `pages_documents_idx` (`document_id`,`locale`,`published_at`),
  KEY `pages_created_by_id_fk` (`created_by_id`),
  KEY `pages_updated_by_id_fk` (`updated_by_id`),
  CONSTRAINT `pages_created_by_id_fk` FOREIGN KEY (`created_by_id`) REFERENCES `admin_users` (`id`) ON DELETE SET NULL,
  CONSTRAINT `pages_updated_by_id_fk` FOREIGN KEY (`updated_by_id`) REFERENCES `admin_users` (`id`) ON DELETE SET NULL
) ENGINE=InnoDB DEFAULT CHARSET=utf8mb4 COLLATE=utf8mb4_general_ci;

INSERT INTO `pages` (`id`, `document_id`, `title`, `description`, `created_at`, `updated_at`, `published_at`, `created_by_id`, `updated_by_id`, `locale`, `slug`) VALUES
(1,	'c84mpm5u55wyin4zyddc4t5e',	'About',	'This is our about us page.',	'2025-06-09 22:02:57.701000',	'2025-06-12 00:52:59.394000',	NULL,	1,	1,	NULL,	'about'),
(14,	'c84mpm5u55wyin4zyddc4t5e',	'About',	'This is our about us page.',	'2025-06-09 22:02:57.701000',	'2025-06-12 00:52:59.394000',	'2025-06-12 00:52:59.574000',	1,	1,	NULL,	'about'),
(15,	'eydylcf4ouir4f0dyf7mojz0',	'Program',	'This is our program page.',	'2025-06-12 01:30:42.337000',	'2025-06-16 21:11:50.994000',	NULL,	1,	1,	NULL,	'program'),
(27,	'eydylcf4ouir4f0dyf7mojz0',	'Program',	'This is our program page.',	'2025-06-12 01:30:42.337000',	'2025-06-16 21:11:50.994000',	'2025-06-16 21:11:51.267000',	1,	1,	NULL,	'program'),
(28,	'tphg72tyxsdcwc213ipsutkk',	'Impact',	'This is our impact page.',	'2025-06-16 21:35:02.289000',	'2025-06-23 20:34:14.525000',	NULL,	1,	1,	NULL,	'impact'),
(31,	'ha1bmpo3vpd795t43qevvdwu',	'Blog',	'This is our blog page.',	'2025-06-17 21:03:51.575000',	'2025-06-17 21:09:21.045000',	NULL,	1,	1,	NULL,	'blog'),
(32,	'ha1bmpo3vpd795t43qevvdwu',	'Blog',	'This is our blog page.',	'2025-06-17 21:03:51.575000',	'2025-06-17 21:09:21.045000',	'2025-06-17 21:09:21.144000',	1,	1,	NULL,	'blog'),
(33,	'tphg72tyxsdcwc213ipsutkk',	'Impact',	'This is our impact page.',	'2025-06-16 21:35:02.289000',	'2025-06-23 20:34:14.525000',	'2025-06-23 20:34:14.637000',	1,	1,	NULL,	'impact');

DROP TABLE IF EXISTS `pages_cmps`;
CREATE TABLE `pages_cmps` (
  `id` int unsigned NOT NULL AUTO_INCREMENT,
  `entity_id` int unsigned DEFAULT NULL,
  `cmp_id` int unsigned DEFAULT NULL,
  `component_type` varchar(255) COLLATE utf8mb4_general_ci DEFAULT NULL,
  `field` varchar(255) COLLATE utf8mb4_general_ci DEFAULT NULL,
  `order` double unsigned DEFAULT NULL,
  PRIMARY KEY (`id`),
  UNIQUE KEY `pages_uq` (`entity_id`,`cmp_id`,`field`,`component_type`),
  KEY `pages_field_idx` (`field`),
  KEY `pages_component_type_idx` (`component_type`),
  KEY `pages_entity_fk` (`entity_id`),
  CONSTRAINT `pages_entity_fk` FOREIGN KEY (`entity_id`) REFERENCES `pages` (`id`) ON DELETE CASCADE
) ENGINE=InnoDB DEFAULT CHARSET=utf8mb4 COLLATE=utf8mb4_general_ci;

INSERT INTO `pages_cmps` (`id`, `entity_id`, `cmp_id`, `component_type`, `field`, `order`) VALUES
(101,	1,	1,	'blocks.hero-section-2',	'blocks',	1),
(102,	1,	9,	'blocks.info-block',	'blocks',	2),
(103,	1,	1,	'blocks.team-block',	'blocks',	3),
(104,	1,	1,	'blocks.partner-block',	'blocks',	4),
(105,	14,	14,	'blocks.hero-section-2',	'blocks',	1),
(106,	14,	14,	'blocks.info-block',	'blocks',	2),
(107,	14,	12,	'blocks.team-block',	'blocks',	3),
(108,	14,	11,	'blocks.partner-block',	'blocks',	4),
(199,	15,	15,	'blocks.hero-section-2',	'blocks',	1),
(200,	15,	1,	'blocks.solar-sister-block',	'blocks',	2),
(201,	15,	1,	'blocks.net-zero-heroes-block',	'blocks',	3),
(202,	15,	1,	'blocks.gawirea-lab',	'blocks',	4),
(203,	15,	1,	'blocks.gawirea-edu-hub-block',	'blocks',	5),
(204,	15,	1,	'blocks.sinari-project-block',	'blocks',	6),
(205,	15,	1,	'blocks.mojuk-block',	'blocks',	7),
(206,	27,	27,	'blocks.hero-section-2',	'blocks',	1),
(207,	27,	7,	'blocks.solar-sister-block',	'blocks',	2),
(208,	27,	6,	'blocks.net-zero-heroes-block',	'blocks',	3),
(209,	27,	5,	'blocks.gawirea-lab',	'blocks',	4),
(210,	27,	4,	'blocks.gawirea-edu-hub-block',	'blocks',	5),
(211,	27,	3,	'blocks.sinari-project-block',	'blocks',	6),
(212,	27,	2,	'blocks.mojuk-block',	'blocks',	7),
(220,	31,	31,	'blocks.hero-section-2',	'blocks',	1),
(221,	31,	1,	'blocks.heading-with-description-block',	'blocks',	2),
(222,	32,	32,	'blocks.hero-section-2',	'blocks',	1),
(223,	32,	2,	'blocks.heading-with-description-block',	'blocks',	2),
(224,	28,	28,	'blocks.hero-section-2',	'blocks',	1),
(225,	28,	1,	'blocks.impact-block',	'blocks',	2),
(226,	33,	33,	'blocks.hero-section-2',	'blocks',	1),
(227,	33,	3,	'blocks.impact-block',	'blocks',	2);

DROP TABLE IF EXISTS `programs`;
CREATE TABLE `programs` (
  `id` int unsigned NOT NULL AUTO_INCREMENT,
  `document_id` varchar(255) COLLATE utf8mb4_general_ci DEFAULT NULL,
  `title` varchar(255) COLLATE utf8mb4_general_ci DEFAULT NULL,
  `description` longtext COLLATE utf8mb4_general_ci,
  `slug` varchar(255) COLLATE utf8mb4_general_ci DEFAULT NULL,
  `categories` varchar(255) COLLATE utf8mb4_general_ci DEFAULT NULL,
  `date` date DEFAULT NULL,
  `featured` tinyint(1) DEFAULT NULL,
  `created_at` datetime(6) DEFAULT NULL,
  `updated_at` datetime(6) DEFAULT NULL,
  `published_at` datetime(6) DEFAULT NULL,
  `created_by_id` int unsigned DEFAULT NULL,
  `updated_by_id` int unsigned DEFAULT NULL,
  `locale` varchar(255) COLLATE utf8mb4_general_ci DEFAULT NULL,
  PRIMARY KEY (`id`),
  KEY `programs_documents_idx` (`document_id`,`locale`,`published_at`),
  KEY `programs_created_by_id_fk` (`created_by_id`),
  KEY `programs_updated_by_id_fk` (`updated_by_id`),
  CONSTRAINT `programs_created_by_id_fk` FOREIGN KEY (`created_by_id`) REFERENCES `admin_users` (`id`) ON DELETE SET NULL,
  CONSTRAINT `programs_updated_by_id_fk` FOREIGN KEY (`updated_by_id`) REFERENCES `admin_users` (`id`) ON DELETE SET NULL
) ENGINE=InnoDB DEFAULT CHARSET=utf8mb4 COLLATE=utf8mb4_general_ci;

INSERT INTO `programs` (`id`, `document_id`, `title`, `description`, `slug`, `categories`, `date`, `featured`, `created_at`, `updated_at`, `published_at`, `created_by_id`, `updated_by_id`, `locale`) VALUES
(8,	'osvuxhbcr8myj3rf5ao4pcf2',	'Traditional Methods in Sago Processing',	'Wani Yinio Sago is a traditional expression rooted in the culture of eastern Indonesia, particularly in the Papua region. This phrase, often heard in community gatherings and cultural events, carries a deep meaning: \"Let us stand together\" or \"We rise as one.\" It reflects the spirit of solidarity, bravery, and communal strength among local people.',	'traditional-methods-in-sago-processing',	'GAWIREA Lab',	'2025-06-09',	1,	'2025-06-23 21:44:06.986000',	'2025-07-09 15:03:51.465000',	NULL,	1,	1,	NULL),
(12,	'h6ib9s8gntzirmmhpn2fnd13',	'Introduce to Wani Yinio Sago House, Traditional Methods in Sago Processing',	'Wani Yinio Sago is a traditional expression rooted in the culture of eastern Indonesia, particularly in the Papua region. This phrase, often heard in community gatherings and cultural events, carries a deep meaning: \"Let us stand together\" or \"We rise as one.\" It reflects the spirit of solidarity, bravery, and communal strength among local people.',	'introduce-to-wani-yinio-sago-house-traditional-methods-in-sago-processing',	'GAWIREA Lab',	'2025-01-25',	1,	'2025-06-27 20:11:24.548000',	'2025-07-09 15:04:27.568000',	NULL,	1,	1,	NULL),
(14,	'wxcj3u9n28jfyeetdxbkv3dd',	'Wani Yinio Sago House, Traditional Methods in Sago Processing',	'Wani Yinio Sago is a traditional expression rooted in the culture of eastern Indonesia, particularly in the Papua region. This phrase, often heard in community gatherings and cultural events, carries a deep meaning: \"Let us stand together\" or \"We rise as one.\" It reflects the spirit of solidarity, bravery, and communal strength among local people.',	'wani-yinio-sago-house-traditional-methods-in-sago-processing',	'Solar Sister',	'2025-06-09',	1,	'2025-06-27 20:14:18.230000',	'2025-07-09 15:03:14.795000',	NULL,	1,	1,	NULL),
(19,	'wxcj3u9n28jfyeetdxbkv3dd',	'Wani Yinio Sago House, Traditional Methods in Sago Processing',	'Wani Yinio Sago is a traditional expression rooted in the culture of eastern Indonesia, particularly in the Papua region. This phrase, often heard in community gatherings and cultural events, carries a deep meaning: \"Let us stand together\" or \"We rise as one.\" It reflects the spirit of solidarity, bravery, and communal strength among local people.',	'wani-yinio-sago-house-traditional-methods-in-sago-processing',	'Solar Sister',	'2025-06-09',	1,	'2025-06-27 20:14:18.230000',	'2025-07-09 15:03:14.795000',	'2025-07-09 15:03:14.989000',	1,	1,	NULL),
(20,	'osvuxhbcr8myj3rf5ao4pcf2',	'Traditional Methods in Sago Processing',	'Wani Yinio Sago is a traditional expression rooted in the culture of eastern Indonesia, particularly in the Papua region. This phrase, often heard in community gatherings and cultural events, carries a deep meaning: \"Let us stand together\" or \"We rise as one.\" It reflects the spirit of solidarity, bravery, and communal strength among local people.',	'traditional-methods-in-sago-processing',	'GAWIREA Lab',	'2025-06-09',	1,	'2025-06-23 21:44:06.986000',	'2025-07-09 15:03:51.465000',	'2025-07-09 15:03:51.579000',	1,	1,	NULL),
(21,	'h6ib9s8gntzirmmhpn2fnd13',	'Introduce to Wani Yinio Sago House, Traditional Methods in Sago Processing',	'Wani Yinio Sago is a traditional expression rooted in the culture of eastern Indonesia, particularly in the Papua region. This phrase, often heard in community gatherings and cultural events, carries a deep meaning: \"Let us stand together\" or \"We rise as one.\" It reflects the spirit of solidarity, bravery, and communal strength among local people.',	'introduce-to-wani-yinio-sago-house-traditional-methods-in-sago-processing',	'GAWIREA Lab',	'2025-01-25',	1,	'2025-06-27 20:11:24.548000',	'2025-07-09 15:04:27.568000',	'2025-07-09 15:04:27.708000',	1,	1,	NULL);

DROP TABLE IF EXISTS `programs_cmps`;
CREATE TABLE `programs_cmps` (
  `id` int unsigned NOT NULL AUTO_INCREMENT,
  `entity_id` int unsigned DEFAULT NULL,
  `cmp_id` int unsigned DEFAULT NULL,
  `component_type` varchar(255) COLLATE utf8mb4_general_ci DEFAULT NULL,
  `field` varchar(255) COLLATE utf8mb4_general_ci DEFAULT NULL,
  `order` double unsigned DEFAULT NULL,
  PRIMARY KEY (`id`),
  UNIQUE KEY `programs_uq` (`entity_id`,`cmp_id`,`field`,`component_type`),
  KEY `programs_field_idx` (`field`),
  KEY `programs_component_type_idx` (`component_type`),
  KEY `programs_entity_fk` (`entity_id`),
  CONSTRAINT `programs_entity_fk` FOREIGN KEY (`entity_id`) REFERENCES `programs` (`id`) ON DELETE CASCADE
) ENGINE=InnoDB DEFAULT CHARSET=utf8mb4 COLLATE=utf8mb4_general_ci;

INSERT INTO `programs_cmps` (`id`, `entity_id`, `cmp_id`, `component_type`, `field`, `order`) VALUES
(9,	8,	195,	'elements.link',	'cta',	NULL),
(17,	12,	201,	'elements.link',	'cta',	NULL),
(19,	14,	203,	'elements.link',	'cta',	NULL),
(28,	14,	44,	'blocks.heading-block',	'blocks',	1),
(29,	14,	10,	'blocks.full-image-block',	'blocks',	2),
(30,	19,	225,	'elements.link',	'cta',	NULL),
(31,	19,	45,	'blocks.heading-block',	'blocks',	1),
(32,	19,	11,	'blocks.full-image-block',	'blocks',	2),
(34,	8,	46,	'blocks.heading-block',	'blocks',	1),
(35,	8,	12,	'blocks.full-image-block',	'blocks',	2),
(36,	20,	226,	'elements.link',	'cta',	NULL),
(37,	20,	47,	'blocks.heading-block',	'blocks',	1),
(38,	20,	13,	'blocks.full-image-block',	'blocks',	2),
(40,	12,	48,	'blocks.heading-block',	'blocks',	1),
(41,	12,	14,	'blocks.full-image-block',	'blocks',	2),
(42,	21,	227,	'elements.link',	'cta',	NULL),
(43,	21,	49,	'blocks.heading-block',	'blocks',	1),
(44,	21,	15,	'blocks.full-image-block',	'blocks',	2);

DROP TABLE IF EXISTS `strapi_api_token_permissions`;
CREATE TABLE `strapi_api_token_permissions` (
  `id` int unsigned NOT NULL AUTO_INCREMENT,
  `document_id` varchar(255) COLLATE utf8mb4_general_ci DEFAULT NULL,
  `action` varchar(255) COLLATE utf8mb4_general_ci DEFAULT NULL,
  `created_at` datetime(6) DEFAULT NULL,
  `updated_at` datetime(6) DEFAULT NULL,
  `published_at` datetime(6) DEFAULT NULL,
  `created_by_id` int unsigned DEFAULT NULL,
  `updated_by_id` int unsigned DEFAULT NULL,
  `locale` varchar(255) COLLATE utf8mb4_general_ci DEFAULT NULL,
  PRIMARY KEY (`id`),
  KEY `strapi_api_token_permissions_documents_idx` (`document_id`,`locale`,`published_at`),
  KEY `strapi_api_token_permissions_created_by_id_fk` (`created_by_id`),
  KEY `strapi_api_token_permissions_updated_by_id_fk` (`updated_by_id`),
  CONSTRAINT `strapi_api_token_permissions_created_by_id_fk` FOREIGN KEY (`created_by_id`) REFERENCES `admin_users` (`id`) ON DELETE SET NULL,
  CONSTRAINT `strapi_api_token_permissions_updated_by_id_fk` FOREIGN KEY (`updated_by_id`) REFERENCES `admin_users` (`id`) ON DELETE SET NULL
) ENGINE=InnoDB DEFAULT CHARSET=utf8mb4 COLLATE=utf8mb4_general_ci;


DROP TABLE IF EXISTS `strapi_api_token_permissions_token_lnk`;
CREATE TABLE `strapi_api_token_permissions_token_lnk` (
  `id` int unsigned NOT NULL AUTO_INCREMENT,
  `api_token_permission_id` int unsigned DEFAULT NULL,
  `api_token_id` int unsigned DEFAULT NULL,
  `api_token_permission_ord` double unsigned DEFAULT NULL,
  PRIMARY KEY (`id`),
  UNIQUE KEY `strapi_api_token_permissions_token_lnk_uq` (`api_token_permission_id`,`api_token_id`),
  KEY `strapi_api_token_permissions_token_lnk_fk` (`api_token_permission_id`),
  KEY `strapi_api_token_permissions_token_lnk_ifk` (`api_token_id`),
  KEY `strapi_api_token_permissions_token_lnk_oifk` (`api_token_permission_ord`),
  CONSTRAINT `strapi_api_token_permissions_token_lnk_fk` FOREIGN KEY (`api_token_permission_id`) REFERENCES `strapi_api_token_permissions` (`id`) ON DELETE CASCADE,
  CONSTRAINT `strapi_api_token_permissions_token_lnk_ifk` FOREIGN KEY (`api_token_id`) REFERENCES `strapi_api_tokens` (`id`) ON DELETE CASCADE
) ENGINE=InnoDB DEFAULT CHARSET=utf8mb4 COLLATE=utf8mb4_general_ci;


DROP TABLE IF EXISTS `strapi_api_tokens`;
CREATE TABLE `strapi_api_tokens` (
  `id` int unsigned NOT NULL AUTO_INCREMENT,
  `document_id` varchar(255) COLLATE utf8mb4_general_ci DEFAULT NULL,
  `name` varchar(255) COLLATE utf8mb4_general_ci DEFAULT NULL,
  `description` varchar(255) COLLATE utf8mb4_general_ci DEFAULT NULL,
  `type` varchar(255) COLLATE utf8mb4_general_ci DEFAULT NULL,
  `access_key` varchar(255) COLLATE utf8mb4_general_ci DEFAULT NULL,
  `encrypted_key` longtext COLLATE utf8mb4_general_ci,
  `last_used_at` datetime(6) DEFAULT NULL,
  `expires_at` datetime(6) DEFAULT NULL,
  `lifespan` bigint DEFAULT NULL,
  `created_at` datetime(6) DEFAULT NULL,
  `updated_at` datetime(6) DEFAULT NULL,
  `published_at` datetime(6) DEFAULT NULL,
  `created_by_id` int unsigned DEFAULT NULL,
  `updated_by_id` int unsigned DEFAULT NULL,
  `locale` varchar(255) COLLATE utf8mb4_general_ci DEFAULT NULL,
  PRIMARY KEY (`id`),
  KEY `strapi_api_tokens_documents_idx` (`document_id`,`locale`,`published_at`),
  KEY `strapi_api_tokens_created_by_id_fk` (`created_by_id`),
  KEY `strapi_api_tokens_updated_by_id_fk` (`updated_by_id`),
  CONSTRAINT `strapi_api_tokens_created_by_id_fk` FOREIGN KEY (`created_by_id`) REFERENCES `admin_users` (`id`) ON DELETE SET NULL,
  CONSTRAINT `strapi_api_tokens_updated_by_id_fk` FOREIGN KEY (`updated_by_id`) REFERENCES `admin_users` (`id`) ON DELETE SET NULL
) ENGINE=InnoDB DEFAULT CHARSET=utf8mb4 COLLATE=utf8mb4_general_ci;

INSERT INTO `strapi_api_tokens` (`id`, `document_id`, `name`, `description`, `type`, `access_key`, `encrypted_key`, `last_used_at`, `expires_at`, `lifespan`, `created_at`, `updated_at`, `published_at`, `created_by_id`, `updated_by_id`, `locale`) VALUES
(1,	'w3l3gupq1h6pd4b60cyualt9',	'Read Only',	'A default API token with read-only permissions, only used for accessing resources',	'read-only',	'6d8f488d476640123eef138c7658114ef3eeea2cc255303436f067c64813bc08f9b29712a72dbb879ed902b81e370bcf0cde5087f5186b94a9beefa6f918209c',	'v1:c3bd3813da222168a01df92c50085f3c:981140b798f8ce298cd5aabcd9fa445a22daa33bc83d0bb8e6bb0a04794a82f25cf594da413e200ebb63c3812bd57296dc986159dd9222a55c61c65687a1a51e3c773cd6550023edf37cc50147c7daf97bf3b7ba7675262439294d214198347f1bc3c8078bef81f058dcce5f28df2eb27f4e462b7dda7bb8f96c01473f276f8bfa9fb1b6dcfe723173f62344cd15da0bf70bcc59a0adb4e837c9644cf71841602380acdbee2f0599dae6328f652ba2b5bd90c6088d06faae160e2705a1754e049c8e41d7ad68e5fc253b95bdc02f45680071cfcf8ad7c7e4bed31486a08f27c45b2619e8641e24eb53766326af1e68cf6d83f6db076b8d7f6cc9b3120b1aac05:9c07ba70bb253e61526e3c39dd586a21',	NULL,	NULL,	NULL,	'2025-05-22 21:30:26.052000',	'2025-05-22 21:30:26.052000',	'2025-05-22 21:30:26.053000',	NULL,	NULL,	NULL),
(2,	'w0gyra8epj52i0h1f9manyhi',	'Full Access',	'A default API token with full access permissions, used for accessing or modifying resources',	'full-access',	'36d5ae2684e99d8e1bc6d25dbc82f428905484aee45e1bcc9eb93434915177fbd4b8a05cedd364ececa05a0a051b4f6832f1bef3db4e8b935e73c402bfc3a9d2',	'v1:58659df1dd3902247649d1cc24bb54be:e800e4d10b0a27ca30fe35995962a8e9ab2141cbc6f8b7b1e2fdf5f80d8c567db6becbe183a0ca6f1592bf39842907bab4f5067862b7b0ced01ddf8d6c8f443af4df1ef5405024d5404cfc582e5afa0144958c31b6ede68e2cee545a31564ac510047c9603873be3edfa17579cc6029c573a6233f6b6bc9f7aadb621806d23041134130edc68e6ec56e8a33d13833f7f7702355e240b25ca0a6fc801009b8fe04ff660cf16fbc0fbc874e27b216bf6ab1a7016b1d439079a80f7c5013b709551d7fe24b552abaf30e53259ff45160f8f70d21b2f452135a6a2db7eb997f81a260aa8175d445c60bc0986d7213cce65a903368c7c9438e6ce266be59fd6141675:ef58245aacf92ba0c81c4e965c5f0955',	NULL,	NULL,	NULL,	'2025-05-22 21:30:26.077000',	'2025-05-22 21:30:26.077000',	'2025-05-22 21:30:26.077000',	NULL,	NULL,	NULL);

DROP TABLE IF EXISTS `strapi_core_store_settings`;
CREATE TABLE `strapi_core_store_settings` (
  `id` int unsigned NOT NULL AUTO_INCREMENT,
  `key` varchar(255) COLLATE utf8mb4_general_ci DEFAULT NULL,
  `value` longtext COLLATE utf8mb4_general_ci,
  `type` varchar(255) COLLATE utf8mb4_general_ci DEFAULT NULL,
  `environment` varchar(255) COLLATE utf8mb4_general_ci DEFAULT NULL,
  `tag` varchar(255) COLLATE utf8mb4_general_ci DEFAULT NULL,
  PRIMARY KEY (`id`)
) ENGINE=InnoDB DEFAULT CHARSET=utf8mb4 COLLATE=utf8mb4_general_ci;

INSERT INTO `strapi_core_store_settings` (`id`, `key`, `value`, `type`, `environment`, `tag`) VALUES
(1,	'strapi_content_types_schema',	'{\"plugin::upload.file\":{\"collectionName\":\"files\",\"info\":{\"singularName\":\"file\",\"pluralName\":\"files\",\"displayName\":\"File\",\"description\":\"\"},\"options\":{\"draftAndPublish\":false},\"pluginOptions\":{\"content-manager\":{\"visible\":false},\"content-type-builder\":{\"visible\":false}},\"attributes\":{\"name\":{\"type\":\"string\",\"configurable\":false,\"required\":true},\"alternativeText\":{\"type\":\"string\",\"configurable\":false},\"caption\":{\"type\":\"string\",\"configurable\":false},\"width\":{\"type\":\"integer\",\"configurable\":false},\"height\":{\"type\":\"integer\",\"configurable\":false},\"formats\":{\"type\":\"json\",\"configurable\":false},\"hash\":{\"type\":\"string\",\"configurable\":false,\"required\":true},\"ext\":{\"type\":\"string\",\"configurable\":false},\"mime\":{\"type\":\"string\",\"configurable\":false,\"required\":true},\"size\":{\"type\":\"decimal\",\"configurable\":false,\"required\":true},\"url\":{\"type\":\"string\",\"configurable\":false,\"required\":true},\"previewUrl\":{\"type\":\"string\",\"configurable\":false},\"provider\":{\"type\":\"string\",\"configurable\":false,\"required\":true},\"provider_metadata\":{\"type\":\"json\",\"configurable\":false},\"related\":{\"type\":\"relation\",\"relation\":\"morphToMany\",\"configurable\":false},\"folder\":{\"type\":\"relation\",\"relation\":\"manyToOne\",\"target\":\"plugin::upload.folder\",\"inversedBy\":\"files\",\"private\":true},\"folderPath\":{\"type\":\"string\",\"minLength\":1,\"required\":true,\"private\":true,\"searchable\":false},\"createdAt\":{\"type\":\"datetime\"},\"updatedAt\":{\"type\":\"datetime\"},\"publishedAt\":{\"type\":\"datetime\",\"configurable\":false,\"writable\":true,\"visible\":false},\"createdBy\":{\"type\":\"relation\",\"relation\":\"oneToOne\",\"target\":\"admin::user\",\"configurable\":false,\"writable\":false,\"visible\":false,\"useJoinTable\":false,\"private\":true},\"updatedBy\":{\"type\":\"relation\",\"relation\":\"oneToOne\",\"target\":\"admin::user\",\"configurable\":false,\"writable\":false,\"visible\":false,\"useJoinTable\":false,\"private\":true},\"locale\":{\"writable\":true,\"private\":true,\"configurable\":false,\"visible\":false,\"type\":\"string\"},\"localizations\":{\"type\":\"relation\",\"relation\":\"oneToMany\",\"target\":\"plugin::upload.file\",\"writable\":false,\"private\":true,\"configurable\":false,\"visible\":false,\"unstable_virtual\":true,\"joinColumn\":{\"name\":\"document_id\",\"referencedColumn\":\"document_id\",\"referencedTable\":\"files\"}}},\"indexes\":[{\"name\":\"upload_files_folder_path_index\",\"columns\":[\"folder_path\"],\"type\":null},{\"name\":\"upload_files_created_at_index\",\"columns\":[\"created_at\"],\"type\":null},{\"name\":\"upload_files_updated_at_index\",\"columns\":[\"updated_at\"],\"type\":null},{\"name\":\"upload_files_name_index\",\"columns\":[\"name\"],\"type\":null},{\"name\":\"upload_files_size_index\",\"columns\":[\"size\"],\"type\":null},{\"name\":\"upload_files_ext_index\",\"columns\":[\"ext\"],\"type\":null}],\"plugin\":\"upload\",\"globalId\":\"UploadFile\",\"uid\":\"plugin::upload.file\",\"modelType\":\"contentType\",\"kind\":\"collectionType\",\"__schema__\":{\"collectionName\":\"files\",\"info\":{\"singularName\":\"file\",\"pluralName\":\"files\",\"displayName\":\"File\",\"description\":\"\"},\"options\":{},\"pluginOptions\":{\"content-manager\":{\"visible\":false},\"content-type-builder\":{\"visible\":false}},\"attributes\":{\"name\":{\"type\":\"string\",\"configurable\":false,\"required\":true},\"alternativeText\":{\"type\":\"string\",\"configurable\":false},\"caption\":{\"type\":\"string\",\"configurable\":false},\"width\":{\"type\":\"integer\",\"configurable\":false},\"height\":{\"type\":\"integer\",\"configurable\":false},\"formats\":{\"type\":\"json\",\"configurable\":false},\"hash\":{\"type\":\"string\",\"configurable\":false,\"required\":true},\"ext\":{\"type\":\"string\",\"configurable\":false},\"mime\":{\"type\":\"string\",\"configurable\":false,\"required\":true},\"size\":{\"type\":\"decimal\",\"configurable\":false,\"required\":true},\"url\":{\"type\":\"string\",\"configurable\":false,\"required\":true},\"previewUrl\":{\"type\":\"string\",\"configurable\":false},\"provider\":{\"type\":\"string\",\"configurable\":false,\"required\":true},\"provider_metadata\":{\"type\":\"json\",\"configurable\":false},\"related\":{\"type\":\"relation\",\"relation\":\"morphToMany\",\"configurable\":false},\"folder\":{\"type\":\"relation\",\"relation\":\"manyToOne\",\"target\":\"plugin::upload.folder\",\"inversedBy\":\"files\",\"private\":true},\"folderPath\":{\"type\":\"string\",\"minLength\":1,\"required\":true,\"private\":true,\"searchable\":false}},\"kind\":\"collectionType\"},\"modelName\":\"file\"},\"plugin::upload.folder\":{\"collectionName\":\"upload_folders\",\"info\":{\"singularName\":\"folder\",\"pluralName\":\"folders\",\"displayName\":\"Folder\"},\"options\":{\"draftAndPublish\":false},\"pluginOptions\":{\"content-manager\":{\"visible\":false},\"content-type-builder\":{\"visible\":false}},\"attributes\":{\"name\":{\"type\":\"string\",\"minLength\":1,\"required\":true},\"pathId\":{\"type\":\"integer\",\"unique\":true,\"required\":true},\"parent\":{\"type\":\"relation\",\"relation\":\"manyToOne\",\"target\":\"plugin::upload.folder\",\"inversedBy\":\"children\"},\"children\":{\"type\":\"relation\",\"relation\":\"oneToMany\",\"target\":\"plugin::upload.folder\",\"mappedBy\":\"parent\"},\"files\":{\"type\":\"relation\",\"relation\":\"oneToMany\",\"target\":\"plugin::upload.file\",\"mappedBy\":\"folder\"},\"path\":{\"type\":\"string\",\"minLength\":1,\"required\":true},\"createdAt\":{\"type\":\"datetime\"},\"updatedAt\":{\"type\":\"datetime\"},\"publishedAt\":{\"type\":\"datetime\",\"configurable\":false,\"writable\":true,\"visible\":false},\"createdBy\":{\"type\":\"relation\",\"relation\":\"oneToOne\",\"target\":\"admin::user\",\"configurable\":false,\"writable\":false,\"visible\":false,\"useJoinTable\":false,\"private\":true},\"updatedBy\":{\"type\":\"relation\",\"relation\":\"oneToOne\",\"target\":\"admin::user\",\"configurable\":false,\"writable\":false,\"visible\":false,\"useJoinTable\":false,\"private\":true},\"locale\":{\"writable\":true,\"private\":true,\"configurable\":false,\"visible\":false,\"type\":\"string\"},\"localizations\":{\"type\":\"relation\",\"relation\":\"oneToMany\",\"target\":\"plugin::upload.folder\",\"writable\":false,\"private\":true,\"configurable\":false,\"visible\":false,\"unstable_virtual\":true,\"joinColumn\":{\"name\":\"document_id\",\"referencedColumn\":\"document_id\",\"referencedTable\":\"upload_folders\"}}},\"indexes\":[{\"name\":\"upload_folders_path_id_index\",\"columns\":[\"path_id\"],\"type\":\"unique\"},{\"name\":\"upload_folders_path_index\",\"columns\":[\"path\"],\"type\":\"unique\"}],\"plugin\":\"upload\",\"globalId\":\"UploadFolder\",\"uid\":\"plugin::upload.folder\",\"modelType\":\"contentType\",\"kind\":\"collectionType\",\"__schema__\":{\"collectionName\":\"upload_folders\",\"info\":{\"singularName\":\"folder\",\"pluralName\":\"folders\",\"displayName\":\"Folder\"},\"options\":{},\"pluginOptions\":{\"content-manager\":{\"visible\":false},\"content-type-builder\":{\"visible\":false}},\"attributes\":{\"name\":{\"type\":\"string\",\"minLength\":1,\"required\":true},\"pathId\":{\"type\":\"integer\",\"unique\":true,\"required\":true},\"parent\":{\"type\":\"relation\",\"relation\":\"manyToOne\",\"target\":\"plugin::upload.folder\",\"inversedBy\":\"children\"},\"children\":{\"type\":\"relation\",\"relation\":\"oneToMany\",\"target\":\"plugin::upload.folder\",\"mappedBy\":\"parent\"},\"files\":{\"type\":\"relation\",\"relation\":\"oneToMany\",\"target\":\"plugin::upload.file\",\"mappedBy\":\"folder\"},\"path\":{\"type\":\"string\",\"minLength\":1,\"required\":true}},\"kind\":\"collectionType\"},\"modelName\":\"folder\"},\"plugin::i18n.locale\":{\"info\":{\"singularName\":\"locale\",\"pluralName\":\"locales\",\"collectionName\":\"locales\",\"displayName\":\"Locale\",\"description\":\"\"},\"options\":{\"draftAndPublish\":false},\"pluginOptions\":{\"content-manager\":{\"visible\":false},\"content-type-builder\":{\"visible\":false}},\"attributes\":{\"name\":{\"type\":\"string\",\"min\":1,\"max\":50,\"configurable\":false},\"code\":{\"type\":\"string\",\"unique\":true,\"configurable\":false},\"createdAt\":{\"type\":\"datetime\"},\"updatedAt\":{\"type\":\"datetime\"},\"publishedAt\":{\"type\":\"datetime\",\"configurable\":false,\"writable\":true,\"visible\":false},\"createdBy\":{\"type\":\"relation\",\"relation\":\"oneToOne\",\"target\":\"admin::user\",\"configurable\":false,\"writable\":false,\"visible\":false,\"useJoinTable\":false,\"private\":true},\"updatedBy\":{\"type\":\"relation\",\"relation\":\"oneToOne\",\"target\":\"admin::user\",\"configurable\":false,\"writable\":false,\"visible\":false,\"useJoinTable\":false,\"private\":true},\"locale\":{\"writable\":true,\"private\":true,\"configurable\":false,\"visible\":false,\"type\":\"string\"},\"localizations\":{\"type\":\"relation\",\"relation\":\"oneToMany\",\"target\":\"plugin::i18n.locale\",\"writable\":false,\"private\":true,\"configurable\":false,\"visible\":false,\"unstable_virtual\":true,\"joinColumn\":{\"name\":\"document_id\",\"referencedColumn\":\"document_id\",\"referencedTable\":\"i18n_locale\"}}},\"plugin\":\"i18n\",\"collectionName\":\"i18n_locale\",\"globalId\":\"I18NLocale\",\"uid\":\"plugin::i18n.locale\",\"modelType\":\"contentType\",\"kind\":\"collectionType\",\"__schema__\":{\"collectionName\":\"i18n_locale\",\"info\":{\"singularName\":\"locale\",\"pluralName\":\"locales\",\"collectionName\":\"locales\",\"displayName\":\"Locale\",\"description\":\"\"},\"options\":{},\"pluginOptions\":{\"content-manager\":{\"visible\":false},\"content-type-builder\":{\"visible\":false}},\"attributes\":{\"name\":{\"type\":\"string\",\"min\":1,\"max\":50,\"configurable\":false},\"code\":{\"type\":\"string\",\"unique\":true,\"configurable\":false}},\"kind\":\"collectionType\"},\"modelName\":\"locale\"},\"plugin::content-releases.release\":{\"collectionName\":\"strapi_releases\",\"info\":{\"singularName\":\"release\",\"pluralName\":\"releases\",\"displayName\":\"Release\"},\"options\":{\"draftAndPublish\":false},\"pluginOptions\":{\"content-manager\":{\"visible\":false},\"content-type-builder\":{\"visible\":false}},\"attributes\":{\"name\":{\"type\":\"string\",\"required\":true},\"releasedAt\":{\"type\":\"datetime\"},\"scheduledAt\":{\"type\":\"datetime\"},\"timezone\":{\"type\":\"string\"},\"status\":{\"type\":\"enumeration\",\"enum\":[\"ready\",\"blocked\",\"failed\",\"done\",\"empty\"],\"required\":true},\"actions\":{\"type\":\"relation\",\"relation\":\"oneToMany\",\"target\":\"plugin::content-releases.release-action\",\"mappedBy\":\"release\"},\"createdAt\":{\"type\":\"datetime\"},\"updatedAt\":{\"type\":\"datetime\"},\"publishedAt\":{\"type\":\"datetime\",\"configurable\":false,\"writable\":true,\"visible\":false},\"createdBy\":{\"type\":\"relation\",\"relation\":\"oneToOne\",\"target\":\"admin::user\",\"configurable\":false,\"writable\":false,\"visible\":false,\"useJoinTable\":false,\"private\":true},\"updatedBy\":{\"type\":\"relation\",\"relation\":\"oneToOne\",\"target\":\"admin::user\",\"configurable\":false,\"writable\":false,\"visible\":false,\"useJoinTable\":false,\"private\":true},\"locale\":{\"writable\":true,\"private\":true,\"configurable\":false,\"visible\":false,\"type\":\"string\"},\"localizations\":{\"type\":\"relation\",\"relation\":\"oneToMany\",\"target\":\"plugin::content-releases.release\",\"writable\":false,\"private\":true,\"configurable\":false,\"visible\":false,\"unstable_virtual\":true,\"joinColumn\":{\"name\":\"document_id\",\"referencedColumn\":\"document_id\",\"referencedTable\":\"strapi_releases\"}}},\"plugin\":\"content-releases\",\"globalId\":\"ContentReleasesRelease\",\"uid\":\"plugin::content-releases.release\",\"modelType\":\"contentType\",\"kind\":\"collectionType\",\"__schema__\":{\"collectionName\":\"strapi_releases\",\"info\":{\"singularName\":\"release\",\"pluralName\":\"releases\",\"displayName\":\"Release\"},\"options\":{\"draftAndPublish\":false},\"pluginOptions\":{\"content-manager\":{\"visible\":false},\"content-type-builder\":{\"visible\":false}},\"attributes\":{\"name\":{\"type\":\"string\",\"required\":true},\"releasedAt\":{\"type\":\"datetime\"},\"scheduledAt\":{\"type\":\"datetime\"},\"timezone\":{\"type\":\"string\"},\"status\":{\"type\":\"enumeration\",\"enum\":[\"ready\",\"blocked\",\"failed\",\"done\",\"empty\"],\"required\":true},\"actions\":{\"type\":\"relation\",\"relation\":\"oneToMany\",\"target\":\"plugin::content-releases.release-action\",\"mappedBy\":\"release\"}},\"kind\":\"collectionType\"},\"modelName\":\"release\"},\"plugin::content-releases.release-action\":{\"collectionName\":\"strapi_release_actions\",\"info\":{\"singularName\":\"release-action\",\"pluralName\":\"release-actions\",\"displayName\":\"Release Action\"},\"options\":{\"draftAndPublish\":false},\"pluginOptions\":{\"content-manager\":{\"visible\":false},\"content-type-builder\":{\"visible\":false}},\"attributes\":{\"type\":{\"type\":\"enumeration\",\"enum\":[\"publish\",\"unpublish\"],\"required\":true},\"contentType\":{\"type\":\"string\",\"required\":true},\"entryDocumentId\":{\"type\":\"string\"},\"locale\":{\"writable\":true,\"private\":true,\"configurable\":false,\"visible\":false,\"type\":\"string\"},\"release\":{\"type\":\"relation\",\"relation\":\"manyToOne\",\"target\":\"plugin::content-releases.release\",\"inversedBy\":\"actions\"},\"isEntryValid\":{\"type\":\"boolean\"},\"createdAt\":{\"type\":\"datetime\"},\"updatedAt\":{\"type\":\"datetime\"},\"publishedAt\":{\"type\":\"datetime\",\"configurable\":false,\"writable\":true,\"visible\":false},\"createdBy\":{\"type\":\"relation\",\"relation\":\"oneToOne\",\"target\":\"admin::user\",\"configurable\":false,\"writable\":false,\"visible\":false,\"useJoinTable\":false,\"private\":true},\"updatedBy\":{\"type\":\"relation\",\"relation\":\"oneToOne\",\"target\":\"admin::user\",\"configurable\":false,\"writable\":false,\"visible\":false,\"useJoinTable\":false,\"private\":true},\"localizations\":{\"type\":\"relation\",\"relation\":\"oneToMany\",\"target\":\"plugin::content-releases.release-action\",\"writable\":false,\"private\":true,\"configurable\":false,\"visible\":false,\"unstable_virtual\":true,\"joinColumn\":{\"name\":\"document_id\",\"referencedColumn\":\"document_id\",\"referencedTable\":\"strapi_release_actions\"}}},\"plugin\":\"content-releases\",\"globalId\":\"ContentReleasesReleaseAction\",\"uid\":\"plugin::content-releases.release-action\",\"modelType\":\"contentType\",\"kind\":\"collectionType\",\"__schema__\":{\"collectionName\":\"strapi_release_actions\",\"info\":{\"singularName\":\"release-action\",\"pluralName\":\"release-actions\",\"displayName\":\"Release Action\"},\"options\":{\"draftAndPublish\":false},\"pluginOptions\":{\"content-manager\":{\"visible\":false},\"content-type-builder\":{\"visible\":false}},\"attributes\":{\"type\":{\"type\":\"enumeration\",\"enum\":[\"publish\",\"unpublish\"],\"required\":true},\"contentType\":{\"type\":\"string\",\"required\":true},\"entryDocumentId\":{\"type\":\"string\"},\"locale\":{\"type\":\"string\"},\"release\":{\"type\":\"relation\",\"relation\":\"manyToOne\",\"target\":\"plugin::content-releases.release\",\"inversedBy\":\"actions\"},\"isEntryValid\":{\"type\":\"boolean\"}},\"kind\":\"collectionType\"},\"modelName\":\"release-action\"},\"plugin::review-workflows.workflow\":{\"collectionName\":\"strapi_workflows\",\"info\":{\"name\":\"Workflow\",\"description\":\"\",\"singularName\":\"workflow\",\"pluralName\":\"workflows\",\"displayName\":\"Workflow\"},\"options\":{\"draftAndPublish\":false},\"pluginOptions\":{\"content-manager\":{\"visible\":false},\"content-type-builder\":{\"visible\":false}},\"attributes\":{\"name\":{\"type\":\"string\",\"required\":true,\"unique\":true},\"stages\":{\"type\":\"relation\",\"target\":\"plugin::review-workflows.workflow-stage\",\"relation\":\"oneToMany\",\"mappedBy\":\"workflow\"},\"stageRequiredToPublish\":{\"type\":\"relation\",\"target\":\"plugin::review-workflows.workflow-stage\",\"relation\":\"oneToOne\",\"required\":false},\"contentTypes\":{\"type\":\"json\",\"required\":true,\"default\":\"[]\"},\"createdAt\":{\"type\":\"datetime\"},\"updatedAt\":{\"type\":\"datetime\"},\"publishedAt\":{\"type\":\"datetime\",\"configurable\":false,\"writable\":true,\"visible\":false},\"createdBy\":{\"type\":\"relation\",\"relation\":\"oneToOne\",\"target\":\"admin::user\",\"configurable\":false,\"writable\":false,\"visible\":false,\"useJoinTable\":false,\"private\":true},\"updatedBy\":{\"type\":\"relation\",\"relation\":\"oneToOne\",\"target\":\"admin::user\",\"configurable\":false,\"writable\":false,\"visible\":false,\"useJoinTable\":false,\"private\":true},\"locale\":{\"writable\":true,\"private\":true,\"configurable\":false,\"visible\":false,\"type\":\"string\"},\"localizations\":{\"type\":\"relation\",\"relation\":\"oneToMany\",\"target\":\"plugin::review-workflows.workflow\",\"writable\":false,\"private\":true,\"configurable\":false,\"visible\":false,\"unstable_virtual\":true,\"joinColumn\":{\"name\":\"document_id\",\"referencedColumn\":\"document_id\",\"referencedTable\":\"strapi_workflows\"}}},\"plugin\":\"review-workflows\",\"globalId\":\"ReviewWorkflowsWorkflow\",\"uid\":\"plugin::review-workflows.workflow\",\"modelType\":\"contentType\",\"kind\":\"collectionType\",\"__schema__\":{\"collectionName\":\"strapi_workflows\",\"info\":{\"name\":\"Workflow\",\"description\":\"\",\"singularName\":\"workflow\",\"pluralName\":\"workflows\",\"displayName\":\"Workflow\"},\"options\":{},\"pluginOptions\":{\"content-manager\":{\"visible\":false},\"content-type-builder\":{\"visible\":false}},\"attributes\":{\"name\":{\"type\":\"string\",\"required\":true,\"unique\":true},\"stages\":{\"type\":\"relation\",\"target\":\"plugin::review-workflows.workflow-stage\",\"relation\":\"oneToMany\",\"mappedBy\":\"workflow\"},\"stageRequiredToPublish\":{\"type\":\"relation\",\"target\":\"plugin::review-workflows.workflow-stage\",\"relation\":\"oneToOne\",\"required\":false},\"contentTypes\":{\"type\":\"json\",\"required\":true,\"default\":\"[]\"}},\"kind\":\"collectionType\"},\"modelName\":\"workflow\"},\"plugin::review-workflows.workflow-stage\":{\"collectionName\":\"strapi_workflows_stages\",\"info\":{\"name\":\"Workflow Stage\",\"description\":\"\",\"singularName\":\"workflow-stage\",\"pluralName\":\"workflow-stages\",\"displayName\":\"Stages\"},\"options\":{\"version\":\"1.1.0\",\"draftAndPublish\":false},\"pluginOptions\":{\"content-manager\":{\"visible\":false},\"content-type-builder\":{\"visible\":false}},\"attributes\":{\"name\":{\"type\":\"string\",\"configurable\":false},\"color\":{\"type\":\"string\",\"configurable\":false,\"default\":\"#4945FF\"},\"workflow\":{\"type\":\"relation\",\"target\":\"plugin::review-workflows.workflow\",\"relation\":\"manyToOne\",\"inversedBy\":\"stages\",\"configurable\":false},\"permissions\":{\"type\":\"relation\",\"target\":\"admin::permission\",\"relation\":\"manyToMany\",\"configurable\":false},\"createdAt\":{\"type\":\"datetime\"},\"updatedAt\":{\"type\":\"datetime\"},\"publishedAt\":{\"type\":\"datetime\",\"configurable\":false,\"writable\":true,\"visible\":false},\"createdBy\":{\"type\":\"relation\",\"relation\":\"oneToOne\",\"target\":\"admin::user\",\"configurable\":false,\"writable\":false,\"visible\":false,\"useJoinTable\":false,\"private\":true},\"updatedBy\":{\"type\":\"relation\",\"relation\":\"oneToOne\",\"target\":\"admin::user\",\"configurable\":false,\"writable\":false,\"visible\":false,\"useJoinTable\":false,\"private\":true},\"locale\":{\"writable\":true,\"private\":true,\"configurable\":false,\"visible\":false,\"type\":\"string\"},\"localizations\":{\"type\":\"relation\",\"relation\":\"oneToMany\",\"target\":\"plugin::review-workflows.workflow-stage\",\"writable\":false,\"private\":true,\"configurable\":false,\"visible\":false,\"unstable_virtual\":true,\"joinColumn\":{\"name\":\"document_id\",\"referencedColumn\":\"document_id\",\"referencedTable\":\"strapi_workflows_stages\"}}},\"plugin\":\"review-workflows\",\"globalId\":\"ReviewWorkflowsWorkflowStage\",\"uid\":\"plugin::review-workflows.workflow-stage\",\"modelType\":\"contentType\",\"kind\":\"collectionType\",\"__schema__\":{\"collectionName\":\"strapi_workflows_stages\",\"info\":{\"name\":\"Workflow Stage\",\"description\":\"\",\"singularName\":\"workflow-stage\",\"pluralName\":\"workflow-stages\",\"displayName\":\"Stages\"},\"options\":{\"version\":\"1.1.0\"},\"pluginOptions\":{\"content-manager\":{\"visible\":false},\"content-type-builder\":{\"visible\":false}},\"attributes\":{\"name\":{\"type\":\"string\",\"configurable\":false},\"color\":{\"type\":\"string\",\"configurable\":false,\"default\":\"#4945FF\"},\"workflow\":{\"type\":\"relation\",\"target\":\"plugin::review-workflows.workflow\",\"relation\":\"manyToOne\",\"inversedBy\":\"stages\",\"configurable\":false},\"permissions\":{\"type\":\"relation\",\"target\":\"admin::permission\",\"relation\":\"manyToMany\",\"configurable\":false}},\"kind\":\"collectionType\"},\"modelName\":\"workflow-stage\"},\"plugin::users-permissions.permission\":{\"collectionName\":\"up_permissions\",\"info\":{\"name\":\"permission\",\"description\":\"\",\"singularName\":\"permission\",\"pluralName\":\"permissions\",\"displayName\":\"Permission\"},\"pluginOptions\":{\"content-manager\":{\"visible\":false},\"content-type-builder\":{\"visible\":false}},\"attributes\":{\"action\":{\"type\":\"string\",\"required\":true,\"configurable\":false},\"role\":{\"type\":\"relation\",\"relation\":\"manyToOne\",\"target\":\"plugin::users-permissions.role\",\"inversedBy\":\"permissions\",\"configurable\":false},\"createdAt\":{\"type\":\"datetime\"},\"updatedAt\":{\"type\":\"datetime\"},\"publishedAt\":{\"type\":\"datetime\",\"configurable\":false,\"writable\":true,\"visible\":false},\"createdBy\":{\"type\":\"relation\",\"relation\":\"oneToOne\",\"target\":\"admin::user\",\"configurable\":false,\"writable\":false,\"visible\":false,\"useJoinTable\":false,\"private\":true},\"updatedBy\":{\"type\":\"relation\",\"relation\":\"oneToOne\",\"target\":\"admin::user\",\"configurable\":false,\"writable\":false,\"visible\":false,\"useJoinTable\":false,\"private\":true},\"locale\":{\"writable\":true,\"private\":true,\"configurable\":false,\"visible\":false,\"type\":\"string\"},\"localizations\":{\"type\":\"relation\",\"relation\":\"oneToMany\",\"target\":\"plugin::users-permissions.permission\",\"writable\":false,\"private\":true,\"configurable\":false,\"visible\":false,\"unstable_virtual\":true,\"joinColumn\":{\"name\":\"document_id\",\"referencedColumn\":\"document_id\",\"referencedTable\":\"up_permissions\"}}},\"plugin\":\"users-permissions\",\"globalId\":\"UsersPermissionsPermission\",\"uid\":\"plugin::users-permissions.permission\",\"modelType\":\"contentType\",\"kind\":\"collectionType\",\"__schema__\":{\"collectionName\":\"up_permissions\",\"info\":{\"name\":\"permission\",\"description\":\"\",\"singularName\":\"permission\",\"pluralName\":\"permissions\",\"displayName\":\"Permission\"},\"pluginOptions\":{\"content-manager\":{\"visible\":false},\"content-type-builder\":{\"visible\":false}},\"attributes\":{\"action\":{\"type\":\"string\",\"required\":true,\"configurable\":false},\"role\":{\"type\":\"relation\",\"relation\":\"manyToOne\",\"target\":\"plugin::users-permissions.role\",\"inversedBy\":\"permissions\",\"configurable\":false}},\"kind\":\"collectionType\"},\"modelName\":\"permission\",\"options\":{\"draftAndPublish\":false}},\"plugin::users-permissions.role\":{\"collectionName\":\"up_roles\",\"info\":{\"name\":\"role\",\"description\":\"\",\"singularName\":\"role\",\"pluralName\":\"roles\",\"displayName\":\"Role\"},\"pluginOptions\":{\"content-manager\":{\"visible\":false},\"content-type-builder\":{\"visible\":false}},\"attributes\":{\"name\":{\"type\":\"string\",\"minLength\":3,\"required\":true,\"configurable\":false},\"description\":{\"type\":\"string\",\"configurable\":false},\"type\":{\"type\":\"string\",\"unique\":true,\"configurable\":false},\"permissions\":{\"type\":\"relation\",\"relation\":\"oneToMany\",\"target\":\"plugin::users-permissions.permission\",\"mappedBy\":\"role\",\"configurable\":false},\"users\":{\"type\":\"relation\",\"relation\":\"oneToMany\",\"target\":\"plugin::users-permissions.user\",\"mappedBy\":\"role\",\"configurable\":false},\"createdAt\":{\"type\":\"datetime\"},\"updatedAt\":{\"type\":\"datetime\"},\"publishedAt\":{\"type\":\"datetime\",\"configurable\":false,\"writable\":true,\"visible\":false},\"createdBy\":{\"type\":\"relation\",\"relation\":\"oneToOne\",\"target\":\"admin::user\",\"configurable\":false,\"writable\":false,\"visible\":false,\"useJoinTable\":false,\"private\":true},\"updatedBy\":{\"type\":\"relation\",\"relation\":\"oneToOne\",\"target\":\"admin::user\",\"configurable\":false,\"writable\":false,\"visible\":false,\"useJoinTable\":false,\"private\":true},\"locale\":{\"writable\":true,\"private\":true,\"configurable\":false,\"visible\":false,\"type\":\"string\"},\"localizations\":{\"type\":\"relation\",\"relation\":\"oneToMany\",\"target\":\"plugin::users-permissions.role\",\"writable\":false,\"private\":true,\"configurable\":false,\"visible\":false,\"unstable_virtual\":true,\"joinColumn\":{\"name\":\"document_id\",\"referencedColumn\":\"document_id\",\"referencedTable\":\"up_roles\"}}},\"plugin\":\"users-permissions\",\"globalId\":\"UsersPermissionsRole\",\"uid\":\"plugin::users-permissions.role\",\"modelType\":\"contentType\",\"kind\":\"collectionType\",\"__schema__\":{\"collectionName\":\"up_roles\",\"info\":{\"name\":\"role\",\"description\":\"\",\"singularName\":\"role\",\"pluralName\":\"roles\",\"displayName\":\"Role\"},\"pluginOptions\":{\"content-manager\":{\"visible\":false},\"content-type-builder\":{\"visible\":false}},\"attributes\":{\"name\":{\"type\":\"string\",\"minLength\":3,\"required\":true,\"configurable\":false},\"description\":{\"type\":\"string\",\"configurable\":false},\"type\":{\"type\":\"string\",\"unique\":true,\"configurable\":false},\"permissions\":{\"type\":\"relation\",\"relation\":\"oneToMany\",\"target\":\"plugin::users-permissions.permission\",\"mappedBy\":\"role\",\"configurable\":false},\"users\":{\"type\":\"relation\",\"relation\":\"oneToMany\",\"target\":\"plugin::users-permissions.user\",\"mappedBy\":\"role\",\"configurable\":false}},\"kind\":\"collectionType\"},\"modelName\":\"role\",\"options\":{\"draftAndPublish\":false}},\"plugin::users-permissions.user\":{\"collectionName\":\"up_users\",\"info\":{\"name\":\"user\",\"description\":\"\",\"singularName\":\"user\",\"pluralName\":\"users\",\"displayName\":\"User\"},\"options\":{\"timestamps\":true,\"draftAndPublish\":false},\"attributes\":{\"username\":{\"type\":\"string\",\"minLength\":3,\"unique\":true,\"configurable\":false,\"required\":true},\"email\":{\"type\":\"email\",\"minLength\":6,\"configurable\":false,\"required\":true},\"provider\":{\"type\":\"string\",\"configurable\":false},\"password\":{\"type\":\"password\",\"minLength\":6,\"configurable\":false,\"private\":true,\"searchable\":false},\"resetPasswordToken\":{\"type\":\"string\",\"configurable\":false,\"private\":true,\"searchable\":false},\"confirmationToken\":{\"type\":\"string\",\"configurable\":false,\"private\":true,\"searchable\":false},\"confirmed\":{\"type\":\"boolean\",\"default\":false,\"configurable\":false},\"blocked\":{\"type\":\"boolean\",\"default\":false,\"configurable\":false},\"role\":{\"type\":\"relation\",\"relation\":\"manyToOne\",\"target\":\"plugin::users-permissions.role\",\"inversedBy\":\"users\",\"configurable\":false},\"createdAt\":{\"type\":\"datetime\"},\"updatedAt\":{\"type\":\"datetime\"},\"publishedAt\":{\"type\":\"datetime\",\"configurable\":false,\"writable\":true,\"visible\":false},\"createdBy\":{\"type\":\"relation\",\"relation\":\"oneToOne\",\"target\":\"admin::user\",\"configurable\":false,\"writable\":false,\"visible\":false,\"useJoinTable\":false,\"private\":true},\"updatedBy\":{\"type\":\"relation\",\"relation\":\"oneToOne\",\"target\":\"admin::user\",\"configurable\":false,\"writable\":false,\"visible\":false,\"useJoinTable\":false,\"private\":true},\"locale\":{\"writable\":true,\"private\":true,\"configurable\":false,\"visible\":false,\"type\":\"string\"},\"localizations\":{\"type\":\"relation\",\"relation\":\"oneToMany\",\"target\":\"plugin::users-permissions.user\",\"writable\":false,\"private\":true,\"configurable\":false,\"visible\":false,\"unstable_virtual\":true,\"joinColumn\":{\"name\":\"document_id\",\"referencedColumn\":\"document_id\",\"referencedTable\":\"up_users\"}}},\"config\":{\"attributes\":{\"resetPasswordToken\":{\"hidden\":true},\"confirmationToken\":{\"hidden\":true},\"provider\":{\"hidden\":true}}},\"plugin\":\"users-permissions\",\"globalId\":\"UsersPermissionsUser\",\"uid\":\"plugin::users-permissions.user\",\"modelType\":\"contentType\",\"kind\":\"collectionType\",\"__schema__\":{\"collectionName\":\"up_users\",\"info\":{\"name\":\"user\",\"description\":\"\",\"singularName\":\"user\",\"pluralName\":\"users\",\"displayName\":\"User\"},\"options\":{\"timestamps\":true},\"attributes\":{\"username\":{\"type\":\"string\",\"minLength\":3,\"unique\":true,\"configurable\":false,\"required\":true},\"email\":{\"type\":\"email\",\"minLength\":6,\"configurable\":false,\"required\":true},\"provider\":{\"type\":\"string\",\"configurable\":false},\"password\":{\"type\":\"password\",\"minLength\":6,\"configurable\":false,\"private\":true,\"searchable\":false},\"resetPasswordToken\":{\"type\":\"string\",\"configurable\":false,\"private\":true,\"searchable\":false},\"confirmationToken\":{\"type\":\"string\",\"configurable\":false,\"private\":true,\"searchable\":false},\"confirmed\":{\"type\":\"boolean\",\"default\":false,\"configurable\":false},\"blocked\":{\"type\":\"boolean\",\"default\":false,\"configurable\":false},\"role\":{\"type\":\"relation\",\"relation\":\"manyToOne\",\"target\":\"plugin::users-permissions.role\",\"inversedBy\":\"users\",\"configurable\":false}},\"kind\":\"collectionType\"},\"modelName\":\"user\"},\"api::article.article\":{\"kind\":\"collectionType\",\"collectionName\":\"articles\",\"info\":{\"singularName\":\"article\",\"pluralName\":\"articles\",\"displayName\":\"Article\",\"description\":\"\"},\"options\":{\"draftAndPublish\":true},\"attributes\":{\"title\":{\"type\":\"string\"},\"description\":{\"type\":\"text\"},\"slug\":{\"type\":\"uid\",\"targetField\":\"title\"},\"image\":{\"type\":\"media\",\"multiple\":false,\"required\":false,\"allowedTypes\":[\"images\"]},\"featured\":{\"type\":\"boolean\",\"default\":false},\"blocks\":{\"type\":\"dynamiczone\",\"components\":[\"blocks.paragraph-block\",\"blocks.paragraph-with-image-block\",\"blocks.hero-section-2\",\"blocks.heading-block\",\"blocks.full-image-block\"]},\"categories\":{\"type\":\"enumeration\",\"enum\":[\"Sinari Project\",\"GAWIREA Lab\",\"GAWIREA Edu Hub\",\"Solar Sister\",\"Mojuk\",\"Net Zero Heroes\"]},\"cta\":{\"type\":\"component\",\"repeatable\":false,\"component\":\"elements.link\"},\"createdAt\":{\"type\":\"datetime\"},\"updatedAt\":{\"type\":\"datetime\"},\"publishedAt\":{\"type\":\"datetime\",\"configurable\":false,\"writable\":true,\"visible\":false},\"createdBy\":{\"type\":\"relation\",\"relation\":\"oneToOne\",\"target\":\"admin::user\",\"configurable\":false,\"writable\":false,\"visible\":false,\"useJoinTable\":false,\"private\":true},\"updatedBy\":{\"type\":\"relation\",\"relation\":\"oneToOne\",\"target\":\"admin::user\",\"configurable\":false,\"writable\":false,\"visible\":false,\"useJoinTable\":false,\"private\":true},\"locale\":{\"writable\":true,\"private\":true,\"configurable\":false,\"visible\":false,\"type\":\"string\"},\"localizations\":{\"type\":\"relation\",\"relation\":\"oneToMany\",\"target\":\"api::article.article\",\"writable\":false,\"private\":true,\"configurable\":false,\"visible\":false,\"unstable_virtual\":true,\"joinColumn\":{\"name\":\"document_id\",\"referencedColumn\":\"document_id\",\"referencedTable\":\"articles\"}}},\"apiName\":\"article\",\"globalId\":\"Article\",\"uid\":\"api::article.article\",\"modelType\":\"contentType\",\"__schema__\":{\"collectionName\":\"articles\",\"info\":{\"singularName\":\"article\",\"pluralName\":\"articles\",\"displayName\":\"Article\",\"description\":\"\"},\"options\":{\"draftAndPublish\":true},\"attributes\":{\"title\":{\"type\":\"string\"},\"description\":{\"type\":\"text\"},\"slug\":{\"type\":\"uid\",\"targetField\":\"title\"},\"image\":{\"type\":\"media\",\"multiple\":false,\"required\":false,\"allowedTypes\":[\"images\"]},\"featured\":{\"type\":\"boolean\",\"default\":false},\"blocks\":{\"type\":\"dynamiczone\",\"components\":[\"blocks.paragraph-block\",\"blocks.paragraph-with-image-block\",\"blocks.hero-section-2\",\"blocks.heading-block\",\"blocks.full-image-block\"]},\"categories\":{\"type\":\"enumeration\",\"enum\":[\"Sinari Project\",\"GAWIREA Lab\",\"GAWIREA Edu Hub\",\"Solar Sister\",\"Mojuk\",\"Net Zero Heroes\"]},\"cta\":{\"type\":\"component\",\"repeatable\":false,\"component\":\"elements.link\"}},\"kind\":\"collectionType\"},\"modelName\":\"article\",\"actions\":{},\"lifecycles\":{}},\"api::donation.donation\":{\"kind\":\"collectionType\",\"collectionName\":\"donations\",\"info\":{\"singularName\":\"donation\",\"pluralName\":\"donations\",\"displayName\":\"Donation\",\"description\":\"\"},\"options\":{\"draftAndPublish\":true},\"attributes\":{\"name\":{\"type\":\"text\"},\"email\":{\"type\":\"email\"},\"amount\":{\"type\":\"integer\"},\"payment_method\":{\"type\":\"enumeration\",\"enum\":[\"Paypal\",\"BRI\"]},\"period\":{\"type\":\"enumeration\",\"enum\":[\"Once\",\"Monthly\"]},\"receipt\":{\"allowedTypes\":[\"images\"],\"type\":\"media\",\"multiple\":false},\"createdAt\":{\"type\":\"datetime\"},\"updatedAt\":{\"type\":\"datetime\"},\"publishedAt\":{\"type\":\"datetime\",\"configurable\":false,\"writable\":true,\"visible\":false},\"createdBy\":{\"type\":\"relation\",\"relation\":\"oneToOne\",\"target\":\"admin::user\",\"configurable\":false,\"writable\":false,\"visible\":false,\"useJoinTable\":false,\"private\":true},\"updatedBy\":{\"type\":\"relation\",\"relation\":\"oneToOne\",\"target\":\"admin::user\",\"configurable\":false,\"writable\":false,\"visible\":false,\"useJoinTable\":false,\"private\":true},\"locale\":{\"writable\":true,\"private\":true,\"configurable\":false,\"visible\":false,\"type\":\"string\"},\"localizations\":{\"type\":\"relation\",\"relation\":\"oneToMany\",\"target\":\"api::donation.donation\",\"writable\":false,\"private\":true,\"configurable\":false,\"visible\":false,\"unstable_virtual\":true,\"joinColumn\":{\"name\":\"document_id\",\"referencedColumn\":\"document_id\",\"referencedTable\":\"donations\"}}},\"apiName\":\"donation\",\"globalId\":\"Donation\",\"uid\":\"api::donation.donation\",\"modelType\":\"contentType\",\"__schema__\":{\"collectionName\":\"donations\",\"info\":{\"singularName\":\"donation\",\"pluralName\":\"donations\",\"displayName\":\"Donation\",\"description\":\"\"},\"options\":{\"draftAndPublish\":true},\"attributes\":{\"name\":{\"type\":\"text\"},\"email\":{\"type\":\"email\"},\"amount\":{\"type\":\"integer\"},\"payment_method\":{\"type\":\"enumeration\",\"enum\":[\"Paypal\",\"BRI\"]},\"period\":{\"type\":\"enumeration\",\"enum\":[\"Once\",\"Monthly\"]},\"receipt\":{\"allowedTypes\":[\"images\"],\"type\":\"media\",\"multiple\":false}},\"kind\":\"collectionType\"},\"modelName\":\"donation\",\"actions\":{},\"lifecycles\":{}},\"api::global.global\":{\"kind\":\"singleType\",\"collectionName\":\"globals\",\"info\":{\"singularName\":\"global\",\"pluralName\":\"globals\",\"displayName\":\"Global\",\"description\":\"Define global settings\"},\"options\":{\"draftAndPublish\":false},\"pluginOptions\":{},\"attributes\":{\"siteName\":{\"type\":\"string\",\"required\":true},\"favicon\":{\"type\":\"media\",\"multiple\":false,\"required\":false,\"allowedTypes\":[\"images\",\"files\",\"videos\"]},\"siteDescription\":{\"type\":\"text\",\"required\":true},\"defaultSeo\":{\"type\":\"component\",\"repeatable\":false,\"component\":\"shared.seo\"},\"createdAt\":{\"type\":\"datetime\"},\"updatedAt\":{\"type\":\"datetime\"},\"publishedAt\":{\"type\":\"datetime\",\"configurable\":false,\"writable\":true,\"visible\":false},\"createdBy\":{\"type\":\"relation\",\"relation\":\"oneToOne\",\"target\":\"admin::user\",\"configurable\":false,\"writable\":false,\"visible\":false,\"useJoinTable\":false,\"private\":true},\"updatedBy\":{\"type\":\"relation\",\"relation\":\"oneToOne\",\"target\":\"admin::user\",\"configurable\":false,\"writable\":false,\"visible\":false,\"useJoinTable\":false,\"private\":true},\"locale\":{\"writable\":true,\"private\":true,\"configurable\":false,\"visible\":false,\"type\":\"string\"},\"localizations\":{\"type\":\"relation\",\"relation\":\"oneToMany\",\"target\":\"api::global.global\",\"writable\":false,\"private\":true,\"configurable\":false,\"visible\":false,\"unstable_virtual\":true,\"joinColumn\":{\"name\":\"document_id\",\"referencedColumn\":\"document_id\",\"referencedTable\":\"globals\"}}},\"apiName\":\"global\",\"globalId\":\"Global\",\"uid\":\"api::global.global\",\"modelType\":\"contentType\",\"__schema__\":{\"collectionName\":\"globals\",\"info\":{\"singularName\":\"global\",\"pluralName\":\"globals\",\"displayName\":\"Global\",\"description\":\"Define global settings\"},\"options\":{\"draftAndPublish\":false},\"pluginOptions\":{},\"attributes\":{\"siteName\":{\"type\":\"string\",\"required\":true},\"favicon\":{\"type\":\"media\",\"multiple\":false,\"required\":false,\"allowedTypes\":[\"images\",\"files\",\"videos\"]},\"siteDescription\":{\"type\":\"text\",\"required\":true},\"defaultSeo\":{\"type\":\"component\",\"repeatable\":false,\"component\":\"shared.seo\"}},\"kind\":\"singleType\"},\"modelName\":\"global\",\"actions\":{},\"lifecycles\":{}},\"api::home-page.home-page\":{\"kind\":\"singleType\",\"collectionName\":\"home_pages\",\"info\":{\"singularName\":\"home-page\",\"pluralName\":\"home-pages\",\"displayName\":\"Home Page\",\"description\":\"\"},\"options\":{\"draftAndPublish\":true},\"attributes\":{\"title\":{\"type\":\"string\"},\"description\":{\"type\":\"text\"},\"blocks\":{\"type\":\"dynamiczone\",\"components\":[\"blocks.hero-section-1\"]},\"createdAt\":{\"type\":\"datetime\"},\"updatedAt\":{\"type\":\"datetime\"},\"publishedAt\":{\"type\":\"datetime\",\"configurable\":false,\"writable\":true,\"visible\":false},\"createdBy\":{\"type\":\"relation\",\"relation\":\"oneToOne\",\"target\":\"admin::user\",\"configurable\":false,\"writable\":false,\"visible\":false,\"useJoinTable\":false,\"private\":true},\"updatedBy\":{\"type\":\"relation\",\"relation\":\"oneToOne\",\"target\":\"admin::user\",\"configurable\":false,\"writable\":false,\"visible\":false,\"useJoinTable\":false,\"private\":true},\"locale\":{\"writable\":true,\"private\":true,\"configurable\":false,\"visible\":false,\"type\":\"string\"},\"localizations\":{\"type\":\"relation\",\"relation\":\"oneToMany\",\"target\":\"api::home-page.home-page\",\"writable\":false,\"private\":true,\"configurable\":false,\"visible\":false,\"unstable_virtual\":true,\"joinColumn\":{\"name\":\"document_id\",\"referencedColumn\":\"document_id\",\"referencedTable\":\"home_pages\"}}},\"apiName\":\"home-page\",\"globalId\":\"HomePage\",\"uid\":\"api::home-page.home-page\",\"modelType\":\"contentType\",\"__schema__\":{\"collectionName\":\"home_pages\",\"info\":{\"singularName\":\"home-page\",\"pluralName\":\"home-pages\",\"displayName\":\"Home Page\",\"description\":\"\"},\"options\":{\"draftAndPublish\":true},\"attributes\":{\"title\":{\"type\":\"string\"},\"description\":{\"type\":\"text\"},\"blocks\":{\"type\":\"dynamiczone\",\"components\":[\"blocks.hero-section-1\"]}},\"kind\":\"singleType\"},\"modelName\":\"home-page\",\"actions\":{},\"lifecycles\":{}},\"api::impact.impact\":{\"kind\":\"collectionType\",\"collectionName\":\"impacts\",\"info\":{\"singularName\":\"impact\",\"pluralName\":\"impacts\",\"displayName\":\"Impact\",\"description\":\"\"},\"options\":{\"draftAndPublish\":true},\"attributes\":{\"title\":{\"type\":\"string\"},\"description\":{\"type\":\"text\"},\"slug\":{\"type\":\"uid\",\"targetField\":\"title\"},\"image\":{\"type\":\"media\",\"multiple\":false,\"required\":false,\"allowedTypes\":[\"images\"]},\"categories\":{\"type\":\"enumeration\",\"enum\":[\"Solar Sister\",\"Net Zero Heroes\",\"GAWIREA Lab\",\"GAWIREA Edu-hub\",\"Sinari Project\",\"Mojuk\"]},\"date\":{\"type\":\"date\"},\"featured\":{\"type\":\"boolean\",\"default\":false},\"cta\":{\"type\":\"component\",\"repeatable\":false,\"component\":\"elements.link\"},\"blocks\":{\"type\":\"dynamiczone\",\"components\":[\"blocks.paragraph-with-image-block\",\"blocks.paragraph-block\",\"blocks.heading-with-description-block\",\"blocks.heading-block\",\"blocks.full-image-block\"]},\"createdAt\":{\"type\":\"datetime\"},\"updatedAt\":{\"type\":\"datetime\"},\"publishedAt\":{\"type\":\"datetime\",\"configurable\":false,\"writable\":true,\"visible\":false},\"createdBy\":{\"type\":\"relation\",\"relation\":\"oneToOne\",\"target\":\"admin::user\",\"configurable\":false,\"writable\":false,\"visible\":false,\"useJoinTable\":false,\"private\":true},\"updatedBy\":{\"type\":\"relation\",\"relation\":\"oneToOne\",\"target\":\"admin::user\",\"configurable\":false,\"writable\":false,\"visible\":false,\"useJoinTable\":false,\"private\":true},\"locale\":{\"writable\":true,\"private\":true,\"configurable\":false,\"visible\":false,\"type\":\"string\"},\"localizations\":{\"type\":\"relation\",\"relation\":\"oneToMany\",\"target\":\"api::impact.impact\",\"writable\":false,\"private\":true,\"configurable\":false,\"visible\":false,\"unstable_virtual\":true,\"joinColumn\":{\"name\":\"document_id\",\"referencedColumn\":\"document_id\",\"referencedTable\":\"impacts\"}}},\"apiName\":\"impact\",\"globalId\":\"Impact\",\"uid\":\"api::impact.impact\",\"modelType\":\"contentType\",\"__schema__\":{\"collectionName\":\"impacts\",\"info\":{\"singularName\":\"impact\",\"pluralName\":\"impacts\",\"displayName\":\"Impact\",\"description\":\"\"},\"options\":{\"draftAndPublish\":true},\"attributes\":{\"title\":{\"type\":\"string\"},\"description\":{\"type\":\"text\"},\"slug\":{\"type\":\"uid\",\"targetField\":\"title\"},\"image\":{\"type\":\"media\",\"multiple\":false,\"required\":false,\"allowedTypes\":[\"images\"]},\"categories\":{\"type\":\"enumeration\",\"enum\":[\"Solar Sister\",\"Net Zero Heroes\",\"GAWIREA Lab\",\"GAWIREA Edu-hub\",\"Sinari Project\",\"Mojuk\"]},\"date\":{\"type\":\"date\"},\"featured\":{\"type\":\"boolean\",\"default\":false},\"cta\":{\"type\":\"component\",\"repeatable\":false,\"component\":\"elements.link\"},\"blocks\":{\"type\":\"dynamiczone\",\"components\":[\"blocks.paragraph-with-image-block\",\"blocks.paragraph-block\",\"blocks.heading-with-description-block\",\"blocks.heading-block\",\"blocks.full-image-block\"]}},\"kind\":\"collectionType\"},\"modelName\":\"impact\",\"actions\":{},\"lifecycles\":{}},\"api::newsletter-contact.newsletter-contact\":{\"kind\":\"collectionType\",\"collectionName\":\"newsletter_contacts\",\"info\":{\"singularName\":\"newsletter-contact\",\"pluralName\":\"newsletter-contacts\",\"displayName\":\"Newsletter Contact\"},\"options\":{\"draftAndPublish\":true},\"attributes\":{\"name\":{\"type\":\"string\"},\"type\":{\"type\":\"enumeration\",\"enum\":[\"Request Collaborated\",\"Personal\"]},\"email\":{\"type\":\"email\"},\"message\":{\"type\":\"text\"},\"createdAt\":{\"type\":\"datetime\"},\"updatedAt\":{\"type\":\"datetime\"},\"publishedAt\":{\"type\":\"datetime\",\"configurable\":false,\"writable\":true,\"visible\":false},\"createdBy\":{\"type\":\"relation\",\"relation\":\"oneToOne\",\"target\":\"admin::user\",\"configurable\":false,\"writable\":false,\"visible\":false,\"useJoinTable\":false,\"private\":true},\"updatedBy\":{\"type\":\"relation\",\"relation\":\"oneToOne\",\"target\":\"admin::user\",\"configurable\":false,\"writable\":false,\"visible\":false,\"useJoinTable\":false,\"private\":true},\"locale\":{\"writable\":true,\"private\":true,\"configurable\":false,\"visible\":false,\"type\":\"string\"},\"localizations\":{\"type\":\"relation\",\"relation\":\"oneToMany\",\"target\":\"api::newsletter-contact.newsletter-contact\",\"writable\":false,\"private\":true,\"configurable\":false,\"visible\":false,\"unstable_virtual\":true,\"joinColumn\":{\"name\":\"document_id\",\"referencedColumn\":\"document_id\",\"referencedTable\":\"newsletter_contacts\"}}},\"apiName\":\"newsletter-contact\",\"globalId\":\"NewsletterContact\",\"uid\":\"api::newsletter-contact.newsletter-contact\",\"modelType\":\"contentType\",\"__schema__\":{\"collectionName\":\"newsletter_contacts\",\"info\":{\"singularName\":\"newsletter-contact\",\"pluralName\":\"newsletter-contacts\",\"displayName\":\"Newsletter Contact\"},\"options\":{\"draftAndPublish\":true},\"attributes\":{\"name\":{\"type\":\"string\"},\"type\":{\"type\":\"enumeration\",\"enum\":[\"Request Collaborated\",\"Personal\"]},\"email\":{\"type\":\"email\"},\"message\":{\"type\":\"text\"}},\"kind\":\"collectionType\"},\"modelName\":\"newsletter-contact\",\"actions\":{},\"lifecycles\":{}},\"api::page.page\":{\"kind\":\"collectionType\",\"collectionName\":\"pages\",\"info\":{\"singularName\":\"page\",\"pluralName\":\"pages\",\"displayName\":\"Page\",\"description\":\"\"},\"options\":{\"draftAndPublish\":true},\"attributes\":{\"title\":{\"type\":\"string\"},\"description\":{\"type\":\"text\"},\"blocks\":{\"type\":\"dynamiczone\",\"components\":[\"blocks.info-block\",\"blocks.hero-section-2\",\"blocks.team-block\",\"blocks.partner-block\",\"blocks.solar-sister-block\",\"blocks.net-zero-heroes-block\",\"blocks.gawirea-lab\",\"blocks.gawirea-edu-hub-block\",\"blocks.mojuk-block\",\"blocks.sinari-project-block\",\"blocks.impact-block\",\"blocks.heading-with-description-block\"]},\"slug\":{\"type\":\"uid\",\"targetField\":\"title\"},\"createdAt\":{\"type\":\"datetime\"},\"updatedAt\":{\"type\":\"datetime\"},\"publishedAt\":{\"type\":\"datetime\",\"configurable\":false,\"writable\":true,\"visible\":false},\"createdBy\":{\"type\":\"relation\",\"relation\":\"oneToOne\",\"target\":\"admin::user\",\"configurable\":false,\"writable\":false,\"visible\":false,\"useJoinTable\":false,\"private\":true},\"updatedBy\":{\"type\":\"relation\",\"relation\":\"oneToOne\",\"target\":\"admin::user\",\"configurable\":false,\"writable\":false,\"visible\":false,\"useJoinTable\":false,\"private\":true},\"locale\":{\"writable\":true,\"private\":true,\"configurable\":false,\"visible\":false,\"type\":\"string\"},\"localizations\":{\"type\":\"relation\",\"relation\":\"oneToMany\",\"target\":\"api::page.page\",\"writable\":false,\"private\":true,\"configurable\":false,\"visible\":false,\"unstable_virtual\":true,\"joinColumn\":{\"name\":\"document_id\",\"referencedColumn\":\"document_id\",\"referencedTable\":\"pages\"}}},\"apiName\":\"page\",\"globalId\":\"Page\",\"uid\":\"api::page.page\",\"modelType\":\"contentType\",\"__schema__\":{\"collectionName\":\"pages\",\"info\":{\"singularName\":\"page\",\"pluralName\":\"pages\",\"displayName\":\"Page\",\"description\":\"\"},\"options\":{\"draftAndPublish\":true},\"attributes\":{\"title\":{\"type\":\"string\"},\"description\":{\"type\":\"text\"},\"blocks\":{\"type\":\"dynamiczone\",\"components\":[\"blocks.info-block\",\"blocks.hero-section-2\",\"blocks.team-block\",\"blocks.partner-block\",\"blocks.solar-sister-block\",\"blocks.net-zero-heroes-block\",\"blocks.gawirea-lab\",\"blocks.gawirea-edu-hub-block\",\"blocks.mojuk-block\",\"blocks.sinari-project-block\",\"blocks.impact-block\",\"blocks.heading-with-description-block\"]},\"slug\":{\"type\":\"uid\",\"targetField\":\"title\"}},\"kind\":\"collectionType\"},\"modelName\":\"page\",\"actions\":{},\"lifecycles\":{}},\"api::program.program\":{\"kind\":\"collectionType\",\"collectionName\":\"programs\",\"info\":{\"singularName\":\"program\",\"pluralName\":\"programs\",\"displayName\":\"Program\",\"description\":\"\"},\"options\":{\"draftAndPublish\":true},\"attributes\":{\"title\":{\"type\":\"string\"},\"description\":{\"type\":\"text\"},\"slug\":{\"type\":\"uid\",\"targetField\":\"title\"},\"image\":{\"type\":\"media\",\"multiple\":false,\"required\":false,\"allowedTypes\":[\"images\"]},\"categories\":{\"type\":\"enumeration\",\"enum\":[\"Solar Sister\",\"Net Zero Heroes\",\"GAWIREA Lab\",\"GAWIREA Edu-hub\",\"Sinari Project\",\"Mojuk\",\"Com-dev\"]},\"date\":{\"type\":\"date\"},\"featured\":{\"type\":\"boolean\",\"default\":false},\"cta\":{\"type\":\"component\",\"repeatable\":false,\"component\":\"elements.link\"},\"blocks\":{\"type\":\"dynamiczone\",\"components\":[\"blocks.paragraph-with-image-block\",\"blocks.paragraph-block\",\"blocks.heading-with-description-block\",\"blocks.heading-block\",\"blocks.full-image-block\"]},\"createdAt\":{\"type\":\"datetime\"},\"updatedAt\":{\"type\":\"datetime\"},\"publishedAt\":{\"type\":\"datetime\",\"configurable\":false,\"writable\":true,\"visible\":false},\"createdBy\":{\"type\":\"relation\",\"relation\":\"oneToOne\",\"target\":\"admin::user\",\"configurable\":false,\"writable\":false,\"visible\":false,\"useJoinTable\":false,\"private\":true},\"updatedBy\":{\"type\":\"relation\",\"relation\":\"oneToOne\",\"target\":\"admin::user\",\"configurable\":false,\"writable\":false,\"visible\":false,\"useJoinTable\":false,\"private\":true},\"locale\":{\"writable\":true,\"private\":true,\"configurable\":false,\"visible\":false,\"type\":\"string\"},\"localizations\":{\"type\":\"relation\",\"relation\":\"oneToMany\",\"target\":\"api::program.program\",\"writable\":false,\"private\":true,\"configurable\":false,\"visible\":false,\"unstable_virtual\":true,\"joinColumn\":{\"name\":\"document_id\",\"referencedColumn\":\"document_id\",\"referencedTable\":\"programs\"}}},\"apiName\":\"program\",\"globalId\":\"Program\",\"uid\":\"api::program.program\",\"modelType\":\"contentType\",\"__schema__\":{\"collectionName\":\"programs\",\"info\":{\"singularName\":\"program\",\"pluralName\":\"programs\",\"displayName\":\"Program\",\"description\":\"\"},\"options\":{\"draftAndPublish\":true},\"attributes\":{\"title\":{\"type\":\"string\"},\"description\":{\"type\":\"text\"},\"slug\":{\"type\":\"uid\",\"targetField\":\"title\"},\"image\":{\"type\":\"media\",\"multiple\":false,\"required\":false,\"allowedTypes\":[\"images\"]},\"categories\":{\"type\":\"enumeration\",\"enum\":[\"Solar Sister\",\"Net Zero Heroes\",\"GAWIREA Lab\",\"GAWIREA Edu-hub\",\"Sinari Project\",\"Mojuk\",\"Com-dev\"]},\"date\":{\"type\":\"date\"},\"featured\":{\"type\":\"boolean\",\"default\":false},\"cta\":{\"type\":\"component\",\"repeatable\":false,\"component\":\"elements.link\"},\"blocks\":{\"type\":\"dynamiczone\",\"components\":[\"blocks.paragraph-with-image-block\",\"blocks.paragraph-block\",\"blocks.heading-with-description-block\",\"blocks.heading-block\",\"blocks.full-image-block\"]}},\"kind\":\"collectionType\"},\"modelName\":\"program\",\"actions\":{},\"lifecycles\":{}},\"admin::permission\":{\"collectionName\":\"admin_permissions\",\"info\":{\"name\":\"Permission\",\"description\":\"\",\"singularName\":\"permission\",\"pluralName\":\"permissions\",\"displayName\":\"Permission\"},\"options\":{\"draftAndPublish\":false},\"pluginOptions\":{\"content-manager\":{\"visible\":false},\"content-type-builder\":{\"visible\":false}},\"attributes\":{\"action\":{\"type\":\"string\",\"minLength\":1,\"configurable\":false,\"required\":true},\"actionParameters\":{\"type\":\"json\",\"configurable\":false,\"required\":false,\"default\":{}},\"subject\":{\"type\":\"string\",\"minLength\":1,\"configurable\":false,\"required\":false},\"properties\":{\"type\":\"json\",\"configurable\":false,\"required\":false,\"default\":{}},\"conditions\":{\"type\":\"json\",\"configurable\":false,\"required\":false,\"default\":[]},\"role\":{\"configurable\":false,\"type\":\"relation\",\"relation\":\"manyToOne\",\"inversedBy\":\"permissions\",\"target\":\"admin::role\"},\"createdAt\":{\"type\":\"datetime\"},\"updatedAt\":{\"type\":\"datetime\"},\"publishedAt\":{\"type\":\"datetime\",\"configurable\":false,\"writable\":true,\"visible\":false},\"createdBy\":{\"type\":\"relation\",\"relation\":\"oneToOne\",\"target\":\"admin::user\",\"configurable\":false,\"writable\":false,\"visible\":false,\"useJoinTable\":false,\"private\":true},\"updatedBy\":{\"type\":\"relation\",\"relation\":\"oneToOne\",\"target\":\"admin::user\",\"configurable\":false,\"writable\":false,\"visible\":false,\"useJoinTable\":false,\"private\":true},\"locale\":{\"writable\":true,\"private\":true,\"configurable\":false,\"visible\":false,\"type\":\"string\"},\"localizations\":{\"type\":\"relation\",\"relation\":\"oneToMany\",\"target\":\"admin::permission\",\"writable\":false,\"private\":true,\"configurable\":false,\"visible\":false,\"unstable_virtual\":true,\"joinColumn\":{\"name\":\"document_id\",\"referencedColumn\":\"document_id\",\"referencedTable\":\"admin_permissions\"}}},\"plugin\":\"admin\",\"globalId\":\"AdminPermission\",\"uid\":\"admin::permission\",\"modelType\":\"contentType\",\"kind\":\"collectionType\",\"__schema__\":{\"collectionName\":\"admin_permissions\",\"info\":{\"name\":\"Permission\",\"description\":\"\",\"singularName\":\"permission\",\"pluralName\":\"permissions\",\"displayName\":\"Permission\"},\"options\":{},\"pluginOptions\":{\"content-manager\":{\"visible\":false},\"content-type-builder\":{\"visible\":false}},\"attributes\":{\"action\":{\"type\":\"string\",\"minLength\":1,\"configurable\":false,\"required\":true},\"actionParameters\":{\"type\":\"json\",\"configurable\":false,\"required\":false,\"default\":{}},\"subject\":{\"type\":\"string\",\"minLength\":1,\"configurable\":false,\"required\":false},\"properties\":{\"type\":\"json\",\"configurable\":false,\"required\":false,\"default\":{}},\"conditions\":{\"type\":\"json\",\"configurable\":false,\"required\":false,\"default\":[]},\"role\":{\"configurable\":false,\"type\":\"relation\",\"relation\":\"manyToOne\",\"inversedBy\":\"permissions\",\"target\":\"admin::role\"}},\"kind\":\"collectionType\"},\"modelName\":\"permission\"},\"admin::user\":{\"collectionName\":\"admin_users\",\"info\":{\"name\":\"User\",\"description\":\"\",\"singularName\":\"user\",\"pluralName\":\"users\",\"displayName\":\"User\"},\"pluginOptions\":{\"content-manager\":{\"visible\":false},\"content-type-builder\":{\"visible\":false}},\"attributes\":{\"firstname\":{\"type\":\"string\",\"unique\":false,\"minLength\":1,\"configurable\":false,\"required\":false},\"lastname\":{\"type\":\"string\",\"unique\":false,\"minLength\":1,\"configurable\":false,\"required\":false},\"username\":{\"type\":\"string\",\"unique\":false,\"configurable\":false,\"required\":false},\"email\":{\"type\":\"email\",\"minLength\":6,\"configurable\":false,\"required\":true,\"unique\":true,\"private\":true},\"password\":{\"type\":\"password\",\"minLength\":6,\"configurable\":false,\"required\":false,\"private\":true,\"searchable\":false},\"resetPasswordToken\":{\"type\":\"string\",\"configurable\":false,\"private\":true,\"searchable\":false},\"registrationToken\":{\"type\":\"string\",\"configurable\":false,\"private\":true,\"searchable\":false},\"isActive\":{\"type\":\"boolean\",\"default\":false,\"configurable\":false,\"private\":true},\"roles\":{\"configurable\":false,\"private\":true,\"type\":\"relation\",\"relation\":\"manyToMany\",\"inversedBy\":\"users\",\"target\":\"admin::role\",\"collectionName\":\"strapi_users_roles\"},\"blocked\":{\"type\":\"boolean\",\"default\":false,\"configurable\":false,\"private\":true},\"preferedLanguage\":{\"type\":\"string\",\"configurable\":false,\"required\":false,\"searchable\":false},\"createdAt\":{\"type\":\"datetime\"},\"updatedAt\":{\"type\":\"datetime\"},\"publishedAt\":{\"type\":\"datetime\",\"configurable\":false,\"writable\":true,\"visible\":false},\"createdBy\":{\"type\":\"relation\",\"relation\":\"oneToOne\",\"target\":\"admin::user\",\"configurable\":false,\"writable\":false,\"visible\":false,\"useJoinTable\":false,\"private\":true},\"updatedBy\":{\"type\":\"relation\",\"relation\":\"oneToOne\",\"target\":\"admin::user\",\"configurable\":false,\"writable\":false,\"visible\":false,\"useJoinTable\":false,\"private\":true},\"locale\":{\"writable\":true,\"private\":true,\"configurable\":false,\"visible\":false,\"type\":\"string\"},\"localizations\":{\"type\":\"relation\",\"relation\":\"oneToMany\",\"target\":\"admin::user\",\"writable\":false,\"private\":true,\"configurable\":false,\"visible\":false,\"unstable_virtual\":true,\"joinColumn\":{\"name\":\"document_id\",\"referencedColumn\":\"document_id\",\"referencedTable\":\"admin_users\"}}},\"config\":{\"attributes\":{\"resetPasswordToken\":{\"hidden\":true},\"registrationToken\":{\"hidden\":true}}},\"plugin\":\"admin\",\"globalId\":\"AdminUser\",\"uid\":\"admin::user\",\"modelType\":\"contentType\",\"kind\":\"collectionType\",\"__schema__\":{\"collectionName\":\"admin_users\",\"info\":{\"name\":\"User\",\"description\":\"\",\"singularName\":\"user\",\"pluralName\":\"users\",\"displayName\":\"User\"},\"pluginOptions\":{\"content-manager\":{\"visible\":false},\"content-type-builder\":{\"visible\":false}},\"attributes\":{\"firstname\":{\"type\":\"string\",\"unique\":false,\"minLength\":1,\"configurable\":false,\"required\":false},\"lastname\":{\"type\":\"string\",\"unique\":false,\"minLength\":1,\"configurable\":false,\"required\":false},\"username\":{\"type\":\"string\",\"unique\":false,\"configurable\":false,\"required\":false},\"email\":{\"type\":\"email\",\"minLength\":6,\"configurable\":false,\"required\":true,\"unique\":true,\"private\":true},\"password\":{\"type\":\"password\",\"minLength\":6,\"configurable\":false,\"required\":false,\"private\":true,\"searchable\":false},\"resetPasswordToken\":{\"type\":\"string\",\"configurable\":false,\"private\":true,\"searchable\":false},\"registrationToken\":{\"type\":\"string\",\"configurable\":false,\"private\":true,\"searchable\":false},\"isActive\":{\"type\":\"boolean\",\"default\":false,\"configurable\":false,\"private\":true},\"roles\":{\"configurable\":false,\"private\":true,\"type\":\"relation\",\"relation\":\"manyToMany\",\"inversedBy\":\"users\",\"target\":\"admin::role\",\"collectionName\":\"strapi_users_roles\"},\"blocked\":{\"type\":\"boolean\",\"default\":false,\"configurable\":false,\"private\":true},\"preferedLanguage\":{\"type\":\"string\",\"configurable\":false,\"required\":false,\"searchable\":false}},\"kind\":\"collectionType\"},\"modelName\":\"user\",\"options\":{\"draftAndPublish\":false}},\"admin::role\":{\"collectionName\":\"admin_roles\",\"info\":{\"name\":\"Role\",\"description\":\"\",\"singularName\":\"role\",\"pluralName\":\"roles\",\"displayName\":\"Role\"},\"options\":{\"draftAndPublish\":false},\"pluginOptions\":{\"content-manager\":{\"visible\":false},\"content-type-builder\":{\"visible\":false}},\"attributes\":{\"name\":{\"type\":\"string\",\"minLength\":1,\"unique\":true,\"configurable\":false,\"required\":true},\"code\":{\"type\":\"string\",\"minLength\":1,\"unique\":true,\"configurable\":false,\"required\":true},\"description\":{\"type\":\"string\",\"configurable\":false},\"users\":{\"configurable\":false,\"type\":\"relation\",\"relation\":\"manyToMany\",\"mappedBy\":\"roles\",\"target\":\"admin::user\"},\"permissions\":{\"configurable\":false,\"type\":\"relation\",\"relation\":\"oneToMany\",\"mappedBy\":\"role\",\"target\":\"admin::permission\"},\"createdAt\":{\"type\":\"datetime\"},\"updatedAt\":{\"type\":\"datetime\"},\"publishedAt\":{\"type\":\"datetime\",\"configurable\":false,\"writable\":true,\"visible\":false},\"createdBy\":{\"type\":\"relation\",\"relation\":\"oneToOne\",\"target\":\"admin::user\",\"configurable\":false,\"writable\":false,\"visible\":false,\"useJoinTable\":false,\"private\":true},\"updatedBy\":{\"type\":\"relation\",\"relation\":\"oneToOne\",\"target\":\"admin::user\",\"configurable\":false,\"writable\":false,\"visible\":false,\"useJoinTable\":false,\"private\":true},\"locale\":{\"writable\":true,\"private\":true,\"configurable\":false,\"visible\":false,\"type\":\"string\"},\"localizations\":{\"type\":\"relation\",\"relation\":\"oneToMany\",\"target\":\"admin::role\",\"writable\":false,\"private\":true,\"configurable\":false,\"visible\":false,\"unstable_virtual\":true,\"joinColumn\":{\"name\":\"document_id\",\"referencedColumn\":\"document_id\",\"referencedTable\":\"admin_roles\"}}},\"plugin\":\"admin\",\"globalId\":\"AdminRole\",\"uid\":\"admin::role\",\"modelType\":\"contentType\",\"kind\":\"collectionType\",\"__schema__\":{\"collectionName\":\"admin_roles\",\"info\":{\"name\":\"Role\",\"description\":\"\",\"singularName\":\"role\",\"pluralName\":\"roles\",\"displayName\":\"Role\"},\"options\":{},\"pluginOptions\":{\"content-manager\":{\"visible\":false},\"content-type-builder\":{\"visible\":false}},\"attributes\":{\"name\":{\"type\":\"string\",\"minLength\":1,\"unique\":true,\"configurable\":false,\"required\":true},\"code\":{\"type\":\"string\",\"minLength\":1,\"unique\":true,\"configurable\":false,\"required\":true},\"description\":{\"type\":\"string\",\"configurable\":false},\"users\":{\"configurable\":false,\"type\":\"relation\",\"relation\":\"manyToMany\",\"mappedBy\":\"roles\",\"target\":\"admin::user\"},\"permissions\":{\"configurable\":false,\"type\":\"relation\",\"relation\":\"oneToMany\",\"mappedBy\":\"role\",\"target\":\"admin::permission\"}},\"kind\":\"collectionType\"},\"modelName\":\"role\"},\"admin::api-token\":{\"collectionName\":\"strapi_api_tokens\",\"info\":{\"name\":\"Api Token\",\"singularName\":\"api-token\",\"pluralName\":\"api-tokens\",\"displayName\":\"Api Token\",\"description\":\"\"},\"options\":{\"draftAndPublish\":false},\"pluginOptions\":{\"content-manager\":{\"visible\":false},\"content-type-builder\":{\"visible\":false}},\"attributes\":{\"name\":{\"type\":\"string\",\"minLength\":1,\"configurable\":false,\"required\":true,\"unique\":true},\"description\":{\"type\":\"string\",\"minLength\":1,\"configurable\":false,\"required\":false,\"default\":\"\"},\"type\":{\"type\":\"enumeration\",\"enum\":[\"read-only\",\"full-access\",\"custom\"],\"configurable\":false,\"required\":true,\"default\":\"read-only\"},\"accessKey\":{\"type\":\"string\",\"minLength\":1,\"configurable\":false,\"required\":true,\"searchable\":false},\"encryptedKey\":{\"type\":\"text\",\"minLength\":1,\"configurable\":false,\"required\":false,\"searchable\":false},\"lastUsedAt\":{\"type\":\"datetime\",\"configurable\":false,\"required\":false},\"permissions\":{\"type\":\"relation\",\"target\":\"admin::api-token-permission\",\"relation\":\"oneToMany\",\"mappedBy\":\"token\",\"configurable\":false,\"required\":false},\"expiresAt\":{\"type\":\"datetime\",\"configurable\":false,\"required\":false},\"lifespan\":{\"type\":\"biginteger\",\"configurable\":false,\"required\":false},\"createdAt\":{\"type\":\"datetime\"},\"updatedAt\":{\"type\":\"datetime\"},\"publishedAt\":{\"type\":\"datetime\",\"configurable\":false,\"writable\":true,\"visible\":false},\"createdBy\":{\"type\":\"relation\",\"relation\":\"oneToOne\",\"target\":\"admin::user\",\"configurable\":false,\"writable\":false,\"visible\":false,\"useJoinTable\":false,\"private\":true},\"updatedBy\":{\"type\":\"relation\",\"relation\":\"oneToOne\",\"target\":\"admin::user\",\"configurable\":false,\"writable\":false,\"visible\":false,\"useJoinTable\":false,\"private\":true},\"locale\":{\"writable\":true,\"private\":true,\"configurable\":false,\"visible\":false,\"type\":\"string\"},\"localizations\":{\"type\":\"relation\",\"relation\":\"oneToMany\",\"target\":\"admin::api-token\",\"writable\":false,\"private\":true,\"configurable\":false,\"visible\":false,\"unstable_virtual\":true,\"joinColumn\":{\"name\":\"document_id\",\"referencedColumn\":\"document_id\",\"referencedTable\":\"strapi_api_tokens\"}}},\"plugin\":\"admin\",\"globalId\":\"AdminApiToken\",\"uid\":\"admin::api-token\",\"modelType\":\"contentType\",\"kind\":\"collectionType\",\"__schema__\":{\"collectionName\":\"strapi_api_tokens\",\"info\":{\"name\":\"Api Token\",\"singularName\":\"api-token\",\"pluralName\":\"api-tokens\",\"displayName\":\"Api Token\",\"description\":\"\"},\"options\":{},\"pluginOptions\":{\"content-manager\":{\"visible\":false},\"content-type-builder\":{\"visible\":false}},\"attributes\":{\"name\":{\"type\":\"string\",\"minLength\":1,\"configurable\":false,\"required\":true,\"unique\":true},\"description\":{\"type\":\"string\",\"minLength\":1,\"configurable\":false,\"required\":false,\"default\":\"\"},\"type\":{\"type\":\"enumeration\",\"enum\":[\"read-only\",\"full-access\",\"custom\"],\"configurable\":false,\"required\":true,\"default\":\"read-only\"},\"accessKey\":{\"type\":\"string\",\"minLength\":1,\"configurable\":false,\"required\":true,\"searchable\":false},\"encryptedKey\":{\"type\":\"text\",\"minLength\":1,\"configurable\":false,\"required\":false,\"searchable\":false},\"lastUsedAt\":{\"type\":\"datetime\",\"configurable\":false,\"required\":false},\"permissions\":{\"type\":\"relation\",\"target\":\"admin::api-token-permission\",\"relation\":\"oneToMany\",\"mappedBy\":\"token\",\"configurable\":false,\"required\":false},\"expiresAt\":{\"type\":\"datetime\",\"configurable\":false,\"required\":false},\"lifespan\":{\"type\":\"biginteger\",\"configurable\":false,\"required\":false}},\"kind\":\"collectionType\"},\"modelName\":\"api-token\"},\"admin::api-token-permission\":{\"collectionName\":\"strapi_api_token_permissions\",\"info\":{\"name\":\"API Token Permission\",\"description\":\"\",\"singularName\":\"api-token-permission\",\"pluralName\":\"api-token-permissions\",\"displayName\":\"API Token Permission\"},\"options\":{\"draftAndPublish\":false},\"pluginOptions\":{\"content-manager\":{\"visible\":false},\"content-type-builder\":{\"visible\":false}},\"attributes\":{\"action\":{\"type\":\"string\",\"minLength\":1,\"configurable\":false,\"required\":true},\"token\":{\"configurable\":false,\"type\":\"relation\",\"relation\":\"manyToOne\",\"inversedBy\":\"permissions\",\"target\":\"admin::api-token\"},\"createdAt\":{\"type\":\"datetime\"},\"updatedAt\":{\"type\":\"datetime\"},\"publishedAt\":{\"type\":\"datetime\",\"configurable\":false,\"writable\":true,\"visible\":false},\"createdBy\":{\"type\":\"relation\",\"relation\":\"oneToOne\",\"target\":\"admin::user\",\"configurable\":false,\"writable\":false,\"visible\":false,\"useJoinTable\":false,\"private\":true},\"updatedBy\":{\"type\":\"relation\",\"relation\":\"oneToOne\",\"target\":\"admin::user\",\"configurable\":false,\"writable\":false,\"visible\":false,\"useJoinTable\":false,\"private\":true},\"locale\":{\"writable\":true,\"private\":true,\"configurable\":false,\"visible\":false,\"type\":\"string\"},\"localizations\":{\"type\":\"relation\",\"relation\":\"oneToMany\",\"target\":\"admin::api-token-permission\",\"writable\":false,\"private\":true,\"configurable\":false,\"visible\":false,\"unstable_virtual\":true,\"joinColumn\":{\"name\":\"document_id\",\"referencedColumn\":\"document_id\",\"referencedTable\":\"strapi_api_token_permissions\"}}},\"plugin\":\"admin\",\"globalId\":\"AdminApiTokenPermission\",\"uid\":\"admin::api-token-permission\",\"modelType\":\"contentType\",\"kind\":\"collectionType\",\"__schema__\":{\"collectionName\":\"strapi_api_token_permissions\",\"info\":{\"name\":\"API Token Permission\",\"description\":\"\",\"singularName\":\"api-token-permission\",\"pluralName\":\"api-token-permissions\",\"displayName\":\"API Token Permission\"},\"options\":{},\"pluginOptions\":{\"content-manager\":{\"visible\":false},\"content-type-builder\":{\"visible\":false}},\"attributes\":{\"action\":{\"type\":\"string\",\"minLength\":1,\"configurable\":false,\"required\":true},\"token\":{\"configurable\":false,\"type\":\"relation\",\"relation\":\"manyToOne\",\"inversedBy\":\"permissions\",\"target\":\"admin::api-token\"}},\"kind\":\"collectionType\"},\"modelName\":\"api-token-permission\"},\"admin::transfer-token\":{\"collectionName\":\"strapi_transfer_tokens\",\"info\":{\"name\":\"Transfer Token\",\"singularName\":\"transfer-token\",\"pluralName\":\"transfer-tokens\",\"displayName\":\"Transfer Token\",\"description\":\"\"},\"options\":{\"draftAndPublish\":false},\"pluginOptions\":{\"content-manager\":{\"visible\":false},\"content-type-builder\":{\"visible\":false}},\"attributes\":{\"name\":{\"type\":\"string\",\"minLength\":1,\"configurable\":false,\"required\":true,\"unique\":true},\"description\":{\"type\":\"string\",\"minLength\":1,\"configurable\":false,\"required\":false,\"default\":\"\"},\"accessKey\":{\"type\":\"string\",\"minLength\":1,\"configurable\":false,\"required\":true},\"lastUsedAt\":{\"type\":\"datetime\",\"configurable\":false,\"required\":false},\"permissions\":{\"type\":\"relation\",\"target\":\"admin::transfer-token-permission\",\"relation\":\"oneToMany\",\"mappedBy\":\"token\",\"configurable\":false,\"required\":false},\"expiresAt\":{\"type\":\"datetime\",\"configurable\":false,\"required\":false},\"lifespan\":{\"type\":\"biginteger\",\"configurable\":false,\"required\":false},\"createdAt\":{\"type\":\"datetime\"},\"updatedAt\":{\"type\":\"datetime\"},\"publishedAt\":{\"type\":\"datetime\",\"configurable\":false,\"writable\":true,\"visible\":false},\"createdBy\":{\"type\":\"relation\",\"relation\":\"oneToOne\",\"target\":\"admin::user\",\"configurable\":false,\"writable\":false,\"visible\":false,\"useJoinTable\":false,\"private\":true},\"updatedBy\":{\"type\":\"relation\",\"relation\":\"oneToOne\",\"target\":\"admin::user\",\"configurable\":false,\"writable\":false,\"visible\":false,\"useJoinTable\":false,\"private\":true},\"locale\":{\"writable\":true,\"private\":true,\"configurable\":false,\"visible\":false,\"type\":\"string\"},\"localizations\":{\"type\":\"relation\",\"relation\":\"oneToMany\",\"target\":\"admin::transfer-token\",\"writable\":false,\"private\":true,\"configurable\":false,\"visible\":false,\"unstable_virtual\":true,\"joinColumn\":{\"name\":\"document_id\",\"referencedColumn\":\"document_id\",\"referencedTable\":\"strapi_transfer_tokens\"}}},\"plugin\":\"admin\",\"globalId\":\"AdminTransferToken\",\"uid\":\"admin::transfer-token\",\"modelType\":\"contentType\",\"kind\":\"collectionType\",\"__schema__\":{\"collectionName\":\"strapi_transfer_tokens\",\"info\":{\"name\":\"Transfer Token\",\"singularName\":\"transfer-token\",\"pluralName\":\"transfer-tokens\",\"displayName\":\"Transfer Token\",\"description\":\"\"},\"options\":{},\"pluginOptions\":{\"content-manager\":{\"visible\":false},\"content-type-builder\":{\"visible\":false}},\"attributes\":{\"name\":{\"type\":\"string\",\"minLength\":1,\"configurable\":false,\"required\":true,\"unique\":true},\"description\":{\"type\":\"string\",\"minLength\":1,\"configurable\":false,\"required\":false,\"default\":\"\"},\"accessKey\":{\"type\":\"string\",\"minLength\":1,\"configurable\":false,\"required\":true},\"lastUsedAt\":{\"type\":\"datetime\",\"configurable\":false,\"required\":false},\"permissions\":{\"type\":\"relation\",\"target\":\"admin::transfer-token-permission\",\"relation\":\"oneToMany\",\"mappedBy\":\"token\",\"configurable\":false,\"required\":false},\"expiresAt\":{\"type\":\"datetime\",\"configurable\":false,\"required\":false},\"lifespan\":{\"type\":\"biginteger\",\"configurable\":false,\"required\":false}},\"kind\":\"collectionType\"},\"modelName\":\"transfer-token\"},\"admin::transfer-token-permission\":{\"collectionName\":\"strapi_transfer_token_permissions\",\"info\":{\"name\":\"Transfer Token Permission\",\"description\":\"\",\"singularName\":\"transfer-token-permission\",\"pluralName\":\"transfer-token-permissions\",\"displayName\":\"Transfer Token Permission\"},\"options\":{\"draftAndPublish\":false},\"pluginOptions\":{\"content-manager\":{\"visible\":false},\"content-type-builder\":{\"visible\":false}},\"attributes\":{\"action\":{\"type\":\"string\",\"minLength\":1,\"configurable\":false,\"required\":true},\"token\":{\"configurable\":false,\"type\":\"relation\",\"relation\":\"manyToOne\",\"inversedBy\":\"permissions\",\"target\":\"admin::transfer-token\"},\"createdAt\":{\"type\":\"datetime\"},\"updatedAt\":{\"type\":\"datetime\"},\"publishedAt\":{\"type\":\"datetime\",\"configurable\":false,\"writable\":true,\"visible\":false},\"createdBy\":{\"type\":\"relation\",\"relation\":\"oneToOne\",\"target\":\"admin::user\",\"configurable\":false,\"writable\":false,\"visible\":false,\"useJoinTable\":false,\"private\":true},\"updatedBy\":{\"type\":\"relation\",\"relation\":\"oneToOne\",\"target\":\"admin::user\",\"configurable\":false,\"writable\":false,\"visible\":false,\"useJoinTable\":false,\"private\":true},\"locale\":{\"writable\":true,\"private\":true,\"configurable\":false,\"visible\":false,\"type\":\"string\"},\"localizations\":{\"type\":\"relation\",\"relation\":\"oneToMany\",\"target\":\"admin::transfer-token-permission\",\"writable\":false,\"private\":true,\"configurable\":false,\"visible\":false,\"unstable_virtual\":true,\"joinColumn\":{\"name\":\"document_id\",\"referencedColumn\":\"document_id\",\"referencedTable\":\"strapi_transfer_token_permissions\"}}},\"plugin\":\"admin\",\"globalId\":\"AdminTransferTokenPermission\",\"uid\":\"admin::transfer-token-permission\",\"modelType\":\"contentType\",\"kind\":\"collectionType\",\"__schema__\":{\"collectionName\":\"strapi_transfer_token_permissions\",\"info\":{\"name\":\"Transfer Token Permission\",\"description\":\"\",\"singularName\":\"transfer-token-permission\",\"pluralName\":\"transfer-token-permissions\",\"displayName\":\"Transfer Token Permission\"},\"options\":{},\"pluginOptions\":{\"content-manager\":{\"visible\":false},\"content-type-builder\":{\"visible\":false}},\"attributes\":{\"action\":{\"type\":\"string\",\"minLength\":1,\"configurable\":false,\"required\":true},\"token\":{\"configurable\":false,\"type\":\"relation\",\"relation\":\"manyToOne\",\"inversedBy\":\"permissions\",\"target\":\"admin::transfer-token\"}},\"kind\":\"collectionType\"},\"modelName\":\"transfer-token-permission\"}}',	'object',	NULL,	NULL),
(2,	'plugin_content_manager_configuration_components::shared.slider',	'{\"settings\":{\"bulkable\":true,\"filterable\":true,\"searchable\":true,\"pageSize\":10,\"mainField\":\"id\",\"defaultSortBy\":\"id\",\"defaultSortOrder\":\"ASC\"},\"metadatas\":{\"id\":{\"edit\":{},\"list\":{\"label\":\"id\",\"searchable\":false,\"sortable\":false}},\"files\":{\"edit\":{\"label\":\"files\",\"description\":\"\",\"placeholder\":\"\",\"visible\":true,\"editable\":true},\"list\":{\"label\":\"files\",\"searchable\":false,\"sortable\":false}}},\"layouts\":{\"list\":[\"id\",\"files\"],\"edit\":[[{\"name\":\"files\",\"size\":6}]]},\"uid\":\"shared.slider\",\"isComponent\":true}',	'object',	NULL,	NULL),
(3,	'plugin_content_manager_configuration_components::shared.rich-text',	'{\"settings\":{\"bulkable\":true,\"filterable\":true,\"searchable\":true,\"pageSize\":10,\"mainField\":\"id\",\"defaultSortBy\":\"id\",\"defaultSortOrder\":\"ASC\"},\"metadatas\":{\"id\":{\"edit\":{},\"list\":{\"label\":\"id\",\"searchable\":false,\"sortable\":false}},\"body\":{\"edit\":{\"label\":\"body\",\"description\":\"\",\"placeholder\":\"\",\"visible\":true,\"editable\":true},\"list\":{\"label\":\"body\",\"searchable\":false,\"sortable\":false}}},\"layouts\":{\"list\":[\"id\"],\"edit\":[[{\"name\":\"body\",\"size\":12}]]},\"uid\":\"shared.rich-text\",\"isComponent\":true}',	'object',	NULL,	NULL),
(4,	'plugin_content_manager_configuration_components::shared.seo',	'{\"settings\":{\"bulkable\":true,\"filterable\":true,\"searchable\":true,\"pageSize\":10,\"mainField\":\"metaTitle\",\"defaultSortBy\":\"metaTitle\",\"defaultSortOrder\":\"ASC\"},\"metadatas\":{\"id\":{\"edit\":{},\"list\":{\"label\":\"id\",\"searchable\":false,\"sortable\":false}},\"metaTitle\":{\"edit\":{\"label\":\"metaTitle\",\"description\":\"\",\"placeholder\":\"\",\"visible\":true,\"editable\":true},\"list\":{\"label\":\"metaTitle\",\"searchable\":true,\"sortable\":true}},\"metaDescription\":{\"edit\":{\"label\":\"metaDescription\",\"description\":\"\",\"placeholder\":\"\",\"visible\":true,\"editable\":true},\"list\":{\"label\":\"metaDescription\",\"searchable\":true,\"sortable\":true}},\"shareImage\":{\"edit\":{\"label\":\"shareImage\",\"description\":\"\",\"placeholder\":\"\",\"visible\":true,\"editable\":true},\"list\":{\"label\":\"shareImage\",\"searchable\":false,\"sortable\":false}}},\"layouts\":{\"list\":[\"id\",\"metaTitle\",\"metaDescription\",\"shareImage\"],\"edit\":[[{\"name\":\"metaTitle\",\"size\":6},{\"name\":\"metaDescription\",\"size\":6}],[{\"name\":\"shareImage\",\"size\":6}]]},\"uid\":\"shared.seo\",\"isComponent\":true}',	'object',	NULL,	NULL),
(7,	'plugin_content_manager_configuration_content_types::plugin::upload.file',	'{\"settings\":{\"bulkable\":true,\"filterable\":true,\"searchable\":true,\"pageSize\":10,\"mainField\":\"name\",\"defaultSortBy\":\"name\",\"defaultSortOrder\":\"ASC\"},\"metadatas\":{\"id\":{\"edit\":{},\"list\":{\"label\":\"id\",\"searchable\":true,\"sortable\":true}},\"name\":{\"edit\":{\"label\":\"name\",\"description\":\"\",\"placeholder\":\"\",\"visible\":true,\"editable\":true},\"list\":{\"label\":\"name\",\"searchable\":true,\"sortable\":true}},\"alternativeText\":{\"edit\":{\"label\":\"alternativeText\",\"description\":\"\",\"placeholder\":\"\",\"visible\":true,\"editable\":true},\"list\":{\"label\":\"alternativeText\",\"searchable\":true,\"sortable\":true}},\"caption\":{\"edit\":{\"label\":\"caption\",\"description\":\"\",\"placeholder\":\"\",\"visible\":true,\"editable\":true},\"list\":{\"label\":\"caption\",\"searchable\":true,\"sortable\":true}},\"width\":{\"edit\":{\"label\":\"width\",\"description\":\"\",\"placeholder\":\"\",\"visible\":true,\"editable\":true},\"list\":{\"label\":\"width\",\"searchable\":true,\"sortable\":true}},\"height\":{\"edit\":{\"label\":\"height\",\"description\":\"\",\"placeholder\":\"\",\"visible\":true,\"editable\":true},\"list\":{\"label\":\"height\",\"searchable\":true,\"sortable\":true}},\"formats\":{\"edit\":{\"label\":\"formats\",\"description\":\"\",\"placeholder\":\"\",\"visible\":true,\"editable\":true},\"list\":{\"label\":\"formats\",\"searchable\":false,\"sortable\":false}},\"hash\":{\"edit\":{\"label\":\"hash\",\"description\":\"\",\"placeholder\":\"\",\"visible\":true,\"editable\":true},\"list\":{\"label\":\"hash\",\"searchable\":true,\"sortable\":true}},\"ext\":{\"edit\":{\"label\":\"ext\",\"description\":\"\",\"placeholder\":\"\",\"visible\":true,\"editable\":true},\"list\":{\"label\":\"ext\",\"searchable\":true,\"sortable\":true}},\"mime\":{\"edit\":{\"label\":\"mime\",\"description\":\"\",\"placeholder\":\"\",\"visible\":true,\"editable\":true},\"list\":{\"label\":\"mime\",\"searchable\":true,\"sortable\":true}},\"size\":{\"edit\":{\"label\":\"size\",\"description\":\"\",\"placeholder\":\"\",\"visible\":true,\"editable\":true},\"list\":{\"label\":\"size\",\"searchable\":true,\"sortable\":true}},\"url\":{\"edit\":{\"label\":\"url\",\"description\":\"\",\"placeholder\":\"\",\"visible\":true,\"editable\":true},\"list\":{\"label\":\"url\",\"searchable\":true,\"sortable\":true}},\"previewUrl\":{\"edit\":{\"label\":\"previewUrl\",\"description\":\"\",\"placeholder\":\"\",\"visible\":true,\"editable\":true},\"list\":{\"label\":\"previewUrl\",\"searchable\":true,\"sortable\":true}},\"provider\":{\"edit\":{\"label\":\"provider\",\"description\":\"\",\"placeholder\":\"\",\"visible\":true,\"editable\":true},\"list\":{\"label\":\"provider\",\"searchable\":true,\"sortable\":true}},\"provider_metadata\":{\"edit\":{\"label\":\"provider_metadata\",\"description\":\"\",\"placeholder\":\"\",\"visible\":true,\"editable\":true},\"list\":{\"label\":\"provider_metadata\",\"searchable\":false,\"sortable\":false}},\"folder\":{\"edit\":{\"label\":\"folder\",\"description\":\"\",\"placeholder\":\"\",\"visible\":true,\"editable\":true,\"mainField\":\"name\"},\"list\":{\"label\":\"folder\",\"searchable\":true,\"sortable\":true}},\"folderPath\":{\"edit\":{\"label\":\"folderPath\",\"description\":\"\",\"placeholder\":\"\",\"visible\":true,\"editable\":true},\"list\":{\"label\":\"folderPath\",\"searchable\":true,\"sortable\":true}},\"createdAt\":{\"edit\":{\"label\":\"createdAt\",\"description\":\"\",\"placeholder\":\"\",\"visible\":false,\"editable\":true},\"list\":{\"label\":\"createdAt\",\"searchable\":true,\"sortable\":true}},\"updatedAt\":{\"edit\":{\"label\":\"updatedAt\",\"description\":\"\",\"placeholder\":\"\",\"visible\":false,\"editable\":true},\"list\":{\"label\":\"updatedAt\",\"searchable\":true,\"sortable\":true}},\"createdBy\":{\"edit\":{\"label\":\"createdBy\",\"description\":\"\",\"placeholder\":\"\",\"visible\":false,\"editable\":true,\"mainField\":\"firstname\"},\"list\":{\"label\":\"createdBy\",\"searchable\":true,\"sortable\":true}},\"updatedBy\":{\"edit\":{\"label\":\"updatedBy\",\"description\":\"\",\"placeholder\":\"\",\"visible\":false,\"editable\":true,\"mainField\":\"firstname\"},\"list\":{\"label\":\"updatedBy\",\"searchable\":true,\"sortable\":true}}},\"layouts\":{\"list\":[\"id\",\"name\",\"alternativeText\",\"caption\"],\"edit\":[[{\"name\":\"name\",\"size\":6},{\"name\":\"alternativeText\",\"size\":6}],[{\"name\":\"caption\",\"size\":6},{\"name\":\"width\",\"size\":4}],[{\"name\":\"height\",\"size\":4}],[{\"name\":\"formats\",\"size\":12}],[{\"name\":\"hash\",\"size\":6},{\"name\":\"ext\",\"size\":6}],[{\"name\":\"mime\",\"size\":6},{\"name\":\"size\",\"size\":4}],[{\"name\":\"url\",\"size\":6},{\"name\":\"previewUrl\",\"size\":6}],[{\"name\":\"provider\",\"size\":6}],[{\"name\":\"provider_metadata\",\"size\":12}],[{\"name\":\"folder\",\"size\":6},{\"name\":\"folderPath\",\"size\":6}]]},\"uid\":\"plugin::upload.file\"}',	'object',	NULL,	NULL),
(8,	'plugin_content_manager_configuration_content_types::plugin::content-releases.release-action',	'{\"settings\":{\"bulkable\":true,\"filterable\":true,\"searchable\":true,\"pageSize\":10,\"mainField\":\"contentType\",\"defaultSortBy\":\"contentType\",\"defaultSortOrder\":\"ASC\"},\"metadatas\":{\"id\":{\"edit\":{},\"list\":{\"label\":\"id\",\"searchable\":true,\"sortable\":true}},\"type\":{\"edit\":{\"label\":\"type\",\"description\":\"\",\"placeholder\":\"\",\"visible\":true,\"editable\":true},\"list\":{\"label\":\"type\",\"searchable\":true,\"sortable\":true}},\"contentType\":{\"edit\":{\"label\":\"contentType\",\"description\":\"\",\"placeholder\":\"\",\"visible\":true,\"editable\":true},\"list\":{\"label\":\"contentType\",\"searchable\":true,\"sortable\":true}},\"entryDocumentId\":{\"edit\":{\"label\":\"entryDocumentId\",\"description\":\"\",\"placeholder\":\"\",\"visible\":true,\"editable\":true},\"list\":{\"label\":\"entryDocumentId\",\"searchable\":true,\"sortable\":true}},\"release\":{\"edit\":{\"label\":\"release\",\"description\":\"\",\"placeholder\":\"\",\"visible\":true,\"editable\":true,\"mainField\":\"name\"},\"list\":{\"label\":\"release\",\"searchable\":true,\"sortable\":true}},\"isEntryValid\":{\"edit\":{\"label\":\"isEntryValid\",\"description\":\"\",\"placeholder\":\"\",\"visible\":true,\"editable\":true},\"list\":{\"label\":\"isEntryValid\",\"searchable\":true,\"sortable\":true}},\"createdAt\":{\"edit\":{\"label\":\"createdAt\",\"description\":\"\",\"placeholder\":\"\",\"visible\":false,\"editable\":true},\"list\":{\"label\":\"createdAt\",\"searchable\":true,\"sortable\":true}},\"updatedAt\":{\"edit\":{\"label\":\"updatedAt\",\"description\":\"\",\"placeholder\":\"\",\"visible\":false,\"editable\":true},\"list\":{\"label\":\"updatedAt\",\"searchable\":true,\"sortable\":true}},\"createdBy\":{\"edit\":{\"label\":\"createdBy\",\"description\":\"\",\"placeholder\":\"\",\"visible\":false,\"editable\":true,\"mainField\":\"firstname\"},\"list\":{\"label\":\"createdBy\",\"searchable\":true,\"sortable\":true}},\"updatedBy\":{\"edit\":{\"label\":\"updatedBy\",\"description\":\"\",\"placeholder\":\"\",\"visible\":false,\"editable\":true,\"mainField\":\"firstname\"},\"list\":{\"label\":\"updatedBy\",\"searchable\":true,\"sortable\":true}}},\"layouts\":{\"list\":[\"id\",\"type\",\"contentType\",\"entryDocumentId\"],\"edit\":[[{\"name\":\"type\",\"size\":6},{\"name\":\"contentType\",\"size\":6}],[{\"name\":\"entryDocumentId\",\"size\":6},{\"name\":\"release\",\"size\":6}],[{\"name\":\"isEntryValid\",\"size\":4}]]},\"uid\":\"plugin::content-releases.release-action\"}',	'object',	NULL,	NULL),
(9,	'plugin_content_manager_configuration_content_types::plugin::upload.folder',	'{\"settings\":{\"bulkable\":true,\"filterable\":true,\"searchable\":true,\"pageSize\":10,\"mainField\":\"name\",\"defaultSortBy\":\"name\",\"defaultSortOrder\":\"ASC\"},\"metadatas\":{\"id\":{\"edit\":{},\"list\":{\"label\":\"id\",\"searchable\":true,\"sortable\":true}},\"name\":{\"edit\":{\"label\":\"name\",\"description\":\"\",\"placeholder\":\"\",\"visible\":true,\"editable\":true},\"list\":{\"label\":\"name\",\"searchable\":true,\"sortable\":true}},\"pathId\":{\"edit\":{\"label\":\"pathId\",\"description\":\"\",\"placeholder\":\"\",\"visible\":true,\"editable\":true},\"list\":{\"label\":\"pathId\",\"searchable\":true,\"sortable\":true}},\"parent\":{\"edit\":{\"label\":\"parent\",\"description\":\"\",\"placeholder\":\"\",\"visible\":true,\"editable\":true,\"mainField\":\"name\"},\"list\":{\"label\":\"parent\",\"searchable\":true,\"sortable\":true}},\"children\":{\"edit\":{\"label\":\"children\",\"description\":\"\",\"placeholder\":\"\",\"visible\":true,\"editable\":true,\"mainField\":\"name\"},\"list\":{\"label\":\"children\",\"searchable\":false,\"sortable\":false}},\"files\":{\"edit\":{\"label\":\"files\",\"description\":\"\",\"placeholder\":\"\",\"visible\":true,\"editable\":true,\"mainField\":\"name\"},\"list\":{\"label\":\"files\",\"searchable\":false,\"sortable\":false}},\"path\":{\"edit\":{\"label\":\"path\",\"description\":\"\",\"placeholder\":\"\",\"visible\":true,\"editable\":true},\"list\":{\"label\":\"path\",\"searchable\":true,\"sortable\":true}},\"createdAt\":{\"edit\":{\"label\":\"createdAt\",\"description\":\"\",\"placeholder\":\"\",\"visible\":false,\"editable\":true},\"list\":{\"label\":\"createdAt\",\"searchable\":true,\"sortable\":true}},\"updatedAt\":{\"edit\":{\"label\":\"updatedAt\",\"description\":\"\",\"placeholder\":\"\",\"visible\":false,\"editable\":true},\"list\":{\"label\":\"updatedAt\",\"searchable\":true,\"sortable\":true}},\"createdBy\":{\"edit\":{\"label\":\"createdBy\",\"description\":\"\",\"placeholder\":\"\",\"visible\":false,\"editable\":true,\"mainField\":\"firstname\"},\"list\":{\"label\":\"createdBy\",\"searchable\":true,\"sortable\":true}},\"updatedBy\":{\"edit\":{\"label\":\"updatedBy\",\"description\":\"\",\"placeholder\":\"\",\"visible\":false,\"editable\":true,\"mainField\":\"firstname\"},\"list\":{\"label\":\"updatedBy\",\"searchable\":true,\"sortable\":true}}},\"layouts\":{\"list\":[\"id\",\"name\",\"pathId\",\"parent\"],\"edit\":[[{\"name\":\"name\",\"size\":6},{\"name\":\"pathId\",\"size\":4}],[{\"name\":\"parent\",\"size\":6},{\"name\":\"children\",\"size\":6}],[{\"name\":\"files\",\"size\":6},{\"name\":\"path\",\"size\":6}]]},\"uid\":\"plugin::upload.folder\"}',	'object',	NULL,	NULL),
(10,	'plugin_content_manager_configuration_content_types::plugin::i18n.locale',	'{\"settings\":{\"bulkable\":true,\"filterable\":true,\"searchable\":true,\"pageSize\":10,\"mainField\":\"name\",\"defaultSortBy\":\"name\",\"defaultSortOrder\":\"ASC\"},\"metadatas\":{\"id\":{\"edit\":{},\"list\":{\"label\":\"id\",\"searchable\":true,\"sortable\":true}},\"name\":{\"edit\":{\"label\":\"name\",\"description\":\"\",\"placeholder\":\"\",\"visible\":true,\"editable\":true},\"list\":{\"label\":\"name\",\"searchable\":true,\"sortable\":true}},\"code\":{\"edit\":{\"label\":\"code\",\"description\":\"\",\"placeholder\":\"\",\"visible\":true,\"editable\":true},\"list\":{\"label\":\"code\",\"searchable\":true,\"sortable\":true}},\"createdAt\":{\"edit\":{\"label\":\"createdAt\",\"description\":\"\",\"placeholder\":\"\",\"visible\":false,\"editable\":true},\"list\":{\"label\":\"createdAt\",\"searchable\":true,\"sortable\":true}},\"updatedAt\":{\"edit\":{\"label\":\"updatedAt\",\"description\":\"\",\"placeholder\":\"\",\"visible\":false,\"editable\":true},\"list\":{\"label\":\"updatedAt\",\"searchable\":true,\"sortable\":true}},\"createdBy\":{\"edit\":{\"label\":\"createdBy\",\"description\":\"\",\"placeholder\":\"\",\"visible\":false,\"editable\":true,\"mainField\":\"firstname\"},\"list\":{\"label\":\"createdBy\",\"searchable\":true,\"sortable\":true}},\"updatedBy\":{\"edit\":{\"label\":\"updatedBy\",\"description\":\"\",\"placeholder\":\"\",\"visible\":false,\"editable\":true,\"mainField\":\"firstname\"},\"list\":{\"label\":\"updatedBy\",\"searchable\":true,\"sortable\":true}}},\"layouts\":{\"list\":[\"id\",\"name\",\"code\",\"createdAt\"],\"edit\":[[{\"name\":\"name\",\"size\":6},{\"name\":\"code\",\"size\":6}]]},\"uid\":\"plugin::i18n.locale\"}',	'object',	NULL,	NULL),
(11,	'plugin_content_manager_configuration_content_types::plugin::content-releases.release',	'{\"settings\":{\"bulkable\":true,\"filterable\":true,\"searchable\":true,\"pageSize\":10,\"mainField\":\"name\",\"defaultSortBy\":\"name\",\"defaultSortOrder\":\"ASC\"},\"metadatas\":{\"id\":{\"edit\":{},\"list\":{\"label\":\"id\",\"searchable\":true,\"sortable\":true}},\"name\":{\"edit\":{\"label\":\"name\",\"description\":\"\",\"placeholder\":\"\",\"visible\":true,\"editable\":true},\"list\":{\"label\":\"name\",\"searchable\":true,\"sortable\":true}},\"releasedAt\":{\"edit\":{\"label\":\"releasedAt\",\"description\":\"\",\"placeholder\":\"\",\"visible\":true,\"editable\":true},\"list\":{\"label\":\"releasedAt\",\"searchable\":true,\"sortable\":true}},\"scheduledAt\":{\"edit\":{\"label\":\"scheduledAt\",\"description\":\"\",\"placeholder\":\"\",\"visible\":true,\"editable\":true},\"list\":{\"label\":\"scheduledAt\",\"searchable\":true,\"sortable\":true}},\"timezone\":{\"edit\":{\"label\":\"timezone\",\"description\":\"\",\"placeholder\":\"\",\"visible\":true,\"editable\":true},\"list\":{\"label\":\"timezone\",\"searchable\":true,\"sortable\":true}},\"status\":{\"edit\":{\"label\":\"status\",\"description\":\"\",\"placeholder\":\"\",\"visible\":true,\"editable\":true},\"list\":{\"label\":\"status\",\"searchable\":true,\"sortable\":true}},\"actions\":{\"edit\":{\"label\":\"actions\",\"description\":\"\",\"placeholder\":\"\",\"visible\":true,\"editable\":true,\"mainField\":\"contentType\"},\"list\":{\"label\":\"actions\",\"searchable\":false,\"sortable\":false}},\"createdAt\":{\"edit\":{\"label\":\"createdAt\",\"description\":\"\",\"placeholder\":\"\",\"visible\":false,\"editable\":true},\"list\":{\"label\":\"createdAt\",\"searchable\":true,\"sortable\":true}},\"updatedAt\":{\"edit\":{\"label\":\"updatedAt\",\"description\":\"\",\"placeholder\":\"\",\"visible\":false,\"editable\":true},\"list\":{\"label\":\"updatedAt\",\"searchable\":true,\"sortable\":true}},\"createdBy\":{\"edit\":{\"label\":\"createdBy\",\"description\":\"\",\"placeholder\":\"\",\"visible\":false,\"editable\":true,\"mainField\":\"firstname\"},\"list\":{\"label\":\"createdBy\",\"searchable\":true,\"sortable\":true}},\"updatedBy\":{\"edit\":{\"label\":\"updatedBy\",\"description\":\"\",\"placeholder\":\"\",\"visible\":false,\"editable\":true,\"mainField\":\"firstname\"},\"list\":{\"label\":\"updatedBy\",\"searchable\":true,\"sortable\":true}}},\"layouts\":{\"list\":[\"id\",\"name\",\"releasedAt\",\"scheduledAt\"],\"edit\":[[{\"name\":\"name\",\"size\":6},{\"name\":\"releasedAt\",\"size\":6}],[{\"name\":\"scheduledAt\",\"size\":6},{\"name\":\"timezone\",\"size\":6}],[{\"name\":\"status\",\"size\":6},{\"name\":\"actions\",\"size\":6}]]},\"uid\":\"plugin::content-releases.release\"}',	'object',	NULL,	NULL),
(12,	'plugin_content_manager_configuration_content_types::plugin::review-workflows.workflow',	'{\"settings\":{\"bulkable\":true,\"filterable\":true,\"searchable\":true,\"pageSize\":10,\"mainField\":\"name\",\"defaultSortBy\":\"name\",\"defaultSortOrder\":\"ASC\"},\"metadatas\":{\"id\":{\"edit\":{},\"list\":{\"label\":\"id\",\"searchable\":true,\"sortable\":true}},\"name\":{\"edit\":{\"label\":\"name\",\"description\":\"\",\"placeholder\":\"\",\"visible\":true,\"editable\":true},\"list\":{\"label\":\"name\",\"searchable\":true,\"sortable\":true}},\"stages\":{\"edit\":{\"label\":\"stages\",\"description\":\"\",\"placeholder\":\"\",\"visible\":true,\"editable\":true,\"mainField\":\"name\"},\"list\":{\"label\":\"stages\",\"searchable\":false,\"sortable\":false}},\"stageRequiredToPublish\":{\"edit\":{\"label\":\"stageRequiredToPublish\",\"description\":\"\",\"placeholder\":\"\",\"visible\":true,\"editable\":true,\"mainField\":\"name\"},\"list\":{\"label\":\"stageRequiredToPublish\",\"searchable\":true,\"sortable\":true}},\"contentTypes\":{\"edit\":{\"label\":\"contentTypes\",\"description\":\"\",\"placeholder\":\"\",\"visible\":true,\"editable\":true},\"list\":{\"label\":\"contentTypes\",\"searchable\":false,\"sortable\":false}},\"createdAt\":{\"edit\":{\"label\":\"createdAt\",\"description\":\"\",\"placeholder\":\"\",\"visible\":false,\"editable\":true},\"list\":{\"label\":\"createdAt\",\"searchable\":true,\"sortable\":true}},\"updatedAt\":{\"edit\":{\"label\":\"updatedAt\",\"description\":\"\",\"placeholder\":\"\",\"visible\":false,\"editable\":true},\"list\":{\"label\":\"updatedAt\",\"searchable\":true,\"sortable\":true}},\"createdBy\":{\"edit\":{\"label\":\"createdBy\",\"description\":\"\",\"placeholder\":\"\",\"visible\":false,\"editable\":true,\"mainField\":\"firstname\"},\"list\":{\"label\":\"createdBy\",\"searchable\":true,\"sortable\":true}},\"updatedBy\":{\"edit\":{\"label\":\"updatedBy\",\"description\":\"\",\"placeholder\":\"\",\"visible\":false,\"editable\":true,\"mainField\":\"firstname\"},\"list\":{\"label\":\"updatedBy\",\"searchable\":true,\"sortable\":true}}},\"layouts\":{\"list\":[\"id\",\"name\",\"stages\",\"stageRequiredToPublish\"],\"edit\":[[{\"name\":\"name\",\"size\":6},{\"name\":\"stages\",\"size\":6}],[{\"name\":\"stageRequiredToPublish\",\"size\":6}],[{\"name\":\"contentTypes\",\"size\":12}]]},\"uid\":\"plugin::review-workflows.workflow\"}',	'object',	NULL,	NULL),
(13,	'plugin_content_manager_configuration_content_types::plugin::review-workflows.workflow-stage',	'{\"settings\":{\"bulkable\":true,\"filterable\":true,\"searchable\":true,\"pageSize\":10,\"mainField\":\"name\",\"defaultSortBy\":\"name\",\"defaultSortOrder\":\"ASC\"},\"metadatas\":{\"id\":{\"edit\":{},\"list\":{\"label\":\"id\",\"searchable\":true,\"sortable\":true}},\"name\":{\"edit\":{\"label\":\"name\",\"description\":\"\",\"placeholder\":\"\",\"visible\":true,\"editable\":true},\"list\":{\"label\":\"name\",\"searchable\":true,\"sortable\":true}},\"color\":{\"edit\":{\"label\":\"color\",\"description\":\"\",\"placeholder\":\"\",\"visible\":true,\"editable\":true},\"list\":{\"label\":\"color\",\"searchable\":true,\"sortable\":true}},\"workflow\":{\"edit\":{\"label\":\"workflow\",\"description\":\"\",\"placeholder\":\"\",\"visible\":true,\"editable\":true,\"mainField\":\"name\"},\"list\":{\"label\":\"workflow\",\"searchable\":true,\"sortable\":true}},\"permissions\":{\"edit\":{\"label\":\"permissions\",\"description\":\"\",\"placeholder\":\"\",\"visible\":true,\"editable\":true,\"mainField\":\"action\"},\"list\":{\"label\":\"permissions\",\"searchable\":false,\"sortable\":false}},\"createdAt\":{\"edit\":{\"label\":\"createdAt\",\"description\":\"\",\"placeholder\":\"\",\"visible\":false,\"editable\":true},\"list\":{\"label\":\"createdAt\",\"searchable\":true,\"sortable\":true}},\"updatedAt\":{\"edit\":{\"label\":\"updatedAt\",\"description\":\"\",\"placeholder\":\"\",\"visible\":false,\"editable\":true},\"list\":{\"label\":\"updatedAt\",\"searchable\":true,\"sortable\":true}},\"createdBy\":{\"edit\":{\"label\":\"createdBy\",\"description\":\"\",\"placeholder\":\"\",\"visible\":false,\"editable\":true,\"mainField\":\"firstname\"},\"list\":{\"label\":\"createdBy\",\"searchable\":true,\"sortable\":true}},\"updatedBy\":{\"edit\":{\"label\":\"updatedBy\",\"description\":\"\",\"placeholder\":\"\",\"visible\":false,\"editable\":true,\"mainField\":\"firstname\"},\"list\":{\"label\":\"updatedBy\",\"searchable\":true,\"sortable\":true}}},\"layouts\":{\"list\":[\"id\",\"name\",\"color\",\"workflow\"],\"edit\":[[{\"name\":\"name\",\"size\":6},{\"name\":\"color\",\"size\":6}],[{\"name\":\"workflow\",\"size\":6},{\"name\":\"permissions\",\"size\":6}]]},\"uid\":\"plugin::review-workflows.workflow-stage\"}',	'object',	NULL,	NULL),
(14,	'plugin_content_manager_configuration_content_types::plugin::users-permissions.permission',	'{\"settings\":{\"bulkable\":true,\"filterable\":true,\"searchable\":true,\"pageSize\":10,\"mainField\":\"action\",\"defaultSortBy\":\"action\",\"defaultSortOrder\":\"ASC\"},\"metadatas\":{\"id\":{\"edit\":{},\"list\":{\"label\":\"id\",\"searchable\":true,\"sortable\":true}},\"action\":{\"edit\":{\"label\":\"action\",\"description\":\"\",\"placeholder\":\"\",\"visible\":true,\"editable\":true},\"list\":{\"label\":\"action\",\"searchable\":true,\"sortable\":true}},\"role\":{\"edit\":{\"label\":\"role\",\"description\":\"\",\"placeholder\":\"\",\"visible\":true,\"editable\":true,\"mainField\":\"name\"},\"list\":{\"label\":\"role\",\"searchable\":true,\"sortable\":true}},\"createdAt\":{\"edit\":{\"label\":\"createdAt\",\"description\":\"\",\"placeholder\":\"\",\"visible\":false,\"editable\":true},\"list\":{\"label\":\"createdAt\",\"searchable\":true,\"sortable\":true}},\"updatedAt\":{\"edit\":{\"label\":\"updatedAt\",\"description\":\"\",\"placeholder\":\"\",\"visible\":false,\"editable\":true},\"list\":{\"label\":\"updatedAt\",\"searchable\":true,\"sortable\":true}},\"createdBy\":{\"edit\":{\"label\":\"createdBy\",\"description\":\"\",\"placeholder\":\"\",\"visible\":false,\"editable\":true,\"mainField\":\"firstname\"},\"list\":{\"label\":\"createdBy\",\"searchable\":true,\"sortable\":true}},\"updatedBy\":{\"edit\":{\"label\":\"updatedBy\",\"description\":\"\",\"placeholder\":\"\",\"visible\":false,\"editable\":true,\"mainField\":\"firstname\"},\"list\":{\"label\":\"updatedBy\",\"searchable\":true,\"sortable\":true}}},\"layouts\":{\"list\":[\"id\",\"action\",\"role\",\"createdAt\"],\"edit\":[[{\"name\":\"action\",\"size\":6},{\"name\":\"role\",\"size\":6}]]},\"uid\":\"plugin::users-permissions.permission\"}',	'object',	NULL,	NULL),
(15,	'plugin_content_manager_configuration_content_types::plugin::users-permissions.role',	'{\"settings\":{\"bulkable\":true,\"filterable\":true,\"searchable\":true,\"pageSize\":10,\"mainField\":\"name\",\"defaultSortBy\":\"name\",\"defaultSortOrder\":\"ASC\"},\"metadatas\":{\"id\":{\"edit\":{},\"list\":{\"label\":\"id\",\"searchable\":true,\"sortable\":true}},\"name\":{\"edit\":{\"label\":\"name\",\"description\":\"\",\"placeholder\":\"\",\"visible\":true,\"editable\":true},\"list\":{\"label\":\"name\",\"searchable\":true,\"sortable\":true}},\"description\":{\"edit\":{\"label\":\"description\",\"description\":\"\",\"placeholder\":\"\",\"visible\":true,\"editable\":true},\"list\":{\"label\":\"description\",\"searchable\":true,\"sortable\":true}},\"type\":{\"edit\":{\"label\":\"type\",\"description\":\"\",\"placeholder\":\"\",\"visible\":true,\"editable\":true},\"list\":{\"label\":\"type\",\"searchable\":true,\"sortable\":true}},\"permissions\":{\"edit\":{\"label\":\"permissions\",\"description\":\"\",\"placeholder\":\"\",\"visible\":true,\"editable\":true,\"mainField\":\"action\"},\"list\":{\"label\":\"permissions\",\"searchable\":false,\"sortable\":false}},\"users\":{\"edit\":{\"label\":\"users\",\"description\":\"\",\"placeholder\":\"\",\"visible\":true,\"editable\":true,\"mainField\":\"username\"},\"list\":{\"label\":\"users\",\"searchable\":false,\"sortable\":false}},\"createdAt\":{\"edit\":{\"label\":\"createdAt\",\"description\":\"\",\"placeholder\":\"\",\"visible\":false,\"editable\":true},\"list\":{\"label\":\"createdAt\",\"searchable\":true,\"sortable\":true}},\"updatedAt\":{\"edit\":{\"label\":\"updatedAt\",\"description\":\"\",\"placeholder\":\"\",\"visible\":false,\"editable\":true},\"list\":{\"label\":\"updatedAt\",\"searchable\":true,\"sortable\":true}},\"createdBy\":{\"edit\":{\"label\":\"createdBy\",\"description\":\"\",\"placeholder\":\"\",\"visible\":false,\"editable\":true,\"mainField\":\"firstname\"},\"list\":{\"label\":\"createdBy\",\"searchable\":true,\"sortable\":true}},\"updatedBy\":{\"edit\":{\"label\":\"updatedBy\",\"description\":\"\",\"placeholder\":\"\",\"visible\":false,\"editable\":true,\"mainField\":\"firstname\"},\"list\":{\"label\":\"updatedBy\",\"searchable\":true,\"sortable\":true}}},\"layouts\":{\"list\":[\"id\",\"name\",\"description\",\"type\"],\"edit\":[[{\"name\":\"name\",\"size\":6},{\"name\":\"description\",\"size\":6}],[{\"name\":\"type\",\"size\":6},{\"name\":\"permissions\",\"size\":6}],[{\"name\":\"users\",\"size\":6}]]},\"uid\":\"plugin::users-permissions.role\"}',	'object',	NULL,	NULL),
(16,	'plugin_content_manager_configuration_content_types::plugin::users-permissions.user',	'{\"settings\":{\"bulkable\":true,\"filterable\":true,\"searchable\":true,\"pageSize\":10,\"mainField\":\"username\",\"defaultSortBy\":\"username\",\"defaultSortOrder\":\"ASC\"},\"metadatas\":{\"id\":{\"edit\":{},\"list\":{\"label\":\"id\",\"searchable\":true,\"sortable\":true}},\"username\":{\"edit\":{\"label\":\"username\",\"description\":\"\",\"placeholder\":\"\",\"visible\":true,\"editable\":true},\"list\":{\"label\":\"username\",\"searchable\":true,\"sortable\":true}},\"email\":{\"edit\":{\"label\":\"email\",\"description\":\"\",\"placeholder\":\"\",\"visible\":true,\"editable\":true},\"list\":{\"label\":\"email\",\"searchable\":true,\"sortable\":true}},\"provider\":{\"edit\":{\"label\":\"provider\",\"description\":\"\",\"placeholder\":\"\",\"visible\":false,\"editable\":true},\"list\":{\"label\":\"provider\",\"searchable\":true,\"sortable\":true}},\"password\":{\"edit\":{\"label\":\"password\",\"description\":\"\",\"placeholder\":\"\",\"visible\":true,\"editable\":true},\"list\":{\"label\":\"password\",\"searchable\":true,\"sortable\":true}},\"resetPasswordToken\":{\"edit\":{\"label\":\"resetPasswordToken\",\"description\":\"\",\"placeholder\":\"\",\"visible\":false,\"editable\":true},\"list\":{\"label\":\"resetPasswordToken\",\"searchable\":true,\"sortable\":true}},\"confirmationToken\":{\"edit\":{\"label\":\"confirmationToken\",\"description\":\"\",\"placeholder\":\"\",\"visible\":false,\"editable\":true},\"list\":{\"label\":\"confirmationToken\",\"searchable\":true,\"sortable\":true}},\"confirmed\":{\"edit\":{\"label\":\"confirmed\",\"description\":\"\",\"placeholder\":\"\",\"visible\":true,\"editable\":true},\"list\":{\"label\":\"confirmed\",\"searchable\":true,\"sortable\":true}},\"blocked\":{\"edit\":{\"label\":\"blocked\",\"description\":\"\",\"placeholder\":\"\",\"visible\":true,\"editable\":true},\"list\":{\"label\":\"blocked\",\"searchable\":true,\"sortable\":true}},\"role\":{\"edit\":{\"label\":\"role\",\"description\":\"\",\"placeholder\":\"\",\"visible\":true,\"editable\":true,\"mainField\":\"name\"},\"list\":{\"label\":\"role\",\"searchable\":true,\"sortable\":true}},\"createdAt\":{\"edit\":{\"label\":\"createdAt\",\"description\":\"\",\"placeholder\":\"\",\"visible\":false,\"editable\":true},\"list\":{\"label\":\"createdAt\",\"searchable\":true,\"sortable\":true}},\"updatedAt\":{\"edit\":{\"label\":\"updatedAt\",\"description\":\"\",\"placeholder\":\"\",\"visible\":false,\"editable\":true},\"list\":{\"label\":\"updatedAt\",\"searchable\":true,\"sortable\":true}},\"createdBy\":{\"edit\":{\"label\":\"createdBy\",\"description\":\"\",\"placeholder\":\"\",\"visible\":false,\"editable\":true,\"mainField\":\"firstname\"},\"list\":{\"label\":\"createdBy\",\"searchable\":true,\"sortable\":true}},\"updatedBy\":{\"edit\":{\"label\":\"updatedBy\",\"description\":\"\",\"placeholder\":\"\",\"visible\":false,\"editable\":true,\"mainField\":\"firstname\"},\"list\":{\"label\":\"updatedBy\",\"searchable\":true,\"sortable\":true}}},\"layouts\":{\"list\":[\"id\",\"username\",\"email\",\"confirmed\"],\"edit\":[[{\"name\":\"username\",\"size\":6},{\"name\":\"email\",\"size\":6}],[{\"name\":\"password\",\"size\":6},{\"name\":\"confirmed\",\"size\":4}],[{\"name\":\"blocked\",\"size\":4},{\"name\":\"role\",\"size\":6}]]},\"uid\":\"plugin::users-permissions.user\"}',	'object',	NULL,	NULL),
(18,	'plugin_content_manager_configuration_content_types::admin::api-token',	'{\"settings\":{\"bulkable\":true,\"filterable\":true,\"searchable\":true,\"pageSize\":10,\"mainField\":\"name\",\"defaultSortBy\":\"name\",\"defaultSortOrder\":\"ASC\"},\"metadatas\":{\"id\":{\"edit\":{},\"list\":{\"label\":\"id\",\"searchable\":true,\"sortable\":true}},\"name\":{\"edit\":{\"label\":\"name\",\"description\":\"\",\"placeholder\":\"\",\"visible\":true,\"editable\":true},\"list\":{\"label\":\"name\",\"searchable\":true,\"sortable\":true}},\"description\":{\"edit\":{\"label\":\"description\",\"description\":\"\",\"placeholder\":\"\",\"visible\":true,\"editable\":true},\"list\":{\"label\":\"description\",\"searchable\":true,\"sortable\":true}},\"type\":{\"edit\":{\"label\":\"type\",\"description\":\"\",\"placeholder\":\"\",\"visible\":true,\"editable\":true},\"list\":{\"label\":\"type\",\"searchable\":true,\"sortable\":true}},\"accessKey\":{\"edit\":{\"label\":\"accessKey\",\"description\":\"\",\"placeholder\":\"\",\"visible\":true,\"editable\":true},\"list\":{\"label\":\"accessKey\",\"searchable\":true,\"sortable\":true}},\"encryptedKey\":{\"edit\":{\"label\":\"encryptedKey\",\"description\":\"\",\"placeholder\":\"\",\"visible\":true,\"editable\":true},\"list\":{\"label\":\"encryptedKey\",\"searchable\":true,\"sortable\":true}},\"lastUsedAt\":{\"edit\":{\"label\":\"lastUsedAt\",\"description\":\"\",\"placeholder\":\"\",\"visible\":true,\"editable\":true},\"list\":{\"label\":\"lastUsedAt\",\"searchable\":true,\"sortable\":true}},\"permissions\":{\"edit\":{\"label\":\"permissions\",\"description\":\"\",\"placeholder\":\"\",\"visible\":true,\"editable\":true,\"mainField\":\"action\"},\"list\":{\"label\":\"permissions\",\"searchable\":false,\"sortable\":false}},\"expiresAt\":{\"edit\":{\"label\":\"expiresAt\",\"description\":\"\",\"placeholder\":\"\",\"visible\":true,\"editable\":true},\"list\":{\"label\":\"expiresAt\",\"searchable\":true,\"sortable\":true}},\"lifespan\":{\"edit\":{\"label\":\"lifespan\",\"description\":\"\",\"placeholder\":\"\",\"visible\":true,\"editable\":true},\"list\":{\"label\":\"lifespan\",\"searchable\":true,\"sortable\":true}},\"createdAt\":{\"edit\":{\"label\":\"createdAt\",\"description\":\"\",\"placeholder\":\"\",\"visible\":false,\"editable\":true},\"list\":{\"label\":\"createdAt\",\"searchable\":true,\"sortable\":true}},\"updatedAt\":{\"edit\":{\"label\":\"updatedAt\",\"description\":\"\",\"placeholder\":\"\",\"visible\":false,\"editable\":true},\"list\":{\"label\":\"updatedAt\",\"searchable\":true,\"sortable\":true}},\"createdBy\":{\"edit\":{\"label\":\"createdBy\",\"description\":\"\",\"placeholder\":\"\",\"visible\":false,\"editable\":true,\"mainField\":\"firstname\"},\"list\":{\"label\":\"createdBy\",\"searchable\":true,\"sortable\":true}},\"updatedBy\":{\"edit\":{\"label\":\"updatedBy\",\"description\":\"\",\"placeholder\":\"\",\"visible\":false,\"editable\":true,\"mainField\":\"firstname\"},\"list\":{\"label\":\"updatedBy\",\"searchable\":true,\"sortable\":true}}},\"layouts\":{\"list\":[\"id\",\"name\",\"description\",\"type\"],\"edit\":[[{\"name\":\"name\",\"size\":6},{\"name\":\"description\",\"size\":6}],[{\"name\":\"type\",\"size\":6},{\"name\":\"accessKey\",\"size\":6}],[{\"name\":\"encryptedKey\",\"size\":6},{\"name\":\"lastUsedAt\",\"size\":6}],[{\"name\":\"permissions\",\"size\":6},{\"name\":\"expiresAt\",\"size\":6}],[{\"name\":\"lifespan\",\"size\":4}]]},\"uid\":\"admin::api-token\"}',	'object',	NULL,	NULL),
(19,	'plugin_content_manager_configuration_content_types::admin::transfer-token',	'{\"settings\":{\"bulkable\":true,\"filterable\":true,\"searchable\":true,\"pageSize\":10,\"mainField\":\"name\",\"defaultSortBy\":\"name\",\"defaultSortOrder\":\"ASC\"},\"metadatas\":{\"id\":{\"edit\":{},\"list\":{\"label\":\"id\",\"searchable\":true,\"sortable\":true}},\"name\":{\"edit\":{\"label\":\"name\",\"description\":\"\",\"placeholder\":\"\",\"visible\":true,\"editable\":true},\"list\":{\"label\":\"name\",\"searchable\":true,\"sortable\":true}},\"description\":{\"edit\":{\"label\":\"description\",\"description\":\"\",\"placeholder\":\"\",\"visible\":true,\"editable\":true},\"list\":{\"label\":\"description\",\"searchable\":true,\"sortable\":true}},\"accessKey\":{\"edit\":{\"label\":\"accessKey\",\"description\":\"\",\"placeholder\":\"\",\"visible\":true,\"editable\":true},\"list\":{\"label\":\"accessKey\",\"searchable\":true,\"sortable\":true}},\"lastUsedAt\":{\"edit\":{\"label\":\"lastUsedAt\",\"description\":\"\",\"placeholder\":\"\",\"visible\":true,\"editable\":true},\"list\":{\"label\":\"lastUsedAt\",\"searchable\":true,\"sortable\":true}},\"permissions\":{\"edit\":{\"label\":\"permissions\",\"description\":\"\",\"placeholder\":\"\",\"visible\":true,\"editable\":true,\"mainField\":\"action\"},\"list\":{\"label\":\"permissions\",\"searchable\":false,\"sortable\":false}},\"expiresAt\":{\"edit\":{\"label\":\"expiresAt\",\"description\":\"\",\"placeholder\":\"\",\"visible\":true,\"editable\":true},\"list\":{\"label\":\"expiresAt\",\"searchable\":true,\"sortable\":true}},\"lifespan\":{\"edit\":{\"label\":\"lifespan\",\"description\":\"\",\"placeholder\":\"\",\"visible\":true,\"editable\":true},\"list\":{\"label\":\"lifespan\",\"searchable\":true,\"sortable\":true}},\"createdAt\":{\"edit\":{\"label\":\"createdAt\",\"description\":\"\",\"placeholder\":\"\",\"visible\":false,\"editable\":true},\"list\":{\"label\":\"createdAt\",\"searchable\":true,\"sortable\":true}},\"updatedAt\":{\"edit\":{\"label\":\"updatedAt\",\"description\":\"\",\"placeholder\":\"\",\"visible\":false,\"editable\":true},\"list\":{\"label\":\"updatedAt\",\"searchable\":true,\"sortable\":true}},\"createdBy\":{\"edit\":{\"label\":\"createdBy\",\"description\":\"\",\"placeholder\":\"\",\"visible\":false,\"editable\":true,\"mainField\":\"firstname\"},\"list\":{\"label\":\"createdBy\",\"searchable\":true,\"sortable\":true}},\"updatedBy\":{\"edit\":{\"label\":\"updatedBy\",\"description\":\"\",\"placeholder\":\"\",\"visible\":false,\"editable\":true,\"mainField\":\"firstname\"},\"list\":{\"label\":\"updatedBy\",\"searchable\":true,\"sortable\":true}}},\"layouts\":{\"list\":[\"id\",\"name\",\"description\",\"accessKey\"],\"edit\":[[{\"name\":\"name\",\"size\":6},{\"name\":\"description\",\"size\":6}],[{\"name\":\"accessKey\",\"size\":6},{\"name\":\"lastUsedAt\",\"size\":6}],[{\"name\":\"permissions\",\"size\":6},{\"name\":\"expiresAt\",\"size\":6}],[{\"name\":\"lifespan\",\"size\":4}]]},\"uid\":\"admin::transfer-token\"}',	'object',	NULL,	NULL),
(23,	'plugin_content_manager_configuration_content_types::api::global.global',	'{\"settings\":{\"bulkable\":true,\"filterable\":true,\"searchable\":true,\"pageSize\":10,\"mainField\":\"siteName\",\"defaultSortBy\":\"siteName\",\"defaultSortOrder\":\"ASC\"},\"metadatas\":{\"id\":{\"edit\":{},\"list\":{\"label\":\"id\",\"searchable\":true,\"sortable\":true}},\"siteName\":{\"edit\":{\"label\":\"siteName\",\"description\":\"\",\"placeholder\":\"\",\"visible\":true,\"editable\":true},\"list\":{\"label\":\"siteName\",\"searchable\":true,\"sortable\":true}},\"favicon\":{\"edit\":{\"label\":\"favicon\",\"description\":\"\",\"placeholder\":\"\",\"visible\":true,\"editable\":true},\"list\":{\"label\":\"favicon\",\"searchable\":false,\"sortable\":false}},\"siteDescription\":{\"edit\":{\"label\":\"siteDescription\",\"description\":\"\",\"placeholder\":\"\",\"visible\":true,\"editable\":true},\"list\":{\"label\":\"siteDescription\",\"searchable\":true,\"sortable\":true}},\"defaultSeo\":{\"edit\":{\"label\":\"defaultSeo\",\"description\":\"\",\"placeholder\":\"\",\"visible\":true,\"editable\":true},\"list\":{\"label\":\"defaultSeo\",\"searchable\":false,\"sortable\":false}},\"createdAt\":{\"edit\":{\"label\":\"createdAt\",\"description\":\"\",\"placeholder\":\"\",\"visible\":false,\"editable\":true},\"list\":{\"label\":\"createdAt\",\"searchable\":true,\"sortable\":true}},\"updatedAt\":{\"edit\":{\"label\":\"updatedAt\",\"description\":\"\",\"placeholder\":\"\",\"visible\":false,\"editable\":true},\"list\":{\"label\":\"updatedAt\",\"searchable\":true,\"sortable\":true}},\"createdBy\":{\"edit\":{\"label\":\"createdBy\",\"description\":\"\",\"placeholder\":\"\",\"visible\":false,\"editable\":true,\"mainField\":\"firstname\"},\"list\":{\"label\":\"createdBy\",\"searchable\":true,\"sortable\":true}},\"updatedBy\":{\"edit\":{\"label\":\"updatedBy\",\"description\":\"\",\"placeholder\":\"\",\"visible\":false,\"editable\":true,\"mainField\":\"firstname\"},\"list\":{\"label\":\"updatedBy\",\"searchable\":true,\"sortable\":true}}},\"layouts\":{\"list\":[\"id\",\"siteName\",\"favicon\",\"siteDescription\"],\"edit\":[[{\"name\":\"siteName\",\"size\":6},{\"name\":\"favicon\",\"size\":6}],[{\"name\":\"siteDescription\",\"size\":6}],[{\"name\":\"defaultSeo\",\"size\":12}]]},\"uid\":\"api::global.global\"}',	'object',	NULL,	NULL),
(24,	'plugin_content_manager_configuration_content_types::admin::permission',	'{\"settings\":{\"bulkable\":true,\"filterable\":true,\"searchable\":true,\"pageSize\":10,\"mainField\":\"action\",\"defaultSortBy\":\"action\",\"defaultSortOrder\":\"ASC\"},\"metadatas\":{\"id\":{\"edit\":{},\"list\":{\"label\":\"id\",\"searchable\":true,\"sortable\":true}},\"action\":{\"edit\":{\"label\":\"action\",\"description\":\"\",\"placeholder\":\"\",\"visible\":true,\"editable\":true},\"list\":{\"label\":\"action\",\"searchable\":true,\"sortable\":true}},\"actionParameters\":{\"edit\":{\"label\":\"actionParameters\",\"description\":\"\",\"placeholder\":\"\",\"visible\":true,\"editable\":true},\"list\":{\"label\":\"actionParameters\",\"searchable\":false,\"sortable\":false}},\"subject\":{\"edit\":{\"label\":\"subject\",\"description\":\"\",\"placeholder\":\"\",\"visible\":true,\"editable\":true},\"list\":{\"label\":\"subject\",\"searchable\":true,\"sortable\":true}},\"properties\":{\"edit\":{\"label\":\"properties\",\"description\":\"\",\"placeholder\":\"\",\"visible\":true,\"editable\":true},\"list\":{\"label\":\"properties\",\"searchable\":false,\"sortable\":false}},\"conditions\":{\"edit\":{\"label\":\"conditions\",\"description\":\"\",\"placeholder\":\"\",\"visible\":true,\"editable\":true},\"list\":{\"label\":\"conditions\",\"searchable\":false,\"sortable\":false}},\"role\":{\"edit\":{\"label\":\"role\",\"description\":\"\",\"placeholder\":\"\",\"visible\":true,\"editable\":true,\"mainField\":\"name\"},\"list\":{\"label\":\"role\",\"searchable\":true,\"sortable\":true}},\"createdAt\":{\"edit\":{\"label\":\"createdAt\",\"description\":\"\",\"placeholder\":\"\",\"visible\":false,\"editable\":true},\"list\":{\"label\":\"createdAt\",\"searchable\":true,\"sortable\":true}},\"updatedAt\":{\"edit\":{\"label\":\"updatedAt\",\"description\":\"\",\"placeholder\":\"\",\"visible\":false,\"editable\":true},\"list\":{\"label\":\"updatedAt\",\"searchable\":true,\"sortable\":true}},\"createdBy\":{\"edit\":{\"label\":\"createdBy\",\"description\":\"\",\"placeholder\":\"\",\"visible\":false,\"editable\":true,\"mainField\":\"firstname\"},\"list\":{\"label\":\"createdBy\",\"searchable\":true,\"sortable\":true}},\"updatedBy\":{\"edit\":{\"label\":\"updatedBy\",\"description\":\"\",\"placeholder\":\"\",\"visible\":false,\"editable\":true,\"mainField\":\"firstname\"},\"list\":{\"label\":\"updatedBy\",\"searchable\":true,\"sortable\":true}}},\"layouts\":{\"list\":[\"id\",\"action\",\"subject\",\"role\"],\"edit\":[[{\"name\":\"action\",\"size\":6}],[{\"name\":\"actionParameters\",\"size\":12}],[{\"name\":\"subject\",\"size\":6}],[{\"name\":\"properties\",\"size\":12}],[{\"name\":\"conditions\",\"size\":12}],[{\"name\":\"role\",\"size\":6}]]},\"uid\":\"admin::permission\"}',	'object',	NULL,	NULL),
(25,	'plugin_content_manager_configuration_content_types::admin::user',	'{\"settings\":{\"bulkable\":true,\"filterable\":true,\"searchable\":true,\"pageSize\":10,\"mainField\":\"firstname\",\"defaultSortBy\":\"firstname\",\"defaultSortOrder\":\"ASC\"},\"metadatas\":{\"id\":{\"edit\":{},\"list\":{\"label\":\"id\",\"searchable\":true,\"sortable\":true}},\"firstname\":{\"edit\":{\"label\":\"firstname\",\"description\":\"\",\"placeholder\":\"\",\"visible\":true,\"editable\":true},\"list\":{\"label\":\"firstname\",\"searchable\":true,\"sortable\":true}},\"lastname\":{\"edit\":{\"label\":\"lastname\",\"description\":\"\",\"placeholder\":\"\",\"visible\":true,\"editable\":true},\"list\":{\"label\":\"lastname\",\"searchable\":true,\"sortable\":true}},\"username\":{\"edit\":{\"label\":\"username\",\"description\":\"\",\"placeholder\":\"\",\"visible\":true,\"editable\":true},\"list\":{\"label\":\"username\",\"searchable\":true,\"sortable\":true}},\"email\":{\"edit\":{\"label\":\"email\",\"description\":\"\",\"placeholder\":\"\",\"visible\":true,\"editable\":true},\"list\":{\"label\":\"email\",\"searchable\":true,\"sortable\":true}},\"password\":{\"edit\":{\"label\":\"password\",\"description\":\"\",\"placeholder\":\"\",\"visible\":true,\"editable\":true},\"list\":{\"label\":\"password\",\"searchable\":true,\"sortable\":true}},\"resetPasswordToken\":{\"edit\":{\"label\":\"resetPasswordToken\",\"description\":\"\",\"placeholder\":\"\",\"visible\":false,\"editable\":true},\"list\":{\"label\":\"resetPasswordToken\",\"searchable\":true,\"sortable\":true}},\"registrationToken\":{\"edit\":{\"label\":\"registrationToken\",\"description\":\"\",\"placeholder\":\"\",\"visible\":false,\"editable\":true},\"list\":{\"label\":\"registrationToken\",\"searchable\":true,\"sortable\":true}},\"isActive\":{\"edit\":{\"label\":\"isActive\",\"description\":\"\",\"placeholder\":\"\",\"visible\":true,\"editable\":true},\"list\":{\"label\":\"isActive\",\"searchable\":true,\"sortable\":true}},\"roles\":{\"edit\":{\"label\":\"roles\",\"description\":\"\",\"placeholder\":\"\",\"visible\":true,\"editable\":true,\"mainField\":\"name\"},\"list\":{\"label\":\"roles\",\"searchable\":false,\"sortable\":false}},\"blocked\":{\"edit\":{\"label\":\"blocked\",\"description\":\"\",\"placeholder\":\"\",\"visible\":true,\"editable\":true},\"list\":{\"label\":\"blocked\",\"searchable\":true,\"sortable\":true}},\"preferedLanguage\":{\"edit\":{\"label\":\"preferedLanguage\",\"description\":\"\",\"placeholder\":\"\",\"visible\":true,\"editable\":true},\"list\":{\"label\":\"preferedLanguage\",\"searchable\":true,\"sortable\":true}},\"createdAt\":{\"edit\":{\"label\":\"createdAt\",\"description\":\"\",\"placeholder\":\"\",\"visible\":false,\"editable\":true},\"list\":{\"label\":\"createdAt\",\"searchable\":true,\"sortable\":true}},\"updatedAt\":{\"edit\":{\"label\":\"updatedAt\",\"description\":\"\",\"placeholder\":\"\",\"visible\":false,\"editable\":true},\"list\":{\"label\":\"updatedAt\",\"searchable\":true,\"sortable\":true}},\"createdBy\":{\"edit\":{\"label\":\"createdBy\",\"description\":\"\",\"placeholder\":\"\",\"visible\":false,\"editable\":true,\"mainField\":\"firstname\"},\"list\":{\"label\":\"createdBy\",\"searchable\":true,\"sortable\":true}},\"updatedBy\":{\"edit\":{\"label\":\"updatedBy\",\"description\":\"\",\"placeholder\":\"\",\"visible\":false,\"editable\":true,\"mainField\":\"firstname\"},\"list\":{\"label\":\"updatedBy\",\"searchable\":true,\"sortable\":true}}},\"layouts\":{\"list\":[\"id\",\"firstname\",\"lastname\",\"username\"],\"edit\":[[{\"name\":\"firstname\",\"size\":6},{\"name\":\"lastname\",\"size\":6}],[{\"name\":\"username\",\"size\":6},{\"name\":\"email\",\"size\":6}],[{\"name\":\"password\",\"size\":6},{\"name\":\"isActive\",\"size\":4}],[{\"name\":\"roles\",\"size\":6},{\"name\":\"blocked\",\"size\":4}],[{\"name\":\"preferedLanguage\",\"size\":6}]]},\"uid\":\"admin::user\"}',	'object',	NULL,	NULL),
(26,	'plugin_content_manager_configuration_content_types::admin::role',	'{\"settings\":{\"bulkable\":true,\"filterable\":true,\"searchable\":true,\"pageSize\":10,\"mainField\":\"name\",\"defaultSortBy\":\"name\",\"defaultSortOrder\":\"ASC\"},\"metadatas\":{\"id\":{\"edit\":{},\"list\":{\"label\":\"id\",\"searchable\":true,\"sortable\":true}},\"name\":{\"edit\":{\"label\":\"name\",\"description\":\"\",\"placeholder\":\"\",\"visible\":true,\"editable\":true},\"list\":{\"label\":\"name\",\"searchable\":true,\"sortable\":true}},\"code\":{\"edit\":{\"label\":\"code\",\"description\":\"\",\"placeholder\":\"\",\"visible\":true,\"editable\":true},\"list\":{\"label\":\"code\",\"searchable\":true,\"sortable\":true}},\"description\":{\"edit\":{\"label\":\"description\",\"description\":\"\",\"placeholder\":\"\",\"visible\":true,\"editable\":true},\"list\":{\"label\":\"description\",\"searchable\":true,\"sortable\":true}},\"users\":{\"edit\":{\"label\":\"users\",\"description\":\"\",\"placeholder\":\"\",\"visible\":true,\"editable\":true,\"mainField\":\"firstname\"},\"list\":{\"label\":\"users\",\"searchable\":false,\"sortable\":false}},\"permissions\":{\"edit\":{\"label\":\"permissions\",\"description\":\"\",\"placeholder\":\"\",\"visible\":true,\"editable\":true,\"mainField\":\"action\"},\"list\":{\"label\":\"permissions\",\"searchable\":false,\"sortable\":false}},\"createdAt\":{\"edit\":{\"label\":\"createdAt\",\"description\":\"\",\"placeholder\":\"\",\"visible\":false,\"editable\":true},\"list\":{\"label\":\"createdAt\",\"searchable\":true,\"sortable\":true}},\"updatedAt\":{\"edit\":{\"label\":\"updatedAt\",\"description\":\"\",\"placeholder\":\"\",\"visible\":false,\"editable\":true},\"list\":{\"label\":\"updatedAt\",\"searchable\":true,\"sortable\":true}},\"createdBy\":{\"edit\":{\"label\":\"createdBy\",\"description\":\"\",\"placeholder\":\"\",\"visible\":false,\"editable\":true,\"mainField\":\"firstname\"},\"list\":{\"label\":\"createdBy\",\"searchable\":true,\"sortable\":true}},\"updatedBy\":{\"edit\":{\"label\":\"updatedBy\",\"description\":\"\",\"placeholder\":\"\",\"visible\":false,\"editable\":true,\"mainField\":\"firstname\"},\"list\":{\"label\":\"updatedBy\",\"searchable\":true,\"sortable\":true}}},\"layouts\":{\"list\":[\"id\",\"name\",\"code\",\"description\"],\"edit\":[[{\"name\":\"name\",\"size\":6},{\"name\":\"code\",\"size\":6}],[{\"name\":\"description\",\"size\":6},{\"name\":\"users\",\"size\":6}],[{\"name\":\"permissions\",\"size\":6}]]},\"uid\":\"admin::role\"}',	'object',	NULL,	NULL),
(27,	'plugin_content_manager_configuration_content_types::admin::api-token-permission',	'{\"settings\":{\"bulkable\":true,\"filterable\":true,\"searchable\":true,\"pageSize\":10,\"mainField\":\"action\",\"defaultSortBy\":\"action\",\"defaultSortOrder\":\"ASC\"},\"metadatas\":{\"id\":{\"edit\":{},\"list\":{\"label\":\"id\",\"searchable\":true,\"sortable\":true}},\"action\":{\"edit\":{\"label\":\"action\",\"description\":\"\",\"placeholder\":\"\",\"visible\":true,\"editable\":true},\"list\":{\"label\":\"action\",\"searchable\":true,\"sortable\":true}},\"token\":{\"edit\":{\"label\":\"token\",\"description\":\"\",\"placeholder\":\"\",\"visible\":true,\"editable\":true,\"mainField\":\"name\"},\"list\":{\"label\":\"token\",\"searchable\":true,\"sortable\":true}},\"createdAt\":{\"edit\":{\"label\":\"createdAt\",\"description\":\"\",\"placeholder\":\"\",\"visible\":false,\"editable\":true},\"list\":{\"label\":\"createdAt\",\"searchable\":true,\"sortable\":true}},\"updatedAt\":{\"edit\":{\"label\":\"updatedAt\",\"description\":\"\",\"placeholder\":\"\",\"visible\":false,\"editable\":true},\"list\":{\"label\":\"updatedAt\",\"searchable\":true,\"sortable\":true}},\"createdBy\":{\"edit\":{\"label\":\"createdBy\",\"description\":\"\",\"placeholder\":\"\",\"visible\":false,\"editable\":true,\"mainField\":\"firstname\"},\"list\":{\"label\":\"createdBy\",\"searchable\":true,\"sortable\":true}},\"updatedBy\":{\"edit\":{\"label\":\"updatedBy\",\"description\":\"\",\"placeholder\":\"\",\"visible\":false,\"editable\":true,\"mainField\":\"firstname\"},\"list\":{\"label\":\"updatedBy\",\"searchable\":true,\"sortable\":true}}},\"layouts\":{\"list\":[\"id\",\"action\",\"token\",\"createdAt\"],\"edit\":[[{\"name\":\"action\",\"size\":6},{\"name\":\"token\",\"size\":6}]]},\"uid\":\"admin::api-token-permission\"}',	'object',	NULL,	NULL),
(28,	'plugin_content_manager_configuration_content_types::admin::transfer-token-permission',	'{\"settings\":{\"bulkable\":true,\"filterable\":true,\"searchable\":true,\"pageSize\":10,\"mainField\":\"action\",\"defaultSortBy\":\"action\",\"defaultSortOrder\":\"ASC\"},\"metadatas\":{\"id\":{\"edit\":{},\"list\":{\"label\":\"id\",\"searchable\":true,\"sortable\":true}},\"action\":{\"edit\":{\"label\":\"action\",\"description\":\"\",\"placeholder\":\"\",\"visible\":true,\"editable\":true},\"list\":{\"label\":\"action\",\"searchable\":true,\"sortable\":true}},\"token\":{\"edit\":{\"label\":\"token\",\"description\":\"\",\"placeholder\":\"\",\"visible\":true,\"editable\":true,\"mainField\":\"name\"},\"list\":{\"label\":\"token\",\"searchable\":true,\"sortable\":true}},\"createdAt\":{\"edit\":{\"label\":\"createdAt\",\"description\":\"\",\"placeholder\":\"\",\"visible\":false,\"editable\":true},\"list\":{\"label\":\"createdAt\",\"searchable\":true,\"sortable\":true}},\"updatedAt\":{\"edit\":{\"label\":\"updatedAt\",\"description\":\"\",\"placeholder\":\"\",\"visible\":false,\"editable\":true},\"list\":{\"label\":\"updatedAt\",\"searchable\":true,\"sortable\":true}},\"createdBy\":{\"edit\":{\"label\":\"createdBy\",\"description\":\"\",\"placeholder\":\"\",\"visible\":false,\"editable\":true,\"mainField\":\"firstname\"},\"list\":{\"label\":\"createdBy\",\"searchable\":true,\"sortable\":true}},\"updatedBy\":{\"edit\":{\"label\":\"updatedBy\",\"description\":\"\",\"placeholder\":\"\",\"visible\":false,\"editable\":true,\"mainField\":\"firstname\"},\"list\":{\"label\":\"updatedBy\",\"searchable\":true,\"sortable\":true}}},\"layouts\":{\"list\":[\"id\",\"action\",\"token\",\"createdAt\"],\"edit\":[[{\"name\":\"action\",\"size\":6},{\"name\":\"token\",\"size\":6}]]},\"uid\":\"admin::transfer-token-permission\"}',	'object',	NULL,	NULL),
(29,	'plugin_upload_settings',	'{\"sizeOptimization\":true,\"responsiveDimensions\":true,\"autoOrientation\":false}',	'object',	NULL,	NULL),
(30,	'plugin_upload_view_configuration',	'{\"pageSize\":10,\"sort\":\"createdAt:DESC\"}',	'object',	NULL,	NULL),
(31,	'plugin_upload_metrics',	'{\"weeklySchedule\":\"14 33 19 * * 3\",\"lastWeeklyUpdate\":1752064394439}',	'object',	NULL,	NULL),
(32,	'plugin_i18n_default_locale',	'\"en\"',	'string',	NULL,	NULL),
(33,	'plugin_users-permissions_grant',	'{\"email\":{\"icon\":\"envelope\",\"enabled\":true},\"discord\":{\"icon\":\"discord\",\"enabled\":false,\"key\":\"\",\"secret\":\"\",\"callbackUrl\":\"api/auth/discord/callback\",\"scope\":[\"identify\",\"email\"]},\"facebook\":{\"icon\":\"facebook-square\",\"enabled\":false,\"key\":\"\",\"secret\":\"\",\"callbackUrl\":\"api/auth/facebook/callback\",\"scope\":[\"email\"]},\"google\":{\"icon\":\"google\",\"enabled\":false,\"key\":\"\",\"secret\":\"\",\"callbackUrl\":\"api/auth/google/callback\",\"scope\":[\"email\"]},\"github\":{\"icon\":\"github\",\"enabled\":false,\"key\":\"\",\"secret\":\"\",\"callbackUrl\":\"api/auth/github/callback\",\"scope\":[\"user\",\"user:email\"]},\"microsoft\":{\"icon\":\"windows\",\"enabled\":false,\"key\":\"\",\"secret\":\"\",\"callbackUrl\":\"api/auth/microsoft/callback\",\"scope\":[\"user.read\"]},\"twitter\":{\"icon\":\"twitter\",\"enabled\":false,\"key\":\"\",\"secret\":\"\",\"callbackUrl\":\"api/auth/twitter/callback\"},\"instagram\":{\"icon\":\"instagram\",\"enabled\":false,\"key\":\"\",\"secret\":\"\",\"callbackUrl\":\"api/auth/instagram/callback\",\"scope\":[\"user_profile\"]},\"vk\":{\"icon\":\"vk\",\"enabled\":false,\"key\":\"\",\"secret\":\"\",\"callbackUrl\":\"api/auth/vk/callback\",\"scope\":[\"email\"]},\"twitch\":{\"icon\":\"twitch\",\"enabled\":false,\"key\":\"\",\"secret\":\"\",\"callbackUrl\":\"api/auth/twitch/callback\",\"scope\":[\"user:read:email\"]},\"linkedin\":{\"icon\":\"linkedin\",\"enabled\":false,\"key\":\"\",\"secret\":\"\",\"callbackUrl\":\"api/auth/linkedin/callback\",\"scope\":[\"r_liteprofile\",\"r_emailaddress\"]},\"cognito\":{\"icon\":\"aws\",\"enabled\":false,\"key\":\"\",\"secret\":\"\",\"subdomain\":\"my.subdomain.com\",\"callback\":\"api/auth/cognito/callback\",\"scope\":[\"email\",\"openid\",\"profile\"]},\"reddit\":{\"icon\":\"reddit\",\"enabled\":false,\"key\":\"\",\"secret\":\"\",\"callback\":\"api/auth/reddit/callback\",\"scope\":[\"identity\"]},\"auth0\":{\"icon\":\"\",\"enabled\":false,\"key\":\"\",\"secret\":\"\",\"subdomain\":\"my-tenant.eu\",\"callback\":\"api/auth/auth0/callback\",\"scope\":[\"openid\",\"email\",\"profile\"]},\"cas\":{\"icon\":\"book\",\"enabled\":false,\"key\":\"\",\"secret\":\"\",\"callback\":\"api/auth/cas/callback\",\"scope\":[\"openid email\"],\"subdomain\":\"my.subdomain.com/cas\"},\"patreon\":{\"icon\":\"\",\"enabled\":false,\"key\":\"\",\"secret\":\"\",\"callback\":\"api/auth/patreon/callback\",\"scope\":[\"identity\",\"identity[email]\"]},\"keycloak\":{\"icon\":\"\",\"enabled\":false,\"key\":\"\",\"secret\":\"\",\"subdomain\":\"myKeycloakProvider.com/realms/myrealm\",\"callback\":\"api/auth/keycloak/callback\",\"scope\":[\"openid\",\"email\",\"profile\"]}}',	'object',	NULL,	NULL),
(34,	'plugin_users-permissions_email',	'{\"reset_password\":{\"display\":\"Email.template.reset_password\",\"icon\":\"sync\",\"options\":{\"from\":{\"name\":\"Administration Panel\",\"email\":\"no-reply@strapi.io\"},\"response_email\":\"\",\"object\":\"Reset password\",\"message\":\"<p>We heard that you lost your password. Sorry about that!</p>\\n\\n<p>But don’t worry! You can use the following link to reset your password:</p>\\n<p><%= URL %>?code=<%= TOKEN %></p>\\n\\n<p>Thanks.</p>\"}},\"email_confirmation\":{\"display\":\"Email.template.email_confirmation\",\"icon\":\"check-square\",\"options\":{\"from\":{\"name\":\"Administration Panel\",\"email\":\"no-reply@strapi.io\"},\"response_email\":\"\",\"object\":\"Account confirmation\",\"message\":\"<p>Thank you for registering!</p>\\n\\n<p>You have to confirm your email address. Please click on the link below.</p>\\n\\n<p><%= URL %>?confirmation=<%= CODE %></p>\\n\\n<p>Thanks.</p>\"}}}',	'object',	NULL,	NULL),
(35,	'plugin_users-permissions_advanced',	'{\"unique_email\":true,\"allow_register\":true,\"email_confirmation\":false,\"email_reset_password\":null,\"email_confirmation_redirection\":null,\"default_role\":\"authenticated\"}',	'object',	NULL,	NULL),
(36,	'core_admin_auth',	'{\"providers\":{\"autoRegister\":false,\"defaultRole\":null,\"ssoLockedRoles\":null}}',	'object',	NULL,	NULL),
(37,	'core_admin_project-settings',	'{\"menuLogo\":{\"name\":\"Artboard_12__1_-removebg-preview.png\",\"hash\":\"Artboard_12_1_removebg_preview_79d8afe5c2\",\"url\":\"/uploads/Artboard_12_1_removebg_preview_79d8afe5c2.png\",\"width\":565,\"height\":442,\"ext\":\".png\",\"size\":80.97,\"provider\":\"local\"},\"authLogo\":{\"name\":\"Artboard_12__1_-removebg-preview.png\",\"hash\":\"Artboard_12_1_removebg_preview_a5a0559703\",\"url\":\"/uploads/Artboard_12_1_removebg_preview_a5a0559703.png\",\"width\":565,\"height\":442,\"ext\":\".png\",\"size\":80.97,\"provider\":\"local\"}}',	'object',	NULL,	NULL),
(41,	'plugin_content_manager_configuration_content_types::api::home-page.home-page',	'{\"settings\":{\"bulkable\":true,\"filterable\":true,\"searchable\":true,\"pageSize\":10,\"mainField\":\"title\",\"defaultSortBy\":\"title\",\"defaultSortOrder\":\"ASC\"},\"metadatas\":{\"id\":{\"edit\":{},\"list\":{\"label\":\"id\",\"searchable\":true,\"sortable\":true}},\"title\":{\"edit\":{\"label\":\"title\",\"description\":\"\",\"placeholder\":\"\",\"visible\":true,\"editable\":true},\"list\":{\"label\":\"title\",\"searchable\":true,\"sortable\":true}},\"description\":{\"edit\":{\"label\":\"description\",\"description\":\"\",\"placeholder\":\"\",\"visible\":true,\"editable\":true},\"list\":{\"label\":\"description\",\"searchable\":true,\"sortable\":true}},\"blocks\":{\"edit\":{\"label\":\"blocks\",\"description\":\"\",\"placeholder\":\"\",\"visible\":true,\"editable\":true},\"list\":{\"label\":\"blocks\",\"searchable\":false,\"sortable\":false}},\"createdAt\":{\"edit\":{\"label\":\"createdAt\",\"description\":\"\",\"placeholder\":\"\",\"visible\":false,\"editable\":true},\"list\":{\"label\":\"createdAt\",\"searchable\":true,\"sortable\":true}},\"updatedAt\":{\"edit\":{\"label\":\"updatedAt\",\"description\":\"\",\"placeholder\":\"\",\"visible\":false,\"editable\":true},\"list\":{\"label\":\"updatedAt\",\"searchable\":true,\"sortable\":true}},\"createdBy\":{\"edit\":{\"label\":\"createdBy\",\"description\":\"\",\"placeholder\":\"\",\"visible\":false,\"editable\":true,\"mainField\":\"firstname\"},\"list\":{\"label\":\"createdBy\",\"searchable\":true,\"sortable\":true}},\"updatedBy\":{\"edit\":{\"label\":\"updatedBy\",\"description\":\"\",\"placeholder\":\"\",\"visible\":false,\"editable\":true,\"mainField\":\"firstname\"},\"list\":{\"label\":\"updatedBy\",\"searchable\":true,\"sortable\":true}}},\"layouts\":{\"list\":[\"id\",\"title\",\"description\",\"createdAt\"],\"edit\":[[{\"name\":\"title\",\"size\":6},{\"name\":\"description\",\"size\":6}],[{\"name\":\"blocks\",\"size\":12}]]},\"uid\":\"api::home-page.home-page\"}',	'object',	NULL,	NULL),
(42,	'plugin_content_manager_configuration_components::elements.link',	'{\"settings\":{\"bulkable\":true,\"filterable\":true,\"searchable\":true,\"pageSize\":10,\"mainField\":\"text\",\"defaultSortBy\":\"text\",\"defaultSortOrder\":\"ASC\"},\"metadatas\":{\"id\":{\"edit\":{},\"list\":{\"label\":\"id\",\"searchable\":false,\"sortable\":false}},\"text\":{\"edit\":{\"label\":\"text\",\"description\":\"\",\"placeholder\":\"\",\"visible\":true,\"editable\":true},\"list\":{\"label\":\"text\",\"searchable\":true,\"sortable\":true}},\"href\":{\"edit\":{\"label\":\"href\",\"description\":\"\",\"placeholder\":\"\",\"visible\":true,\"editable\":true},\"list\":{\"label\":\"href\",\"searchable\":true,\"sortable\":true}},\"isExternal\":{\"edit\":{\"label\":\"isExternal\",\"description\":\"\",\"placeholder\":\"\",\"visible\":true,\"editable\":true},\"list\":{\"label\":\"isExternal\",\"searchable\":true,\"sortable\":true}},\"isButtonLink\":{\"edit\":{\"label\":\"isButtonLink\",\"description\":\"\",\"placeholder\":\"\",\"visible\":true,\"editable\":true},\"list\":{\"label\":\"isButtonLink\",\"searchable\":true,\"sortable\":true}}},\"layouts\":{\"list\":[\"id\",\"text\",\"href\",\"isExternal\"],\"edit\":[[{\"name\":\"text\",\"size\":6},{\"name\":\"href\",\"size\":6}],[{\"name\":\"isExternal\",\"size\":4},{\"name\":\"isButtonLink\",\"size\":4}]]},\"uid\":\"elements.link\",\"isComponent\":true}',	'object',	NULL,	NULL),
(43,	'plugin_content_manager_configuration_components::blocks.hero-section-1',	'{\"settings\":{\"bulkable\":true,\"filterable\":true,\"searchable\":true,\"pageSize\":10,\"mainField\":\"heading\",\"defaultSortBy\":\"heading\",\"defaultSortOrder\":\"ASC\"},\"metadatas\":{\"id\":{\"edit\":{},\"list\":{\"label\":\"id\",\"searchable\":false,\"sortable\":false}},\"image\":{\"edit\":{\"label\":\"image\",\"description\":\"\",\"placeholder\":\"\",\"visible\":true,\"editable\":true},\"list\":{\"label\":\"image\",\"searchable\":false,\"sortable\":false}},\"heading\":{\"edit\":{\"label\":\"heading\",\"description\":\"\",\"placeholder\":\"\",\"visible\":true,\"editable\":true},\"list\":{\"label\":\"heading\",\"searchable\":true,\"sortable\":true}},\"description\":{\"edit\":{\"label\":\"description\",\"description\":\"\",\"placeholder\":\"\",\"visible\":true,\"editable\":true},\"list\":{\"label\":\"description\",\"searchable\":true,\"sortable\":true}},\"cta\":{\"edit\":{\"label\":\"cta\",\"description\":\"\",\"placeholder\":\"\",\"visible\":true,\"editable\":true},\"list\":{\"label\":\"cta\",\"searchable\":false,\"sortable\":false}},\"theme\":{\"edit\":{\"label\":\"theme\",\"description\":\"\",\"placeholder\":\"\",\"visible\":true,\"editable\":true},\"list\":{\"label\":\"theme\",\"searchable\":true,\"sortable\":true}},\"external\":{\"edit\":{\"label\":\"external\",\"description\":\"\",\"placeholder\":\"\",\"visible\":true,\"editable\":true},\"list\":{\"label\":\"external\",\"searchable\":false,\"sortable\":false}}},\"layouts\":{\"list\":[\"id\",\"image\",\"heading\",\"description\"],\"edit\":[[{\"name\":\"image\",\"size\":6},{\"name\":\"heading\",\"size\":6}],[{\"name\":\"description\",\"size\":6}],[{\"name\":\"external\",\"size\":12}],[{\"name\":\"cta\",\"size\":12}],[{\"name\":\"theme\",\"size\":6}]]},\"uid\":\"blocks.hero-section-1\",\"isComponent\":true}',	'object',	NULL,	NULL),
(45,	'plugin_content_manager_configuration_content_types::api::page.page',	'{\"settings\":{\"bulkable\":true,\"filterable\":true,\"searchable\":true,\"pageSize\":10,\"mainField\":\"title\",\"defaultSortBy\":\"title\",\"defaultSortOrder\":\"ASC\"},\"metadatas\":{\"id\":{\"edit\":{},\"list\":{\"label\":\"id\",\"searchable\":true,\"sortable\":true}},\"title\":{\"edit\":{\"label\":\"title\",\"description\":\"\",\"placeholder\":\"\",\"visible\":true,\"editable\":true},\"list\":{\"label\":\"title\",\"searchable\":true,\"sortable\":true}},\"description\":{\"edit\":{\"label\":\"description\",\"description\":\"\",\"placeholder\":\"\",\"visible\":true,\"editable\":true},\"list\":{\"label\":\"description\",\"searchable\":true,\"sortable\":true}},\"blocks\":{\"edit\":{\"label\":\"blocks\",\"description\":\"\",\"placeholder\":\"\",\"visible\":true,\"editable\":true},\"list\":{\"label\":\"blocks\",\"searchable\":false,\"sortable\":false}},\"slug\":{\"edit\":{\"label\":\"slug\",\"description\":\"\",\"placeholder\":\"\",\"visible\":true,\"editable\":true},\"list\":{\"label\":\"slug\",\"searchable\":true,\"sortable\":true}},\"createdAt\":{\"edit\":{\"label\":\"createdAt\",\"description\":\"\",\"placeholder\":\"\",\"visible\":false,\"editable\":true},\"list\":{\"label\":\"createdAt\",\"searchable\":true,\"sortable\":true}},\"updatedAt\":{\"edit\":{\"label\":\"updatedAt\",\"description\":\"\",\"placeholder\":\"\",\"visible\":false,\"editable\":true},\"list\":{\"label\":\"updatedAt\",\"searchable\":true,\"sortable\":true}},\"createdBy\":{\"edit\":{\"label\":\"createdBy\",\"description\":\"\",\"placeholder\":\"\",\"visible\":false,\"editable\":true,\"mainField\":\"firstname\"},\"list\":{\"label\":\"createdBy\",\"searchable\":true,\"sortable\":true}},\"updatedBy\":{\"edit\":{\"label\":\"updatedBy\",\"description\":\"\",\"placeholder\":\"\",\"visible\":false,\"editable\":true,\"mainField\":\"firstname\"},\"list\":{\"label\":\"updatedBy\",\"searchable\":true,\"sortable\":true}}},\"layouts\":{\"list\":[\"id\",\"title\",\"description\",\"createdAt\"],\"edit\":[[{\"name\":\"title\",\"size\":6},{\"name\":\"description\",\"size\":6}],[{\"name\":\"blocks\",\"size\":12}],[{\"name\":\"slug\",\"size\":6}]]},\"uid\":\"api::page.page\"}',	'object',	NULL,	NULL),
(46,	'plugin_content_manager_configuration_components::blocks.hero-section-2',	'{\"settings\":{\"bulkable\":true,\"filterable\":true,\"searchable\":true,\"pageSize\":10,\"mainField\":\"heading\",\"defaultSortBy\":\"heading\",\"defaultSortOrder\":\"ASC\"},\"metadatas\":{\"id\":{\"edit\":{},\"list\":{\"label\":\"id\",\"searchable\":false,\"sortable\":false}},\"image\":{\"edit\":{\"label\":\"image\",\"description\":\"\",\"placeholder\":\"\",\"visible\":true,\"editable\":true},\"list\":{\"label\":\"image\",\"searchable\":false,\"sortable\":false}},\"heading\":{\"edit\":{\"label\":\"heading\",\"description\":\"\",\"placeholder\":\"\",\"visible\":true,\"editable\":true},\"list\":{\"label\":\"heading\",\"searchable\":true,\"sortable\":true}},\"description\":{\"edit\":{\"label\":\"description\",\"description\":\"\",\"placeholder\":\"\",\"visible\":true,\"editable\":true},\"list\":{\"label\":\"description\",\"searchable\":true,\"sortable\":true}}},\"layouts\":{\"list\":[\"id\",\"image\",\"heading\",\"description\"],\"edit\":[[{\"name\":\"image\",\"size\":6},{\"name\":\"heading\",\"size\":6}],[{\"name\":\"description\",\"size\":6}]]},\"uid\":\"blocks.hero-section-2\",\"isComponent\":true}',	'object',	NULL,	NULL),
(47,	'plugin_content_manager_configuration_components::elements.tab',	'{\"settings\":{\"bulkable\":true,\"filterable\":true,\"searchable\":true,\"pageSize\":10,\"mainField\":\"name\",\"defaultSortBy\":\"name\",\"defaultSortOrder\":\"ASC\"},\"metadatas\":{\"id\":{\"edit\":{},\"list\":{\"label\":\"id\",\"searchable\":false,\"sortable\":false}},\"name\":{\"edit\":{\"label\":\"name\",\"description\":\"\",\"placeholder\":\"\",\"visible\":true,\"editable\":true},\"list\":{\"label\":\"name\",\"searchable\":true,\"sortable\":true}},\"value\":{\"edit\":{\"label\":\"value\",\"description\":\"\",\"placeholder\":\"\",\"visible\":true,\"editable\":true},\"list\":{\"label\":\"value\",\"searchable\":true,\"sortable\":true}}},\"layouts\":{\"list\":[\"id\",\"name\",\"value\"],\"edit\":[[{\"name\":\"name\",\"size\":6},{\"name\":\"value\",\"size\":6}]]},\"uid\":\"elements.tab\",\"isComponent\":true}',	'object',	NULL,	NULL),
(48,	'plugin_content_manager_configuration_components::blocks.info-block',	'{\"settings\":{\"bulkable\":true,\"filterable\":true,\"searchable\":true,\"pageSize\":10,\"mainField\":\"heading\",\"defaultSortBy\":\"heading\",\"defaultSortOrder\":\"ASC\"},\"metadatas\":{\"id\":{\"edit\":{},\"list\":{\"label\":\"id\",\"searchable\":false,\"sortable\":false}},\"heading\":{\"edit\":{\"label\":\"heading\",\"description\":\"\",\"placeholder\":\"\",\"visible\":true,\"editable\":true},\"list\":{\"label\":\"heading\",\"searchable\":true,\"sortable\":true}},\"description\":{\"edit\":{\"label\":\"description\",\"description\":\"\",\"placeholder\":\"\",\"visible\":true,\"editable\":true},\"list\":{\"label\":\"description\",\"searchable\":true,\"sortable\":true}},\"headline1\":{\"edit\":{\"label\":\"headline1\",\"description\":\"\",\"placeholder\":\"\",\"visible\":true,\"editable\":true},\"list\":{\"label\":\"headline1\",\"searchable\":true,\"sortable\":true}},\"content1\":{\"edit\":{\"label\":\"content1\",\"description\":\"\",\"placeholder\":\"\",\"visible\":true,\"editable\":true},\"list\":{\"label\":\"content1\",\"searchable\":true,\"sortable\":true}},\"headline2\":{\"edit\":{\"label\":\"headline2\",\"description\":\"\",\"placeholder\":\"\",\"visible\":true,\"editable\":true},\"list\":{\"label\":\"headline2\",\"searchable\":true,\"sortable\":true}},\"content2\":{\"edit\":{\"label\":\"content2\",\"description\":\"\",\"placeholder\":\"\",\"visible\":true,\"editable\":true},\"list\":{\"label\":\"content2\",\"searchable\":true,\"sortable\":true}},\"headline3\":{\"edit\":{\"label\":\"headline3\",\"description\":\"\",\"placeholder\":\"\",\"visible\":true,\"editable\":true},\"list\":{\"label\":\"headline3\",\"searchable\":true,\"sortable\":true}},\"content3\":{\"edit\":{\"label\":\"content3\",\"description\":\"\",\"placeholder\":\"\",\"visible\":true,\"editable\":true},\"list\":{\"label\":\"content3\",\"searchable\":true,\"sortable\":true}}},\"layouts\":{\"list\":[\"id\",\"heading\",\"description\",\"headline1\"],\"edit\":[[{\"name\":\"heading\",\"size\":6},{\"name\":\"description\",\"size\":6}],[{\"name\":\"headline1\",\"size\":6},{\"name\":\"content1\",\"size\":6}],[{\"name\":\"headline2\",\"size\":6},{\"name\":\"content2\",\"size\":6}],[{\"name\":\"headline3\",\"size\":6},{\"name\":\"content3\",\"size\":6}]]},\"uid\":\"blocks.info-block\",\"isComponent\":true}',	'object',	NULL,	NULL),
(49,	'plugin_content_manager_configuration_components::blocks.team-block',	'{\"settings\":{\"bulkable\":true,\"filterable\":true,\"searchable\":true,\"pageSize\":10,\"mainField\":\"heading\",\"defaultSortBy\":\"heading\",\"defaultSortOrder\":\"ASC\"},\"metadatas\":{\"id\":{\"edit\":{},\"list\":{\"label\":\"id\",\"searchable\":false,\"sortable\":false}},\"heading\":{\"edit\":{\"label\":\"heading\",\"description\":\"\",\"placeholder\":\"\",\"visible\":true,\"editable\":true},\"list\":{\"label\":\"heading\",\"searchable\":true,\"sortable\":true}},\"description\":{\"edit\":{\"label\":\"description\",\"description\":\"\",\"placeholder\":\"\",\"visible\":true,\"editable\":true},\"list\":{\"label\":\"description\",\"searchable\":true,\"sortable\":true}},\"tab\":{\"edit\":{\"label\":\"tab\",\"description\":\"\",\"placeholder\":\"\",\"visible\":true,\"editable\":true},\"list\":{\"label\":\"tab\",\"searchable\":false,\"sortable\":false}},\"team_members\":{\"edit\":{\"label\":\"team_members\",\"description\":\"\",\"placeholder\":\"\",\"visible\":true,\"editable\":true},\"list\":{\"label\":\"team_members\",\"searchable\":false,\"sortable\":false}}},\"layouts\":{\"list\":[\"id\",\"heading\",\"description\",\"tab\"],\"edit\":[[{\"name\":\"heading\",\"size\":6},{\"name\":\"description\",\"size\":6}],[{\"name\":\"tab\",\"size\":12}],[{\"name\":\"team_members\",\"size\":12}]]},\"uid\":\"blocks.team-block\",\"isComponent\":true}',	'object',	NULL,	NULL),
(50,	'plugin_content_manager_configuration_components::elements.team-card',	'{\"settings\":{\"bulkable\":true,\"filterable\":true,\"searchable\":true,\"pageSize\":10,\"mainField\":\"id\",\"defaultSortBy\":\"id\",\"defaultSortOrder\":\"ASC\"},\"metadatas\":{\"id\":{\"edit\":{},\"list\":{\"label\":\"id\",\"searchable\":false,\"sortable\":false}},\"membersImage\":{\"edit\":{\"label\":\"membersImage\",\"description\":\"\",\"placeholder\":\"\",\"visible\":true,\"editable\":true},\"list\":{\"label\":\"membersImage\",\"searchable\":false,\"sortable\":false}},\"membersName\":{\"edit\":{\"label\":\"membersName\",\"description\":\"\",\"placeholder\":\"\",\"visible\":true,\"editable\":true},\"list\":{\"label\":\"membersName\",\"searchable\":true,\"sortable\":true}},\"membersRole\":{\"edit\":{\"label\":\"membersRole\",\"description\":\"\",\"placeholder\":\"\",\"visible\":true,\"editable\":true},\"list\":{\"label\":\"membersRole\",\"searchable\":true,\"sortable\":true}}},\"layouts\":{\"list\":[\"id\",\"membersImage\",\"membersName\",\"membersRole\"],\"edit\":[[{\"name\":\"membersImage\",\"size\":6},{\"name\":\"membersName\",\"size\":6}],[{\"name\":\"membersRole\",\"size\":6}]]},\"uid\":\"elements.team-card\",\"isComponent\":true}',	'object',	NULL,	NULL),
(51,	'plugin_content_manager_configuration_components::elements.partner-card',	'{\"settings\":{\"bulkable\":true,\"filterable\":true,\"searchable\":true,\"pageSize\":10,\"mainField\":\"id\",\"defaultSortBy\":\"id\",\"defaultSortOrder\":\"ASC\"},\"metadatas\":{\"id\":{\"edit\":{},\"list\":{\"label\":\"id\",\"searchable\":false,\"sortable\":false}},\"image\":{\"edit\":{\"label\":\"image\",\"description\":\"\",\"placeholder\":\"\",\"visible\":true,\"editable\":true},\"list\":{\"label\":\"image\",\"searchable\":false,\"sortable\":false}},\"partnerName\":{\"edit\":{\"label\":\"partnerName\",\"description\":\"\",\"placeholder\":\"\",\"visible\":true,\"editable\":true},\"list\":{\"label\":\"partnerName\",\"searchable\":true,\"sortable\":true}},\"partnerDescription\":{\"edit\":{\"label\":\"partnerDescription\",\"description\":\"\",\"placeholder\":\"\",\"visible\":true,\"editable\":true},\"list\":{\"label\":\"partnerDescription\",\"searchable\":true,\"sortable\":true}},\"cta\":{\"edit\":{\"label\":\"cta\",\"description\":\"\",\"placeholder\":\"\",\"visible\":true,\"editable\":true},\"list\":{\"label\":\"cta\",\"searchable\":false,\"sortable\":false}}},\"layouts\":{\"list\":[\"id\",\"image\",\"partnerName\",\"partnerDescription\"],\"edit\":[[{\"name\":\"image\",\"size\":6},{\"name\":\"partnerName\",\"size\":6}],[{\"name\":\"partnerDescription\",\"size\":6}],[{\"name\":\"cta\",\"size\":12}]]},\"uid\":\"elements.partner-card\",\"isComponent\":true}',	'object',	NULL,	NULL),
(52,	'plugin_content_manager_configuration_components::blocks.partner-block',	'{\"settings\":{\"bulkable\":true,\"filterable\":true,\"searchable\":true,\"pageSize\":10,\"mainField\":\"heading\",\"defaultSortBy\":\"heading\",\"defaultSortOrder\":\"ASC\"},\"metadatas\":{\"id\":{\"edit\":{},\"list\":{\"label\":\"id\",\"searchable\":false,\"sortable\":false}},\"heading\":{\"edit\":{\"label\":\"heading\",\"description\":\"\",\"placeholder\":\"\",\"visible\":true,\"editable\":true},\"list\":{\"label\":\"heading\",\"searchable\":true,\"sortable\":true}},\"description\":{\"edit\":{\"label\":\"description\",\"description\":\"\",\"placeholder\":\"\",\"visible\":true,\"editable\":true},\"list\":{\"label\":\"description\",\"searchable\":true,\"sortable\":true}},\"tab\":{\"edit\":{\"label\":\"tab\",\"description\":\"\",\"placeholder\":\"\",\"visible\":true,\"editable\":true},\"list\":{\"label\":\"tab\",\"searchable\":false,\"sortable\":false}},\"partners\":{\"edit\":{\"label\":\"partners\",\"description\":\"\",\"placeholder\":\"\",\"visible\":true,\"editable\":true},\"list\":{\"label\":\"partners\",\"searchable\":false,\"sortable\":false}}},\"layouts\":{\"list\":[\"id\",\"heading\",\"description\",\"partners\"],\"edit\":[[{\"name\":\"heading\",\"size\":6},{\"name\":\"description\",\"size\":6}],[{\"name\":\"tab\",\"size\":12}],[{\"name\":\"partners\",\"size\":12}]]},\"uid\":\"blocks.partner-block\",\"isComponent\":true}',	'object',	NULL,	NULL),
(60,	'plugin_content_manager_configuration_content_types::api::program.program',	'{\"settings\":{\"bulkable\":true,\"filterable\":true,\"searchable\":true,\"pageSize\":10,\"mainField\":\"title\",\"defaultSortBy\":\"title\",\"defaultSortOrder\":\"ASC\"},\"metadatas\":{\"id\":{\"edit\":{},\"list\":{\"label\":\"id\",\"searchable\":true,\"sortable\":true}},\"title\":{\"edit\":{\"label\":\"title\",\"description\":\"\",\"placeholder\":\"\",\"visible\":true,\"editable\":true},\"list\":{\"label\":\"title\",\"searchable\":true,\"sortable\":true}},\"description\":{\"edit\":{\"label\":\"description\",\"description\":\"\",\"placeholder\":\"\",\"visible\":true,\"editable\":true},\"list\":{\"label\":\"description\",\"searchable\":true,\"sortable\":true}},\"slug\":{\"edit\":{\"label\":\"slug\",\"description\":\"\",\"placeholder\":\"\",\"visible\":true,\"editable\":true},\"list\":{\"label\":\"slug\",\"searchable\":true,\"sortable\":true}},\"image\":{\"edit\":{\"label\":\"image\",\"description\":\"\",\"placeholder\":\"\",\"visible\":true,\"editable\":true},\"list\":{\"label\":\"image\",\"searchable\":false,\"sortable\":false}},\"categories\":{\"edit\":{\"label\":\"categories\",\"description\":\"\",\"placeholder\":\"\",\"visible\":true,\"editable\":true},\"list\":{\"label\":\"categories\",\"searchable\":true,\"sortable\":true}},\"date\":{\"edit\":{\"label\":\"date\",\"description\":\"\",\"placeholder\":\"\",\"visible\":true,\"editable\":true},\"list\":{\"label\":\"date\",\"searchable\":true,\"sortable\":true}},\"featured\":{\"edit\":{\"label\":\"featured\",\"description\":\"\",\"placeholder\":\"\",\"visible\":true,\"editable\":true},\"list\":{\"label\":\"featured\",\"searchable\":true,\"sortable\":true}},\"cta\":{\"edit\":{\"label\":\"cta\",\"description\":\"\",\"placeholder\":\"\",\"visible\":true,\"editable\":true},\"list\":{\"label\":\"cta\",\"searchable\":false,\"sortable\":false}},\"blocks\":{\"edit\":{\"label\":\"blocks\",\"description\":\"\",\"placeholder\":\"\",\"visible\":true,\"editable\":true},\"list\":{\"label\":\"blocks\",\"searchable\":false,\"sortable\":false}},\"createdAt\":{\"edit\":{\"label\":\"createdAt\",\"description\":\"\",\"placeholder\":\"\",\"visible\":false,\"editable\":true},\"list\":{\"label\":\"createdAt\",\"searchable\":true,\"sortable\":true}},\"updatedAt\":{\"edit\":{\"label\":\"updatedAt\",\"description\":\"\",\"placeholder\":\"\",\"visible\":false,\"editable\":true},\"list\":{\"label\":\"updatedAt\",\"searchable\":true,\"sortable\":true}},\"createdBy\":{\"edit\":{\"label\":\"createdBy\",\"description\":\"\",\"placeholder\":\"\",\"visible\":false,\"editable\":true,\"mainField\":\"firstname\"},\"list\":{\"label\":\"createdBy\",\"searchable\":true,\"sortable\":true}},\"updatedBy\":{\"edit\":{\"label\":\"updatedBy\",\"description\":\"\",\"placeholder\":\"\",\"visible\":false,\"editable\":true,\"mainField\":\"firstname\"},\"list\":{\"label\":\"updatedBy\",\"searchable\":true,\"sortable\":true}}},\"layouts\":{\"list\":[\"id\",\"title\",\"description\",\"slug\"],\"edit\":[[{\"name\":\"title\",\"size\":6},{\"name\":\"description\",\"size\":6}],[{\"name\":\"slug\",\"size\":6},{\"name\":\"image\",\"size\":6}],[{\"name\":\"categories\",\"size\":6},{\"name\":\"date\",\"size\":4}],[{\"name\":\"featured\",\"size\":4}],[{\"name\":\"cta\",\"size\":12}],[{\"name\":\"blocks\",\"size\":12}]]},\"uid\":\"api::program.program\"}',	'object',	NULL,	NULL),
(61,	'plugin_content_manager_configuration_components::elements.program-card',	'{\"settings\":{\"bulkable\":true,\"filterable\":true,\"searchable\":true,\"pageSize\":10,\"mainField\":\"id\",\"defaultSortBy\":\"id\",\"defaultSortOrder\":\"ASC\"},\"metadatas\":{\"id\":{\"edit\":{},\"list\":{\"label\":\"id\",\"searchable\":false,\"sortable\":false}},\"title\":{\"edit\":{\"label\":\"title\",\"description\":\"\",\"placeholder\":\"\",\"visible\":true,\"editable\":true},\"list\":{\"label\":\"title\",\"searchable\":true,\"sortable\":true}},\"content\":{\"edit\":{\"label\":\"content\",\"description\":\"\",\"placeholder\":\"\",\"visible\":true,\"editable\":true},\"list\":{\"label\":\"content\",\"searchable\":true,\"sortable\":true}},\"categories\":{\"edit\":{\"label\":\"categories\",\"description\":\"\",\"placeholder\":\"\",\"visible\":true,\"editable\":true},\"list\":{\"label\":\"categories\",\"searchable\":true,\"sortable\":true}},\"date\":{\"edit\":{\"label\":\"date\",\"description\":\"\",\"placeholder\":\"\",\"visible\":true,\"editable\":true},\"list\":{\"label\":\"date\",\"searchable\":true,\"sortable\":true}},\"cta\":{\"edit\":{\"label\":\"cta\",\"description\":\"\",\"placeholder\":\"\",\"visible\":true,\"editable\":true},\"list\":{\"label\":\"cta\",\"searchable\":false,\"sortable\":false}},\"image\":{\"edit\":{\"label\":\"image\",\"description\":\"\",\"placeholder\":\"\",\"visible\":true,\"editable\":true},\"list\":{\"label\":\"image\",\"searchable\":false,\"sortable\":false}}},\"layouts\":{\"list\":[\"id\",\"title\",\"content\",\"categories\"],\"edit\":[[{\"name\":\"image\",\"size\":6}],[{\"name\":\"title\",\"size\":6},{\"name\":\"content\",\"size\":6}],[{\"name\":\"date\",\"size\":4},{\"name\":\"categories\",\"size\":6}],[{\"name\":\"cta\",\"size\":12}]]},\"uid\":\"elements.program-card\",\"isComponent\":true}',	'object',	NULL,	NULL),
(62,	'plugin_content_manager_configuration_components::blocks.solar-sister-block',	'{\"settings\":{\"bulkable\":true,\"filterable\":true,\"searchable\":true,\"pageSize\":10,\"mainField\":\"title\",\"defaultSortBy\":\"title\",\"defaultSortOrder\":\"ASC\"},\"metadatas\":{\"id\":{\"edit\":{},\"list\":{\"label\":\"id\",\"searchable\":false,\"sortable\":false}},\"title\":{\"edit\":{\"label\":\"title\",\"description\":\"\",\"placeholder\":\"\",\"visible\":true,\"editable\":true},\"list\":{\"label\":\"title\",\"searchable\":true,\"sortable\":true}},\"headline\":{\"edit\":{\"label\":\"headline\",\"description\":\"\",\"placeholder\":\"\",\"visible\":true,\"editable\":true},\"list\":{\"label\":\"headline\",\"searchable\":true,\"sortable\":true}},\"content\":{\"edit\":{\"label\":\"content\",\"description\":\"\",\"placeholder\":\"\",\"visible\":true,\"editable\":true},\"list\":{\"label\":\"content\",\"searchable\":true,\"sortable\":true}},\"card\":{\"edit\":{\"label\":\"card\",\"description\":\"\",\"placeholder\":\"\",\"visible\":true,\"editable\":true},\"list\":{\"label\":\"card\",\"searchable\":false,\"sortable\":false}}},\"layouts\":{\"list\":[\"id\",\"title\",\"headline\",\"content\"],\"edit\":[[{\"name\":\"title\",\"size\":6},{\"name\":\"headline\",\"size\":6}],[{\"name\":\"content\",\"size\":6}],[{\"name\":\"card\",\"size\":12}]]},\"uid\":\"blocks.solar-sister-block\",\"isComponent\":true}',	'object',	NULL,	NULL),
(63,	'plugin_content_manager_configuration_components::blocks.net-zero-heroes-block',	'{\"settings\":{\"bulkable\":true,\"filterable\":true,\"searchable\":true,\"pageSize\":10,\"mainField\":\"title\",\"defaultSortBy\":\"title\",\"defaultSortOrder\":\"ASC\"},\"metadatas\":{\"id\":{\"edit\":{},\"list\":{\"label\":\"id\",\"searchable\":false,\"sortable\":false}},\"title\":{\"edit\":{\"label\":\"title\",\"description\":\"\",\"placeholder\":\"\",\"visible\":true,\"editable\":true},\"list\":{\"label\":\"title\",\"searchable\":true,\"sortable\":true}},\"headline\":{\"edit\":{\"label\":\"headline\",\"description\":\"\",\"placeholder\":\"\",\"visible\":true,\"editable\":true},\"list\":{\"label\":\"headline\",\"searchable\":true,\"sortable\":true}},\"content\":{\"edit\":{\"label\":\"content\",\"description\":\"\",\"placeholder\":\"\",\"visible\":true,\"editable\":true},\"list\":{\"label\":\"content\",\"searchable\":true,\"sortable\":true}},\"card\":{\"edit\":{\"label\":\"card\",\"description\":\"\",\"placeholder\":\"\",\"visible\":true,\"editable\":true},\"list\":{\"label\":\"card\",\"searchable\":false,\"sortable\":false}}},\"layouts\":{\"list\":[\"id\",\"title\",\"headline\",\"content\"],\"edit\":[[{\"name\":\"title\",\"size\":6},{\"name\":\"headline\",\"size\":6}],[{\"name\":\"content\",\"size\":6}],[{\"name\":\"card\",\"size\":12}]]},\"uid\":\"blocks.net-zero-heroes-block\",\"isComponent\":true}',	'object',	NULL,	NULL),
(64,	'plugin_content_manager_configuration_components::blocks.gawirea-lab',	'{\"settings\":{\"bulkable\":true,\"filterable\":true,\"searchable\":true,\"pageSize\":10,\"mainField\":\"title\",\"defaultSortBy\":\"title\",\"defaultSortOrder\":\"ASC\"},\"metadatas\":{\"id\":{\"edit\":{},\"list\":{\"label\":\"id\",\"searchable\":false,\"sortable\":false}},\"title\":{\"edit\":{\"label\":\"title\",\"description\":\"\",\"placeholder\":\"\",\"visible\":true,\"editable\":true},\"list\":{\"label\":\"title\",\"searchable\":true,\"sortable\":true}},\"headline\":{\"edit\":{\"label\":\"headline\",\"description\":\"\",\"placeholder\":\"\",\"visible\":true,\"editable\":true},\"list\":{\"label\":\"headline\",\"searchable\":true,\"sortable\":true}},\"content\":{\"edit\":{\"label\":\"content\",\"description\":\"\",\"placeholder\":\"\",\"visible\":true,\"editable\":true},\"list\":{\"label\":\"content\",\"searchable\":true,\"sortable\":true}},\"card\":{\"edit\":{\"label\":\"card\",\"description\":\"\",\"placeholder\":\"\",\"visible\":true,\"editable\":true},\"list\":{\"label\":\"card\",\"searchable\":false,\"sortable\":false}}},\"layouts\":{\"list\":[\"id\",\"title\",\"headline\",\"content\"],\"edit\":[[{\"name\":\"title\",\"size\":6},{\"name\":\"headline\",\"size\":6}],[{\"name\":\"content\",\"size\":6}],[{\"name\":\"card\",\"size\":12}]]},\"uid\":\"blocks.gawirea-lab\",\"isComponent\":true}',	'object',	NULL,	NULL),
(65,	'plugin_content_manager_configuration_components::blocks.gawirea-edu-hub-block',	'{\"settings\":{\"bulkable\":true,\"filterable\":true,\"searchable\":true,\"pageSize\":10,\"mainField\":\"title\",\"defaultSortBy\":\"title\",\"defaultSortOrder\":\"ASC\"},\"metadatas\":{\"id\":{\"edit\":{},\"list\":{\"label\":\"id\",\"searchable\":false,\"sortable\":false}},\"title\":{\"edit\":{\"label\":\"title\",\"description\":\"\",\"placeholder\":\"\",\"visible\":true,\"editable\":true},\"list\":{\"label\":\"title\",\"searchable\":true,\"sortable\":true}},\"headline\":{\"edit\":{\"label\":\"headline\",\"description\":\"\",\"placeholder\":\"\",\"visible\":true,\"editable\":true},\"list\":{\"label\":\"headline\",\"searchable\":true,\"sortable\":true}},\"content\":{\"edit\":{\"label\":\"content\",\"description\":\"\",\"placeholder\":\"\",\"visible\":true,\"editable\":true},\"list\":{\"label\":\"content\",\"searchable\":true,\"sortable\":true}},\"card\":{\"edit\":{\"label\":\"card\",\"description\":\"\",\"placeholder\":\"\",\"visible\":true,\"editable\":true},\"list\":{\"label\":\"card\",\"searchable\":false,\"sortable\":false}}},\"layouts\":{\"list\":[\"id\",\"title\",\"headline\",\"content\"],\"edit\":[[{\"name\":\"title\",\"size\":6},{\"name\":\"headline\",\"size\":6}],[{\"name\":\"content\",\"size\":6}],[{\"name\":\"card\",\"size\":12}]]},\"uid\":\"blocks.gawirea-edu-hub-block\",\"isComponent\":true}',	'object',	NULL,	NULL),
(66,	'plugin_content_manager_configuration_components::blocks.sinari-project-block',	'{\"settings\":{\"bulkable\":true,\"filterable\":true,\"searchable\":true,\"pageSize\":10,\"mainField\":\"title\",\"defaultSortBy\":\"title\",\"defaultSortOrder\":\"ASC\"},\"metadatas\":{\"id\":{\"edit\":{},\"list\":{\"label\":\"id\",\"searchable\":false,\"sortable\":false}},\"title\":{\"edit\":{\"label\":\"title\",\"description\":\"\",\"placeholder\":\"\",\"visible\":true,\"editable\":true},\"list\":{\"label\":\"title\",\"searchable\":true,\"sortable\":true}},\"headline\":{\"edit\":{\"label\":\"headline\",\"description\":\"\",\"placeholder\":\"\",\"visible\":true,\"editable\":true},\"list\":{\"label\":\"headline\",\"searchable\":true,\"sortable\":true}},\"content\":{\"edit\":{\"label\":\"content\",\"description\":\"\",\"placeholder\":\"\",\"visible\":true,\"editable\":true},\"list\":{\"label\":\"content\",\"searchable\":true,\"sortable\":true}},\"card\":{\"edit\":{\"label\":\"card\",\"description\":\"\",\"placeholder\":\"\",\"visible\":true,\"editable\":true},\"list\":{\"label\":\"card\",\"searchable\":false,\"sortable\":false}}},\"layouts\":{\"list\":[\"id\",\"title\",\"headline\",\"content\"],\"edit\":[[{\"name\":\"title\",\"size\":6},{\"name\":\"headline\",\"size\":6}],[{\"name\":\"content\",\"size\":6}],[{\"name\":\"card\",\"size\":12}]]},\"uid\":\"blocks.sinari-project-block\",\"isComponent\":true}',	'object',	NULL,	NULL),
(67,	'plugin_content_manager_configuration_components::blocks.mojuk-block',	'{\"settings\":{\"bulkable\":true,\"filterable\":true,\"searchable\":true,\"pageSize\":10,\"mainField\":\"title\",\"defaultSortBy\":\"title\",\"defaultSortOrder\":\"ASC\"},\"metadatas\":{\"id\":{\"edit\":{},\"list\":{\"label\":\"id\",\"searchable\":false,\"sortable\":false}},\"title\":{\"edit\":{\"label\":\"title\",\"description\":\"\",\"placeholder\":\"\",\"visible\":true,\"editable\":true},\"list\":{\"label\":\"title\",\"searchable\":true,\"sortable\":true}},\"headline\":{\"edit\":{\"label\":\"headline\",\"description\":\"\",\"placeholder\":\"\",\"visible\":true,\"editable\":true},\"list\":{\"label\":\"headline\",\"searchable\":true,\"sortable\":true}},\"content\":{\"edit\":{\"label\":\"content\",\"description\":\"\",\"placeholder\":\"\",\"visible\":true,\"editable\":true},\"list\":{\"label\":\"content\",\"searchable\":true,\"sortable\":true}},\"card\":{\"edit\":{\"label\":\"card\",\"description\":\"\",\"placeholder\":\"\",\"visible\":true,\"editable\":true},\"list\":{\"label\":\"card\",\"searchable\":false,\"sortable\":false}}},\"layouts\":{\"list\":[\"id\",\"title\",\"headline\",\"content\"],\"edit\":[[{\"name\":\"title\",\"size\":6},{\"name\":\"headline\",\"size\":6}],[{\"name\":\"content\",\"size\":6}],[{\"name\":\"card\",\"size\":12}]]},\"uid\":\"blocks.mojuk-block\",\"isComponent\":true}',	'object',	NULL,	NULL),
(68,	'plugin_content_manager_configuration_components::blocks.impact-block',	'{\"settings\":{\"bulkable\":true,\"filterable\":true,\"searchable\":true,\"pageSize\":10,\"mainField\":\"title\",\"defaultSortBy\":\"title\",\"defaultSortOrder\":\"ASC\"},\"metadatas\":{\"id\":{\"edit\":{},\"list\":{\"label\":\"id\",\"searchable\":false,\"sortable\":false}},\"title\":{\"edit\":{\"label\":\"title\",\"description\":\"\",\"placeholder\":\"\",\"visible\":true,\"editable\":true},\"list\":{\"label\":\"title\",\"searchable\":true,\"sortable\":true}},\"description\":{\"edit\":{\"label\":\"description\",\"description\":\"\",\"placeholder\":\"\",\"visible\":true,\"editable\":true},\"list\":{\"label\":\"description\",\"searchable\":true,\"sortable\":true}},\"content\":{\"edit\":{\"label\":\"content\",\"description\":\"\",\"placeholder\":\"\",\"visible\":true,\"editable\":true},\"list\":{\"label\":\"content\",\"searchable\":true,\"sortable\":true}},\"card\":{\"edit\":{\"label\":\"card\",\"description\":\"\",\"placeholder\":\"\",\"visible\":true,\"editable\":true},\"list\":{\"label\":\"card\",\"searchable\":false,\"sortable\":false}}},\"layouts\":{\"list\":[\"id\",\"title\",\"description\",\"content\"],\"edit\":[[{\"name\":\"title\",\"size\":6},{\"name\":\"description\",\"size\":6}],[{\"name\":\"content\",\"size\":6}],[{\"name\":\"card\",\"size\":12}]]},\"uid\":\"blocks.impact-block\",\"isComponent\":true}',	'object',	NULL,	NULL),
(69,	'plugin_content_manager_configuration_components::blocks.heading-block',	'{\"settings\":{\"bulkable\":true,\"filterable\":true,\"searchable\":true,\"pageSize\":10,\"mainField\":\"heading\",\"defaultSortBy\":\"heading\",\"defaultSortOrder\":\"ASC\"},\"metadatas\":{\"id\":{\"edit\":{},\"list\":{\"label\":\"id\",\"searchable\":false,\"sortable\":false}},\"heading\":{\"edit\":{\"label\":\"heading\",\"description\":\"\",\"placeholder\":\"\",\"visible\":true,\"editable\":true},\"list\":{\"label\":\"heading\",\"searchable\":true,\"sortable\":true}},\"linkId\":{\"edit\":{\"label\":\"linkId\",\"description\":\"\",\"placeholder\":\"\",\"visible\":true,\"editable\":true},\"list\":{\"label\":\"linkId\",\"searchable\":true,\"sortable\":true}},\"author\":{\"edit\":{\"label\":\"author\",\"description\":\"\",\"placeholder\":\"\",\"visible\":true,\"editable\":true},\"list\":{\"label\":\"author\",\"searchable\":true,\"sortable\":true}},\"categories\":{\"edit\":{\"label\":\"categories\",\"description\":\"\",\"placeholder\":\"\",\"visible\":true,\"editable\":true},\"list\":{\"label\":\"categories\",\"searchable\":true,\"sortable\":true}}},\"layouts\":{\"list\":[\"id\",\"heading\",\"linkId\",\"author\"],\"edit\":[[{\"name\":\"heading\",\"size\":6},{\"name\":\"linkId\",\"size\":6}],[{\"name\":\"author\",\"size\":6},{\"name\":\"categories\",\"size\":6}]]},\"uid\":\"blocks.heading-block\",\"isComponent\":true}',	'object',	NULL,	NULL),
(70,	'plugin_content_manager_configuration_components::blocks.paragraph-block',	'{\"settings\":{\"bulkable\":true,\"filterable\":true,\"searchable\":true,\"pageSize\":10,\"mainField\":\"id\",\"defaultSortBy\":\"id\",\"defaultSortOrder\":\"ASC\"},\"metadatas\":{\"id\":{\"edit\":{},\"list\":{\"label\":\"id\",\"searchable\":false,\"sortable\":false}},\"content\":{\"edit\":{\"label\":\"content\",\"description\":\"\",\"placeholder\":\"\",\"visible\":true,\"editable\":true},\"list\":{\"label\":\"content\",\"searchable\":false,\"sortable\":false}}},\"layouts\":{\"list\":[\"id\"],\"edit\":[[{\"name\":\"content\",\"size\":12}]]},\"uid\":\"blocks.paragraph-block\",\"isComponent\":true}',	'object',	NULL,	NULL),
(71,	'plugin_content_manager_configuration_components::blocks.full-image-block',	'{\"settings\":{\"bulkable\":true,\"filterable\":true,\"searchable\":true,\"pageSize\":10,\"mainField\":\"id\",\"defaultSortBy\":\"id\",\"defaultSortOrder\":\"ASC\"},\"metadatas\":{\"id\":{\"edit\":{},\"list\":{\"label\":\"id\",\"searchable\":false,\"sortable\":false}},\"image\":{\"edit\":{\"label\":\"image\",\"description\":\"\",\"placeholder\":\"\",\"visible\":true,\"editable\":true},\"list\":{\"label\":\"image\",\"searchable\":false,\"sortable\":false}}},\"layouts\":{\"list\":[\"id\",\"image\"],\"edit\":[[{\"name\":\"image\",\"size\":6}]]},\"uid\":\"blocks.full-image-block\",\"isComponent\":true}',	'object',	NULL,	NULL),
(72,	'plugin_content_manager_configuration_components::blocks.paragraph-with-image-block',	'{\"settings\":{\"bulkable\":true,\"filterable\":true,\"searchable\":true,\"pageSize\":10,\"mainField\":\"id\",\"defaultSortBy\":\"id\",\"defaultSortOrder\":\"ASC\"},\"metadatas\":{\"id\":{\"edit\":{},\"list\":{\"label\":\"id\",\"searchable\":false,\"sortable\":false}},\"content\":{\"edit\":{\"label\":\"content\",\"description\":\"\",\"placeholder\":\"\",\"visible\":true,\"editable\":true},\"list\":{\"label\":\"content\",\"searchable\":false,\"sortable\":false}},\"image\":{\"edit\":{\"label\":\"image\",\"description\":\"\",\"placeholder\":\"\",\"visible\":true,\"editable\":true},\"list\":{\"label\":\"image\",\"searchable\":false,\"sortable\":false}},\"reversed\":{\"edit\":{\"label\":\"reversed\",\"description\":\"\",\"placeholder\":\"\",\"visible\":true,\"editable\":true},\"list\":{\"label\":\"reversed\",\"searchable\":true,\"sortable\":true}},\"imageLandscape\":{\"edit\":{\"label\":\"imageLandscape\",\"description\":\"\",\"placeholder\":\"\",\"visible\":true,\"editable\":true},\"list\":{\"label\":\"imageLandscape\",\"searchable\":true,\"sortable\":true}}},\"layouts\":{\"list\":[\"id\",\"image\",\"reversed\",\"imageLandscape\"],\"edit\":[[{\"name\":\"content\",\"size\":12}],[{\"name\":\"image\",\"size\":6},{\"name\":\"reversed\",\"size\":4}],[{\"name\":\"imageLandscape\",\"size\":4}]]},\"uid\":\"blocks.paragraph-with-image-block\",\"isComponent\":true}',	'object',	NULL,	NULL),
(73,	'plugin_content_manager_configuration_content_types::api::article.article',	'{\"settings\":{\"bulkable\":true,\"filterable\":true,\"searchable\":true,\"pageSize\":10,\"mainField\":\"title\",\"defaultSortBy\":\"title\",\"defaultSortOrder\":\"ASC\"},\"metadatas\":{\"id\":{\"edit\":{},\"list\":{\"label\":\"id\",\"searchable\":true,\"sortable\":true}},\"title\":{\"edit\":{\"label\":\"title\",\"description\":\"\",\"placeholder\":\"\",\"visible\":true,\"editable\":true},\"list\":{\"label\":\"title\",\"searchable\":true,\"sortable\":true}},\"description\":{\"edit\":{\"label\":\"description\",\"description\":\"\",\"placeholder\":\"\",\"visible\":true,\"editable\":true},\"list\":{\"label\":\"description\",\"searchable\":true,\"sortable\":true}},\"slug\":{\"edit\":{\"label\":\"slug\",\"description\":\"\",\"placeholder\":\"\",\"visible\":true,\"editable\":true},\"list\":{\"label\":\"slug\",\"searchable\":true,\"sortable\":true}},\"image\":{\"edit\":{\"label\":\"image\",\"description\":\"\",\"placeholder\":\"\",\"visible\":true,\"editable\":true},\"list\":{\"label\":\"image\",\"searchable\":false,\"sortable\":false}},\"featured\":{\"edit\":{\"label\":\"featured\",\"description\":\"\",\"placeholder\":\"\",\"visible\":true,\"editable\":true},\"list\":{\"label\":\"featured\",\"searchable\":true,\"sortable\":true}},\"blocks\":{\"edit\":{\"label\":\"blocks\",\"description\":\"\",\"placeholder\":\"\",\"visible\":true,\"editable\":true},\"list\":{\"label\":\"blocks\",\"searchable\":false,\"sortable\":false}},\"categories\":{\"edit\":{\"label\":\"categories\",\"description\":\"\",\"placeholder\":\"\",\"visible\":true,\"editable\":true},\"list\":{\"label\":\"categories\",\"searchable\":true,\"sortable\":true}},\"cta\":{\"edit\":{\"label\":\"cta\",\"description\":\"\",\"placeholder\":\"\",\"visible\":true,\"editable\":true},\"list\":{\"label\":\"cta\",\"searchable\":false,\"sortable\":false}},\"createdAt\":{\"edit\":{\"label\":\"createdAt\",\"description\":\"\",\"placeholder\":\"\",\"visible\":false,\"editable\":true},\"list\":{\"label\":\"createdAt\",\"searchable\":true,\"sortable\":true}},\"updatedAt\":{\"edit\":{\"label\":\"updatedAt\",\"description\":\"\",\"placeholder\":\"\",\"visible\":false,\"editable\":true},\"list\":{\"label\":\"updatedAt\",\"searchable\":true,\"sortable\":true}},\"createdBy\":{\"edit\":{\"label\":\"createdBy\",\"description\":\"\",\"placeholder\":\"\",\"visible\":false,\"editable\":true,\"mainField\":\"firstname\"},\"list\":{\"label\":\"createdBy\",\"searchable\":true,\"sortable\":true}},\"updatedBy\":{\"edit\":{\"label\":\"updatedBy\",\"description\":\"\",\"placeholder\":\"\",\"visible\":false,\"editable\":true,\"mainField\":\"firstname\"},\"list\":{\"label\":\"updatedBy\",\"searchable\":true,\"sortable\":true}}},\"layouts\":{\"list\":[\"id\",\"title\",\"description\",\"slug\"],\"edit\":[[{\"name\":\"title\",\"size\":6},{\"name\":\"description\",\"size\":6}],[{\"name\":\"image\",\"size\":6},{\"name\":\"slug\",\"size\":6}],[{\"name\":\"categories\",\"size\":6},{\"name\":\"featured\",\"size\":4}],[{\"name\":\"cta\",\"size\":12}],[{\"name\":\"blocks\",\"size\":12}]]},\"uid\":\"api::article.article\"}',	'object',	NULL,	NULL),
(74,	'plugin_content_manager_configuration_components::blocks.heading-with-description-block',	'{\"settings\":{\"bulkable\":true,\"filterable\":true,\"searchable\":true,\"pageSize\":10,\"mainField\":\"headline\",\"defaultSortBy\":\"headline\",\"defaultSortOrder\":\"ASC\"},\"metadatas\":{\"id\":{\"edit\":{},\"list\":{\"label\":\"id\",\"searchable\":false,\"sortable\":false}},\"headline\":{\"edit\":{\"label\":\"headline\",\"description\":\"\",\"placeholder\":\"\",\"visible\":true,\"editable\":true},\"list\":{\"label\":\"headline\",\"searchable\":true,\"sortable\":true}},\"description\":{\"edit\":{\"label\":\"description\",\"description\":\"\",\"placeholder\":\"\",\"visible\":true,\"editable\":true},\"list\":{\"label\":\"description\",\"searchable\":true,\"sortable\":true}}},\"layouts\":{\"list\":[\"id\",\"headline\",\"description\"],\"edit\":[[{\"name\":\"headline\",\"size\":6},{\"name\":\"description\",\"size\":6}]]},\"uid\":\"blocks.heading-with-description-block\",\"isComponent\":true}',	'object',	NULL,	NULL),
(75,	'plugin_content_manager_configuration_content_types::api::newsletter-contact.newsletter-contact',	'{\"settings\":{\"bulkable\":true,\"filterable\":true,\"searchable\":true,\"pageSize\":10,\"mainField\":\"name\",\"defaultSortBy\":\"name\",\"defaultSortOrder\":\"ASC\"},\"metadatas\":{\"id\":{\"edit\":{},\"list\":{\"label\":\"id\",\"searchable\":true,\"sortable\":true}},\"name\":{\"edit\":{\"label\":\"name\",\"description\":\"\",\"placeholder\":\"\",\"visible\":true,\"editable\":true},\"list\":{\"label\":\"name\",\"searchable\":true,\"sortable\":true}},\"type\":{\"edit\":{\"label\":\"type\",\"description\":\"\",\"placeholder\":\"\",\"visible\":true,\"editable\":true},\"list\":{\"label\":\"type\",\"searchable\":true,\"sortable\":true}},\"email\":{\"edit\":{\"label\":\"email\",\"description\":\"\",\"placeholder\":\"\",\"visible\":true,\"editable\":true},\"list\":{\"label\":\"email\",\"searchable\":true,\"sortable\":true}},\"message\":{\"edit\":{\"label\":\"message\",\"description\":\"\",\"placeholder\":\"\",\"visible\":true,\"editable\":true},\"list\":{\"label\":\"message\",\"searchable\":true,\"sortable\":true}},\"createdAt\":{\"edit\":{\"label\":\"createdAt\",\"description\":\"\",\"placeholder\":\"\",\"visible\":false,\"editable\":true},\"list\":{\"label\":\"createdAt\",\"searchable\":true,\"sortable\":true}},\"updatedAt\":{\"edit\":{\"label\":\"updatedAt\",\"description\":\"\",\"placeholder\":\"\",\"visible\":false,\"editable\":true},\"list\":{\"label\":\"updatedAt\",\"searchable\":true,\"sortable\":true}},\"createdBy\":{\"edit\":{\"label\":\"createdBy\",\"description\":\"\",\"placeholder\":\"\",\"visible\":false,\"editable\":true,\"mainField\":\"firstname\"},\"list\":{\"label\":\"createdBy\",\"searchable\":true,\"sortable\":true}},\"updatedBy\":{\"edit\":{\"label\":\"updatedBy\",\"description\":\"\",\"placeholder\":\"\",\"visible\":false,\"editable\":true,\"mainField\":\"firstname\"},\"list\":{\"label\":\"updatedBy\",\"searchable\":true,\"sortable\":true}}},\"layouts\":{\"list\":[\"id\",\"name\",\"type\",\"email\"],\"edit\":[[{\"name\":\"name\",\"size\":6},{\"name\":\"type\",\"size\":6}],[{\"name\":\"email\",\"size\":6},{\"name\":\"message\",\"size\":6}]]},\"uid\":\"api::newsletter-contact.newsletter-contact\"}',	'object',	NULL,	NULL),
(76,	'plugin_content_manager_configuration_content_types::api::impact.impact',	'{\"settings\":{\"bulkable\":true,\"filterable\":true,\"searchable\":true,\"pageSize\":10,\"mainField\":\"title\",\"defaultSortBy\":\"title\",\"defaultSortOrder\":\"ASC\"},\"metadatas\":{\"id\":{\"edit\":{},\"list\":{\"label\":\"id\",\"searchable\":true,\"sortable\":true}},\"title\":{\"edit\":{\"label\":\"title\",\"description\":\"\",\"placeholder\":\"\",\"visible\":true,\"editable\":true},\"list\":{\"label\":\"title\",\"searchable\":true,\"sortable\":true}},\"description\":{\"edit\":{\"label\":\"description\",\"description\":\"\",\"placeholder\":\"\",\"visible\":true,\"editable\":true},\"list\":{\"label\":\"description\",\"searchable\":true,\"sortable\":true}},\"slug\":{\"edit\":{\"label\":\"slug\",\"description\":\"\",\"placeholder\":\"\",\"visible\":true,\"editable\":true},\"list\":{\"label\":\"slug\",\"searchable\":true,\"sortable\":true}},\"image\":{\"edit\":{\"label\":\"image\",\"description\":\"\",\"placeholder\":\"\",\"visible\":true,\"editable\":true},\"list\":{\"label\":\"image\",\"searchable\":false,\"sortable\":false}},\"categories\":{\"edit\":{\"label\":\"categories\",\"description\":\"\",\"placeholder\":\"\",\"visible\":true,\"editable\":true},\"list\":{\"label\":\"categories\",\"searchable\":true,\"sortable\":true}},\"date\":{\"edit\":{\"label\":\"date\",\"description\":\"\",\"placeholder\":\"\",\"visible\":true,\"editable\":true},\"list\":{\"label\":\"date\",\"searchable\":true,\"sortable\":true}},\"featured\":{\"edit\":{\"label\":\"featured\",\"description\":\"\",\"placeholder\":\"\",\"visible\":true,\"editable\":true},\"list\":{\"label\":\"featured\",\"searchable\":true,\"sortable\":true}},\"cta\":{\"edit\":{\"label\":\"cta\",\"description\":\"\",\"placeholder\":\"\",\"visible\":true,\"editable\":true},\"list\":{\"label\":\"cta\",\"searchable\":false,\"sortable\":false}},\"blocks\":{\"edit\":{\"label\":\"blocks\",\"description\":\"\",\"placeholder\":\"\",\"visible\":true,\"editable\":true},\"list\":{\"label\":\"blocks\",\"searchable\":false,\"sortable\":false}},\"createdAt\":{\"edit\":{\"label\":\"createdAt\",\"description\":\"\",\"placeholder\":\"\",\"visible\":false,\"editable\":true},\"list\":{\"label\":\"createdAt\",\"searchable\":true,\"sortable\":true}},\"updatedAt\":{\"edit\":{\"label\":\"updatedAt\",\"description\":\"\",\"placeholder\":\"\",\"visible\":false,\"editable\":true},\"list\":{\"label\":\"updatedAt\",\"searchable\":true,\"sortable\":true}},\"createdBy\":{\"edit\":{\"label\":\"createdBy\",\"description\":\"\",\"placeholder\":\"\",\"visible\":false,\"editable\":true,\"mainField\":\"firstname\"},\"list\":{\"label\":\"createdBy\",\"searchable\":true,\"sortable\":true}},\"updatedBy\":{\"edit\":{\"label\":\"updatedBy\",\"description\":\"\",\"placeholder\":\"\",\"visible\":false,\"editable\":true,\"mainField\":\"firstname\"},\"list\":{\"label\":\"updatedBy\",\"searchable\":true,\"sortable\":true}}},\"layouts\":{\"list\":[\"id\",\"title\",\"description\",\"slug\"],\"edit\":[[{\"name\":\"title\",\"size\":6},{\"name\":\"description\",\"size\":6}],[{\"name\":\"slug\",\"size\":6},{\"name\":\"image\",\"size\":6}],[{\"name\":\"categories\",\"size\":6},{\"name\":\"date\",\"size\":4}],[{\"name\":\"featured\",\"size\":4}],[{\"name\":\"cta\",\"size\":12}],[{\"name\":\"blocks\",\"size\":12}]]},\"uid\":\"api::impact.impact\"}',	'object',	NULL,	NULL),
(77,	'plugin_content_manager_configuration_content_types::api::donation.donation',	'{\"settings\":{\"bulkable\":true,\"filterable\":true,\"searchable\":true,\"pageSize\":10,\"mainField\":\"id\",\"defaultSortBy\":\"id\",\"defaultSortOrder\":\"ASC\"},\"metadatas\":{\"id\":{\"edit\":{},\"list\":{\"label\":\"id\",\"searchable\":true,\"sortable\":true}},\"name\":{\"edit\":{\"label\":\"name\",\"description\":\"\",\"placeholder\":\"\",\"visible\":true,\"editable\":true},\"list\":{\"label\":\"name\",\"searchable\":true,\"sortable\":true}},\"email\":{\"edit\":{\"label\":\"email\",\"description\":\"\",\"placeholder\":\"\",\"visible\":true,\"editable\":true},\"list\":{\"label\":\"email\",\"searchable\":true,\"sortable\":true}},\"amount\":{\"edit\":{\"label\":\"amount\",\"description\":\"\",\"placeholder\":\"\",\"visible\":true,\"editable\":true},\"list\":{\"label\":\"amount\",\"searchable\":true,\"sortable\":true}},\"payment_method\":{\"edit\":{\"label\":\"payment_method\",\"description\":\"\",\"placeholder\":\"\",\"visible\":true,\"editable\":true},\"list\":{\"label\":\"payment_method\",\"searchable\":true,\"sortable\":true}},\"period\":{\"edit\":{\"label\":\"period\",\"description\":\"\",\"placeholder\":\"\",\"visible\":true,\"editable\":true},\"list\":{\"label\":\"period\",\"searchable\":true,\"sortable\":true}},\"receipt\":{\"edit\":{\"label\":\"receipt\",\"description\":\"\",\"placeholder\":\"\",\"visible\":true,\"editable\":true},\"list\":{\"label\":\"receipt\",\"searchable\":false,\"sortable\":false}},\"createdAt\":{\"edit\":{\"label\":\"createdAt\",\"description\":\"\",\"placeholder\":\"\",\"visible\":false,\"editable\":true},\"list\":{\"label\":\"createdAt\",\"searchable\":true,\"sortable\":true}},\"updatedAt\":{\"edit\":{\"label\":\"updatedAt\",\"description\":\"\",\"placeholder\":\"\",\"visible\":false,\"editable\":true},\"list\":{\"label\":\"updatedAt\",\"searchable\":true,\"sortable\":true}},\"createdBy\":{\"edit\":{\"label\":\"createdBy\",\"description\":\"\",\"placeholder\":\"\",\"visible\":false,\"editable\":true,\"mainField\":\"firstname\"},\"list\":{\"label\":\"createdBy\",\"searchable\":true,\"sortable\":true}},\"updatedBy\":{\"edit\":{\"label\":\"updatedBy\",\"description\":\"\",\"placeholder\":\"\",\"visible\":false,\"editable\":true,\"mainField\":\"firstname\"},\"list\":{\"label\":\"updatedBy\",\"searchable\":true,\"sortable\":true}}},\"layouts\":{\"list\":[\"id\",\"name\",\"email\",\"amount\"],\"edit\":[[{\"name\":\"name\",\"size\":6},{\"name\":\"email\",\"size\":6}],[{\"name\":\"amount\",\"size\":4},{\"name\":\"payment_method\",\"size\":6}],[{\"name\":\"period\",\"size\":6},{\"name\":\"receipt\",\"size\":6}]]},\"uid\":\"api::donation.donation\"}',	'object',	NULL,	NULL),
(78,	'plugin_upload_api-folder',	'{\"id\":7}',	'object',	NULL,	NULL);

DROP TABLE IF EXISTS `strapi_database_schema`;
CREATE TABLE `strapi_database_schema` (
  `id` int unsigned NOT NULL AUTO_INCREMENT,
  `schema` json DEFAULT NULL,
  `time` datetime DEFAULT NULL,
  `hash` varchar(255) COLLATE utf8mb4_general_ci DEFAULT NULL,
  PRIMARY KEY (`id`)
) ENGINE=InnoDB DEFAULT CHARSET=utf8mb4 COLLATE=utf8mb4_general_ci;

INSERT INTO `strapi_database_schema` (`id`, `schema`, `time`, `hash`) VALUES
(89,	'{\"tables\": [{\"name\": \"files\", \"columns\": [{\"args\": [{\"primary\": true, \"primaryKey\": true}], \"name\": \"id\", \"type\": \"increments\", \"unsigned\": false, \"defaultTo\": null, \"notNullable\": true}, {\"args\": [], \"name\": \"document_id\", \"type\": \"string\", \"unsigned\": false, \"defaultTo\": null, \"notNullable\": false}, {\"args\": [], \"name\": \"name\", \"type\": \"string\", \"unsigned\": false, \"defaultTo\": null, \"notNullable\": false}, {\"args\": [], \"name\": \"alternative_text\", \"type\": \"string\", \"unsigned\": false, \"defaultTo\": null, \"notNullable\": false}, {\"args\": [], \"name\": \"caption\", \"type\": \"string\", \"unsigned\": false, \"defaultTo\": null, \"notNullable\": false}, {\"args\": [], \"name\": \"width\", \"type\": \"integer\", \"unsigned\": false, \"defaultTo\": null, \"notNullable\": false}, {\"args\": [], \"name\": \"height\", \"type\": \"integer\", \"unsigned\": false, \"defaultTo\": null, \"notNullable\": false}, {\"args\": [], \"name\": \"formats\", \"type\": \"jsonb\", \"unsigned\": false, \"defaultTo\": null, \"notNullable\": false}, {\"args\": [], \"name\": \"hash\", \"type\": \"string\", \"unsigned\": false, \"defaultTo\": null, \"notNullable\": false}, {\"args\": [], \"name\": \"ext\", \"type\": \"string\", \"unsigned\": false, \"defaultTo\": null, \"notNullable\": false}, {\"args\": [], \"name\": \"mime\", \"type\": \"string\", \"unsigned\": false, \"defaultTo\": null, \"notNullable\": false}, {\"args\": [10, 2], \"name\": \"size\", \"type\": \"decimal\", \"unsigned\": false, \"defaultTo\": null, \"notNullable\": false}, {\"args\": [], \"name\": \"url\", \"type\": \"string\", \"unsigned\": false, \"defaultTo\": null, \"notNullable\": false}, {\"args\": [], \"name\": \"preview_url\", \"type\": \"string\", \"unsigned\": false, \"defaultTo\": null, \"notNullable\": false}, {\"args\": [], \"name\": \"provider\", \"type\": \"string\", \"unsigned\": false, \"defaultTo\": null, \"notNullable\": false}, {\"args\": [], \"name\": \"provider_metadata\", \"type\": \"jsonb\", \"unsigned\": false, \"defaultTo\": null, \"notNullable\": false}, {\"args\": [], \"name\": \"folder_path\", \"type\": \"string\", \"unsigned\": false, \"defaultTo\": null, \"notNullable\": false}, {\"args\": [{\"useTz\": false, \"precision\": 6}], \"name\": \"created_at\", \"type\": \"datetime\", \"unsigned\": false, \"defaultTo\": null, \"notNullable\": false}, {\"args\": [{\"useTz\": false, \"precision\": 6}], \"name\": \"updated_at\", \"type\": \"datetime\", \"unsigned\": false, \"defaultTo\": null, \"notNullable\": false}, {\"args\": [{\"useTz\": false, \"precision\": 6}], \"name\": \"published_at\", \"type\": \"datetime\", \"unsigned\": false, \"defaultTo\": null, \"notNullable\": false}, {\"args\": [], \"name\": \"created_by_id\", \"type\": \"integer\", \"unsigned\": true, \"defaultTo\": null, \"notNullable\": false}, {\"args\": [], \"name\": \"updated_by_id\", \"type\": \"integer\", \"unsigned\": true, \"defaultTo\": null, \"notNullable\": false}, {\"args\": [], \"name\": \"locale\", \"type\": \"string\", \"unsigned\": false, \"defaultTo\": null, \"notNullable\": false}], \"indexes\": [{\"name\": \"upload_files_folder_path_index\", \"type\": null, \"columns\": [\"folder_path\"]}, {\"name\": \"upload_files_created_at_index\", \"type\": null, \"columns\": [\"created_at\"]}, {\"name\": \"upload_files_updated_at_index\", \"type\": null, \"columns\": [\"updated_at\"]}, {\"name\": \"upload_files_name_index\", \"type\": null, \"columns\": [\"name\"]}, {\"name\": \"upload_files_size_index\", \"type\": null, \"columns\": [\"size\"]}, {\"name\": \"upload_files_ext_index\", \"type\": null, \"columns\": [\"ext\"]}, {\"name\": \"files_documents_idx\", \"columns\": [\"document_id\", \"locale\", \"published_at\"]}, {\"name\": \"files_created_by_id_fk\", \"columns\": [\"created_by_id\"]}, {\"name\": \"files_updated_by_id_fk\", \"columns\": [\"updated_by_id\"]}], \"foreignKeys\": [{\"name\": \"files_created_by_id_fk\", \"columns\": [\"created_by_id\"], \"onDelete\": \"SET NULL\", \"referencedTable\": \"admin_users\", \"referencedColumns\": [\"id\"]}, {\"name\": \"files_updated_by_id_fk\", \"columns\": [\"updated_by_id\"], \"onDelete\": \"SET NULL\", \"referencedTable\": \"admin_users\", \"referencedColumns\": [\"id\"]}]}, {\"name\": \"upload_folders\", \"columns\": [{\"args\": [{\"primary\": true, \"primaryKey\": true}], \"name\": \"id\", \"type\": \"increments\", \"unsigned\": false, \"defaultTo\": null, \"notNullable\": true}, {\"args\": [], \"name\": \"document_id\", \"type\": \"string\", \"unsigned\": false, \"defaultTo\": null, \"notNullable\": false}, {\"args\": [], \"name\": \"name\", \"type\": \"string\", \"unsigned\": false, \"defaultTo\": null, \"notNullable\": false}, {\"args\": [], \"name\": \"path_id\", \"type\": \"integer\", \"unsigned\": false, \"defaultTo\": null, \"notNullable\": false}, {\"args\": [], \"name\": \"path\", \"type\": \"string\", \"unsigned\": false, \"defaultTo\": null, \"notNullable\": false}, {\"args\": [{\"useTz\": false, \"precision\": 6}], \"name\": \"created_at\", \"type\": \"datetime\", \"unsigned\": false, \"defaultTo\": null, \"notNullable\": false}, {\"args\": [{\"useTz\": false, \"precision\": 6}], \"name\": \"updated_at\", \"type\": \"datetime\", \"unsigned\": false, \"defaultTo\": null, \"notNullable\": false}, {\"args\": [{\"useTz\": false, \"precision\": 6}], \"name\": \"published_at\", \"type\": \"datetime\", \"unsigned\": false, \"defaultTo\": null, \"notNullable\": false}, {\"args\": [], \"name\": \"created_by_id\", \"type\": \"integer\", \"unsigned\": true, \"defaultTo\": null, \"notNullable\": false}, {\"args\": [], \"name\": \"updated_by_id\", \"type\": \"integer\", \"unsigned\": true, \"defaultTo\": null, \"notNullable\": false}, {\"args\": [], \"name\": \"locale\", \"type\": \"string\", \"unsigned\": false, \"defaultTo\": null, \"notNullable\": false}], \"indexes\": [{\"name\": \"upload_folders_path_id_index\", \"type\": \"unique\", \"columns\": [\"path_id\"]}, {\"name\": \"upload_folders_path_index\", \"type\": \"unique\", \"columns\": [\"path\"]}, {\"name\": \"upload_folders_documents_idx\", \"columns\": [\"document_id\", \"locale\", \"published_at\"]}, {\"name\": \"upload_folders_created_by_id_fk\", \"columns\": [\"created_by_id\"]}, {\"name\": \"upload_folders_updated_by_id_fk\", \"columns\": [\"updated_by_id\"]}], \"foreignKeys\": [{\"name\": \"upload_folders_created_by_id_fk\", \"columns\": [\"created_by_id\"], \"onDelete\": \"SET NULL\", \"referencedTable\": \"admin_users\", \"referencedColumns\": [\"id\"]}, {\"name\": \"upload_folders_updated_by_id_fk\", \"columns\": [\"updated_by_id\"], \"onDelete\": \"SET NULL\", \"referencedTable\": \"admin_users\", \"referencedColumns\": [\"id\"]}]}, {\"name\": \"i18n_locale\", \"columns\": [{\"args\": [{\"primary\": true, \"primaryKey\": true}], \"name\": \"id\", \"type\": \"increments\", \"unsigned\": false, \"defaultTo\": null, \"notNullable\": true}, {\"args\": [], \"name\": \"document_id\", \"type\": \"string\", \"unsigned\": false, \"defaultTo\": null, \"notNullable\": false}, {\"args\": [], \"name\": \"name\", \"type\": \"string\", \"unsigned\": false, \"defaultTo\": null, \"notNullable\": false}, {\"args\": [], \"name\": \"code\", \"type\": \"string\", \"unsigned\": false, \"defaultTo\": null, \"notNullable\": false}, {\"args\": [{\"useTz\": false, \"precision\": 6}], \"name\": \"created_at\", \"type\": \"datetime\", \"unsigned\": false, \"defaultTo\": null, \"notNullable\": false}, {\"args\": [{\"useTz\": false, \"precision\": 6}], \"name\": \"updated_at\", \"type\": \"datetime\", \"unsigned\": false, \"defaultTo\": null, \"notNullable\": false}, {\"args\": [{\"useTz\": false, \"precision\": 6}], \"name\": \"published_at\", \"type\": \"datetime\", \"unsigned\": false, \"defaultTo\": null, \"notNullable\": false}, {\"args\": [], \"name\": \"created_by_id\", \"type\": \"integer\", \"unsigned\": true, \"defaultTo\": null, \"notNullable\": false}, {\"args\": [], \"name\": \"updated_by_id\", \"type\": \"integer\", \"unsigned\": true, \"defaultTo\": null, \"notNullable\": false}, {\"args\": [], \"name\": \"locale\", \"type\": \"string\", \"unsigned\": false, \"defaultTo\": null, \"notNullable\": false}], \"indexes\": [{\"name\": \"i18n_locale_documents_idx\", \"columns\": [\"document_id\", \"locale\", \"published_at\"]}, {\"name\": \"i18n_locale_created_by_id_fk\", \"columns\": [\"created_by_id\"]}, {\"name\": \"i18n_locale_updated_by_id_fk\", \"columns\": [\"updated_by_id\"]}], \"foreignKeys\": [{\"name\": \"i18n_locale_created_by_id_fk\", \"columns\": [\"created_by_id\"], \"onDelete\": \"SET NULL\", \"referencedTable\": \"admin_users\", \"referencedColumns\": [\"id\"]}, {\"name\": \"i18n_locale_updated_by_id_fk\", \"columns\": [\"updated_by_id\"], \"onDelete\": \"SET NULL\", \"referencedTable\": \"admin_users\", \"referencedColumns\": [\"id\"]}]}, {\"name\": \"strapi_releases\", \"columns\": [{\"args\": [{\"primary\": true, \"primaryKey\": true}], \"name\": \"id\", \"type\": \"increments\", \"unsigned\": false, \"defaultTo\": null, \"notNullable\": true}, {\"args\": [], \"name\": \"document_id\", \"type\": \"string\", \"unsigned\": false, \"defaultTo\": null, \"notNullable\": false}, {\"args\": [], \"name\": \"name\", \"type\": \"string\", \"unsigned\": false, \"defaultTo\": null, \"notNullable\": false}, {\"args\": [{\"useTz\": false, \"precision\": 6}], \"name\": \"released_at\", \"type\": \"datetime\", \"unsigned\": false, \"defaultTo\": null, \"notNullable\": false}, {\"args\": [{\"useTz\": false, \"precision\": 6}], \"name\": \"scheduled_at\", \"type\": \"datetime\", \"unsigned\": false, \"defaultTo\": null, \"notNullable\": false}, {\"args\": [], \"name\": \"timezone\", \"type\": \"string\", \"unsigned\": false, \"defaultTo\": null, \"notNullable\": false}, {\"args\": [], \"name\": \"status\", \"type\": \"string\", \"unsigned\": false, \"defaultTo\": null, \"notNullable\": false}, {\"args\": [{\"useTz\": false, \"precision\": 6}], \"name\": \"created_at\", \"type\": \"datetime\", \"unsigned\": false, \"defaultTo\": null, \"notNullable\": false}, {\"args\": [{\"useTz\": false, \"precision\": 6}], \"name\": \"updated_at\", \"type\": \"datetime\", \"unsigned\": false, \"defaultTo\": null, \"notNullable\": false}, {\"args\": [{\"useTz\": false, \"precision\": 6}], \"name\": \"published_at\", \"type\": \"datetime\", \"unsigned\": false, \"defaultTo\": null, \"notNullable\": false}, {\"args\": [], \"name\": \"created_by_id\", \"type\": \"integer\", \"unsigned\": true, \"defaultTo\": null, \"notNullable\": false}, {\"args\": [], \"name\": \"updated_by_id\", \"type\": \"integer\", \"unsigned\": true, \"defaultTo\": null, \"notNullable\": false}, {\"args\": [], \"name\": \"locale\", \"type\": \"string\", \"unsigned\": false, \"defaultTo\": null, \"notNullable\": false}], \"indexes\": [{\"name\": \"strapi_releases_documents_idx\", \"columns\": [\"document_id\", \"locale\", \"published_at\"]}, {\"name\": \"strapi_releases_created_by_id_fk\", \"columns\": [\"created_by_id\"]}, {\"name\": \"strapi_releases_updated_by_id_fk\", \"columns\": [\"updated_by_id\"]}], \"foreignKeys\": [{\"name\": \"strapi_releases_created_by_id_fk\", \"columns\": [\"created_by_id\"], \"onDelete\": \"SET NULL\", \"referencedTable\": \"admin_users\", \"referencedColumns\": [\"id\"]}, {\"name\": \"strapi_releases_updated_by_id_fk\", \"columns\": [\"updated_by_id\"], \"onDelete\": \"SET NULL\", \"referencedTable\": \"admin_users\", \"referencedColumns\": [\"id\"]}]}, {\"name\": \"strapi_release_actions\", \"columns\": [{\"args\": [{\"primary\": true, \"primaryKey\": true}], \"name\": \"id\", \"type\": \"increments\", \"unsigned\": false, \"defaultTo\": null, \"notNullable\": true}, {\"args\": [], \"name\": \"document_id\", \"type\": \"string\", \"unsigned\": false, \"defaultTo\": null, \"notNullable\": false}, {\"args\": [], \"name\": \"type\", \"type\": \"string\", \"unsigned\": false, \"defaultTo\": null, \"notNullable\": false}, {\"args\": [], \"name\": \"content_type\", \"type\": \"string\", \"unsigned\": false, \"defaultTo\": null, \"notNullable\": false}, {\"args\": [], \"name\": \"entry_document_id\", \"type\": \"string\", \"unsigned\": false, \"defaultTo\": null, \"notNullable\": false}, {\"args\": [], \"name\": \"locale\", \"type\": \"string\", \"unsigned\": false, \"defaultTo\": null, \"notNullable\": false}, {\"args\": [], \"name\": \"is_entry_valid\", \"type\": \"boolean\", \"unsigned\": false, \"defaultTo\": null, \"notNullable\": false}, {\"args\": [{\"useTz\": false, \"precision\": 6}], \"name\": \"created_at\", \"type\": \"datetime\", \"unsigned\": false, \"defaultTo\": null, \"notNullable\": false}, {\"args\": [{\"useTz\": false, \"precision\": 6}], \"name\": \"updated_at\", \"type\": \"datetime\", \"unsigned\": false, \"defaultTo\": null, \"notNullable\": false}, {\"args\": [{\"useTz\": false, \"precision\": 6}], \"name\": \"published_at\", \"type\": \"datetime\", \"unsigned\": false, \"defaultTo\": null, \"notNullable\": false}, {\"args\": [], \"name\": \"created_by_id\", \"type\": \"integer\", \"unsigned\": true, \"defaultTo\": null, \"notNullable\": false}, {\"args\": [], \"name\": \"updated_by_id\", \"type\": \"integer\", \"unsigned\": true, \"defaultTo\": null, \"notNullable\": false}], \"indexes\": [{\"name\": \"strapi_release_actions_documents_idx\", \"columns\": [\"document_id\", \"locale\", \"published_at\"]}, {\"name\": \"strapi_release_actions_created_by_id_fk\", \"columns\": [\"created_by_id\"]}, {\"name\": \"strapi_release_actions_updated_by_id_fk\", \"columns\": [\"updated_by_id\"]}], \"foreignKeys\": [{\"name\": \"strapi_release_actions_created_by_id_fk\", \"columns\": [\"created_by_id\"], \"onDelete\": \"SET NULL\", \"referencedTable\": \"admin_users\", \"referencedColumns\": [\"id\"]}, {\"name\": \"strapi_release_actions_updated_by_id_fk\", \"columns\": [\"updated_by_id\"], \"onDelete\": \"SET NULL\", \"referencedTable\": \"admin_users\", \"referencedColumns\": [\"id\"]}]}, {\"name\": \"strapi_workflows\", \"columns\": [{\"args\": [{\"primary\": true, \"primaryKey\": true}], \"name\": \"id\", \"type\": \"increments\", \"unsigned\": false, \"defaultTo\": null, \"notNullable\": true}, {\"args\": [], \"name\": \"document_id\", \"type\": \"string\", \"unsigned\": false, \"defaultTo\": null, \"notNullable\": false}, {\"args\": [], \"name\": \"name\", \"type\": \"string\", \"unsigned\": false, \"defaultTo\": null, \"notNullable\": false}, {\"args\": [], \"name\": \"content_types\", \"type\": \"jsonb\", \"unsigned\": false, \"defaultTo\": null, \"notNullable\": false}, {\"args\": [{\"useTz\": false, \"precision\": 6}], \"name\": \"created_at\", \"type\": \"datetime\", \"unsigned\": false, \"defaultTo\": null, \"notNullable\": false}, {\"args\": [{\"useTz\": false, \"precision\": 6}], \"name\": \"updated_at\", \"type\": \"datetime\", \"unsigned\": false, \"defaultTo\": null, \"notNullable\": false}, {\"args\": [{\"useTz\": false, \"precision\": 6}], \"name\": \"published_at\", \"type\": \"datetime\", \"unsigned\": false, \"defaultTo\": null, \"notNullable\": false}, {\"args\": [], \"name\": \"created_by_id\", \"type\": \"integer\", \"unsigned\": true, \"defaultTo\": null, \"notNullable\": false}, {\"args\": [], \"name\": \"updated_by_id\", \"type\": \"integer\", \"unsigned\": true, \"defaultTo\": null, \"notNullable\": false}, {\"args\": [], \"name\": \"locale\", \"type\": \"string\", \"unsigned\": false, \"defaultTo\": null, \"notNullable\": false}], \"indexes\": [{\"name\": \"strapi_workflows_documents_idx\", \"columns\": [\"document_id\", \"locale\", \"published_at\"]}, {\"name\": \"strapi_workflows_created_by_id_fk\", \"columns\": [\"created_by_id\"]}, {\"name\": \"strapi_workflows_updated_by_id_fk\", \"columns\": [\"updated_by_id\"]}], \"foreignKeys\": [{\"name\": \"strapi_workflows_created_by_id_fk\", \"columns\": [\"created_by_id\"], \"onDelete\": \"SET NULL\", \"referencedTable\": \"admin_users\", \"referencedColumns\": [\"id\"]}, {\"name\": \"strapi_workflows_updated_by_id_fk\", \"columns\": [\"updated_by_id\"], \"onDelete\": \"SET NULL\", \"referencedTable\": \"admin_users\", \"referencedColumns\": [\"id\"]}]}, {\"name\": \"strapi_workflows_stages\", \"columns\": [{\"args\": [{\"primary\": true, \"primaryKey\": true}], \"name\": \"id\", \"type\": \"increments\", \"unsigned\": false, \"defaultTo\": null, \"notNullable\": true}, {\"args\": [], \"name\": \"document_id\", \"type\": \"string\", \"unsigned\": false, \"defaultTo\": null, \"notNullable\": false}, {\"args\": [], \"name\": \"name\", \"type\": \"string\", \"unsigned\": false, \"defaultTo\": null, \"notNullable\": false}, {\"args\": [], \"name\": \"color\", \"type\": \"string\", \"unsigned\": false, \"defaultTo\": null, \"notNullable\": false}, {\"args\": [{\"useTz\": false, \"precision\": 6}], \"name\": \"created_at\", \"type\": \"datetime\", \"unsigned\": false, \"defaultTo\": null, \"notNullable\": false}, {\"args\": [{\"useTz\": false, \"precision\": 6}], \"name\": \"updated_at\", \"type\": \"datetime\", \"unsigned\": false, \"defaultTo\": null, \"notNullable\": false}, {\"args\": [{\"useTz\": false, \"precision\": 6}], \"name\": \"published_at\", \"type\": \"datetime\", \"unsigned\": false, \"defaultTo\": null, \"notNullable\": false}, {\"args\": [], \"name\": \"created_by_id\", \"type\": \"integer\", \"unsigned\": true, \"defaultTo\": null, \"notNullable\": false}, {\"args\": [], \"name\": \"updated_by_id\", \"type\": \"integer\", \"unsigned\": true, \"defaultTo\": null, \"notNullable\": false}, {\"args\": [], \"name\": \"locale\", \"type\": \"string\", \"unsigned\": false, \"defaultTo\": null, \"notNullable\": false}], \"indexes\": [{\"name\": \"strapi_workflows_stages_documents_idx\", \"columns\": [\"document_id\", \"locale\", \"published_at\"]}, {\"name\": \"strapi_workflows_stages_created_by_id_fk\", \"columns\": [\"created_by_id\"]}, {\"name\": \"strapi_workflows_stages_updated_by_id_fk\", \"columns\": [\"updated_by_id\"]}], \"foreignKeys\": [{\"name\": \"strapi_workflows_stages_created_by_id_fk\", \"columns\": [\"created_by_id\"], \"onDelete\": \"SET NULL\", \"referencedTable\": \"admin_users\", \"referencedColumns\": [\"id\"]}, {\"name\": \"strapi_workflows_stages_updated_by_id_fk\", \"columns\": [\"updated_by_id\"], \"onDelete\": \"SET NULL\", \"referencedTable\": \"admin_users\", \"referencedColumns\": [\"id\"]}]}, {\"name\": \"up_permissions\", \"columns\": [{\"args\": [{\"primary\": true, \"primaryKey\": true}], \"name\": \"id\", \"type\": \"increments\", \"unsigned\": false, \"defaultTo\": null, \"notNullable\": true}, {\"args\": [], \"name\": \"document_id\", \"type\": \"string\", \"unsigned\": false, \"defaultTo\": null, \"notNullable\": false}, {\"args\": [], \"name\": \"action\", \"type\": \"string\", \"unsigned\": false, \"defaultTo\": null, \"notNullable\": false}, {\"args\": [{\"useTz\": false, \"precision\": 6}], \"name\": \"created_at\", \"type\": \"datetime\", \"unsigned\": false, \"defaultTo\": null, \"notNullable\": false}, {\"args\": [{\"useTz\": false, \"precision\": 6}], \"name\": \"updated_at\", \"type\": \"datetime\", \"unsigned\": false, \"defaultTo\": null, \"notNullable\": false}, {\"args\": [{\"useTz\": false, \"precision\": 6}], \"name\": \"published_at\", \"type\": \"datetime\", \"unsigned\": false, \"defaultTo\": null, \"notNullable\": false}, {\"args\": [], \"name\": \"created_by_id\", \"type\": \"integer\", \"unsigned\": true, \"defaultTo\": null, \"notNullable\": false}, {\"args\": [], \"name\": \"updated_by_id\", \"type\": \"integer\", \"unsigned\": true, \"defaultTo\": null, \"notNullable\": false}, {\"args\": [], \"name\": \"locale\", \"type\": \"string\", \"unsigned\": false, \"defaultTo\": null, \"notNullable\": false}], \"indexes\": [{\"name\": \"up_permissions_documents_idx\", \"columns\": [\"document_id\", \"locale\", \"published_at\"]}, {\"name\": \"up_permissions_created_by_id_fk\", \"columns\": [\"created_by_id\"]}, {\"name\": \"up_permissions_updated_by_id_fk\", \"columns\": [\"updated_by_id\"]}], \"foreignKeys\": [{\"name\": \"up_permissions_created_by_id_fk\", \"columns\": [\"created_by_id\"], \"onDelete\": \"SET NULL\", \"referencedTable\": \"admin_users\", \"referencedColumns\": [\"id\"]}, {\"name\": \"up_permissions_updated_by_id_fk\", \"columns\": [\"updated_by_id\"], \"onDelete\": \"SET NULL\", \"referencedTable\": \"admin_users\", \"referencedColumns\": [\"id\"]}]}, {\"name\": \"up_roles\", \"columns\": [{\"args\": [{\"primary\": true, \"primaryKey\": true}], \"name\": \"id\", \"type\": \"increments\", \"unsigned\": false, \"defaultTo\": null, \"notNullable\": true}, {\"args\": [], \"name\": \"document_id\", \"type\": \"string\", \"unsigned\": false, \"defaultTo\": null, \"notNullable\": false}, {\"args\": [], \"name\": \"name\", \"type\": \"string\", \"unsigned\": false, \"defaultTo\": null, \"notNullable\": false}, {\"args\": [], \"name\": \"description\", \"type\": \"string\", \"unsigned\": false, \"defaultTo\": null, \"notNullable\": false}, {\"args\": [], \"name\": \"type\", \"type\": \"string\", \"unsigned\": false, \"defaultTo\": null, \"notNullable\": false}, {\"args\": [{\"useTz\": false, \"precision\": 6}], \"name\": \"created_at\", \"type\": \"datetime\", \"unsigned\": false, \"defaultTo\": null, \"notNullable\": false}, {\"args\": [{\"useTz\": false, \"precision\": 6}], \"name\": \"updated_at\", \"type\": \"datetime\", \"unsigned\": false, \"defaultTo\": null, \"notNullable\": false}, {\"args\": [{\"useTz\": false, \"precision\": 6}], \"name\": \"published_at\", \"type\": \"datetime\", \"unsigned\": false, \"defaultTo\": null, \"notNullable\": false}, {\"args\": [], \"name\": \"created_by_id\", \"type\": \"integer\", \"unsigned\": true, \"defaultTo\": null, \"notNullable\": false}, {\"args\": [], \"name\": \"updated_by_id\", \"type\": \"integer\", \"unsigned\": true, \"defaultTo\": null, \"notNullable\": false}, {\"args\": [], \"name\": \"locale\", \"type\": \"string\", \"unsigned\": false, \"defaultTo\": null, \"notNullable\": false}], \"indexes\": [{\"name\": \"up_roles_documents_idx\", \"columns\": [\"document_id\", \"locale\", \"published_at\"]}, {\"name\": \"up_roles_created_by_id_fk\", \"columns\": [\"created_by_id\"]}, {\"name\": \"up_roles_updated_by_id_fk\", \"columns\": [\"updated_by_id\"]}], \"foreignKeys\": [{\"name\": \"up_roles_created_by_id_fk\", \"columns\": [\"created_by_id\"], \"onDelete\": \"SET NULL\", \"referencedTable\": \"admin_users\", \"referencedColumns\": [\"id\"]}, {\"name\": \"up_roles_updated_by_id_fk\", \"columns\": [\"updated_by_id\"], \"onDelete\": \"SET NULL\", \"referencedTable\": \"admin_users\", \"referencedColumns\": [\"id\"]}]}, {\"name\": \"up_users\", \"columns\": [{\"args\": [{\"primary\": true, \"primaryKey\": true}], \"name\": \"id\", \"type\": \"increments\", \"unsigned\": false, \"defaultTo\": null, \"notNullable\": true}, {\"args\": [], \"name\": \"document_id\", \"type\": \"string\", \"unsigned\": false, \"defaultTo\": null, \"notNullable\": false}, {\"args\": [], \"name\": \"username\", \"type\": \"string\", \"unsigned\": false, \"defaultTo\": null, \"notNullable\": false}, {\"args\": [], \"name\": \"email\", \"type\": \"string\", \"unsigned\": false, \"defaultTo\": null, \"notNullable\": false}, {\"args\": [], \"name\": \"provider\", \"type\": \"string\", \"unsigned\": false, \"defaultTo\": null, \"notNullable\": false}, {\"args\": [], \"name\": \"password\", \"type\": \"string\", \"unsigned\": false, \"defaultTo\": null, \"notNullable\": false}, {\"args\": [], \"name\": \"reset_password_token\", \"type\": \"string\", \"unsigned\": false, \"defaultTo\": null, \"notNullable\": false}, {\"args\": [], \"name\": \"confirmation_token\", \"type\": \"string\", \"unsigned\": false, \"defaultTo\": null, \"notNullable\": false}, {\"args\": [], \"name\": \"confirmed\", \"type\": \"boolean\", \"unsigned\": false, \"defaultTo\": null, \"notNullable\": false}, {\"args\": [], \"name\": \"blocked\", \"type\": \"boolean\", \"unsigned\": false, \"defaultTo\": null, \"notNullable\": false}, {\"args\": [{\"useTz\": false, \"precision\": 6}], \"name\": \"created_at\", \"type\": \"datetime\", \"unsigned\": false, \"defaultTo\": null, \"notNullable\": false}, {\"args\": [{\"useTz\": false, \"precision\": 6}], \"name\": \"updated_at\", \"type\": \"datetime\", \"unsigned\": false, \"defaultTo\": null, \"notNullable\": false}, {\"args\": [{\"useTz\": false, \"precision\": 6}], \"name\": \"published_at\", \"type\": \"datetime\", \"unsigned\": false, \"defaultTo\": null, \"notNullable\": false}, {\"args\": [], \"name\": \"created_by_id\", \"type\": \"integer\", \"unsigned\": true, \"defaultTo\": null, \"notNullable\": false}, {\"args\": [], \"name\": \"updated_by_id\", \"type\": \"integer\", \"unsigned\": true, \"defaultTo\": null, \"notNullable\": false}, {\"args\": [], \"name\": \"locale\", \"type\": \"string\", \"unsigned\": false, \"defaultTo\": null, \"notNullable\": false}], \"indexes\": [{\"name\": \"up_users_documents_idx\", \"columns\": [\"document_id\", \"locale\", \"published_at\"]}, {\"name\": \"up_users_created_by_id_fk\", \"columns\": [\"created_by_id\"]}, {\"name\": \"up_users_updated_by_id_fk\", \"columns\": [\"updated_by_id\"]}], \"foreignKeys\": [{\"name\": \"up_users_created_by_id_fk\", \"columns\": [\"created_by_id\"], \"onDelete\": \"SET NULL\", \"referencedTable\": \"admin_users\", \"referencedColumns\": [\"id\"]}, {\"name\": \"up_users_updated_by_id_fk\", \"columns\": [\"updated_by_id\"], \"onDelete\": \"SET NULL\", \"referencedTable\": \"admin_users\", \"referencedColumns\": [\"id\"]}]}, {\"name\": \"articles_cmps\", \"columns\": [{\"args\": [{\"primary\": true, \"primaryKey\": true}], \"name\": \"id\", \"type\": \"increments\", \"unsigned\": false, \"defaultTo\": null, \"notNullable\": true}, {\"args\": [], \"name\": \"entity_id\", \"type\": \"integer\", \"unsigned\": true, \"defaultTo\": null, \"notNullable\": false}, {\"args\": [], \"name\": \"cmp_id\", \"type\": \"integer\", \"unsigned\": true, \"defaultTo\": null, \"notNullable\": false}, {\"args\": [], \"name\": \"component_type\", \"type\": \"string\", \"unsigned\": false, \"defaultTo\": null, \"notNullable\": false}, {\"args\": [], \"name\": \"field\", \"type\": \"string\", \"unsigned\": false, \"defaultTo\": null, \"notNullable\": false}, {\"args\": [], \"name\": \"order\", \"type\": \"double\", \"unsigned\": true, \"defaultTo\": null, \"notNullable\": false}], \"indexes\": [{\"name\": \"articles_field_idx\", \"columns\": [\"field\"]}, {\"name\": \"articles_component_type_idx\", \"columns\": [\"component_type\"]}, {\"name\": \"articles_entity_fk\", \"columns\": [\"entity_id\"]}, {\"name\": \"articles_uq\", \"type\": \"unique\", \"columns\": [\"entity_id\", \"cmp_id\", \"field\", \"component_type\"]}], \"foreignKeys\": [{\"name\": \"articles_entity_fk\", \"columns\": [\"entity_id\"], \"onDelete\": \"CASCADE\", \"referencedTable\": \"articles\", \"referencedColumns\": [\"id\"]}]}, {\"name\": \"articles\", \"columns\": [{\"args\": [{\"primary\": true, \"primaryKey\": true}], \"name\": \"id\", \"type\": \"increments\", \"unsigned\": false, \"defaultTo\": null, \"notNullable\": true}, {\"args\": [], \"name\": \"document_id\", \"type\": \"string\", \"unsigned\": false, \"defaultTo\": null, \"notNullable\": false}, {\"args\": [], \"name\": \"title\", \"type\": \"string\", \"unsigned\": false, \"defaultTo\": null, \"notNullable\": false}, {\"args\": [\"longtext\"], \"name\": \"description\", \"type\": \"text\", \"unsigned\": false, \"defaultTo\": null, \"notNullable\": false}, {\"args\": [], \"name\": \"slug\", \"type\": \"string\", \"unsigned\": false, \"defaultTo\": null, \"notNullable\": false}, {\"args\": [], \"name\": \"featured\", \"type\": \"boolean\", \"unsigned\": false, \"defaultTo\": null, \"notNullable\": false}, {\"args\": [], \"name\": \"categories\", \"type\": \"string\", \"unsigned\": false, \"defaultTo\": null, \"notNullable\": false}, {\"args\": [{\"useTz\": false, \"precision\": 6}], \"name\": \"created_at\", \"type\": \"datetime\", \"unsigned\": false, \"defaultTo\": null, \"notNullable\": false}, {\"args\": [{\"useTz\": false, \"precision\": 6}], \"name\": \"updated_at\", \"type\": \"datetime\", \"unsigned\": false, \"defaultTo\": null, \"notNullable\": false}, {\"args\": [{\"useTz\": false, \"precision\": 6}], \"name\": \"published_at\", \"type\": \"datetime\", \"unsigned\": false, \"defaultTo\": null, \"notNullable\": false}, {\"args\": [], \"name\": \"created_by_id\", \"type\": \"integer\", \"unsigned\": true, \"defaultTo\": null, \"notNullable\": false}, {\"args\": [], \"name\": \"updated_by_id\", \"type\": \"integer\", \"unsigned\": true, \"defaultTo\": null, \"notNullable\": false}, {\"args\": [], \"name\": \"locale\", \"type\": \"string\", \"unsigned\": false, \"defaultTo\": null, \"notNullable\": false}], \"indexes\": [{\"name\": \"articles_documents_idx\", \"columns\": [\"document_id\", \"locale\", \"published_at\"]}, {\"name\": \"articles_created_by_id_fk\", \"columns\": [\"created_by_id\"]}, {\"name\": \"articles_updated_by_id_fk\", \"columns\": [\"updated_by_id\"]}], \"foreignKeys\": [{\"name\": \"articles_created_by_id_fk\", \"columns\": [\"created_by_id\"], \"onDelete\": \"SET NULL\", \"referencedTable\": \"admin_users\", \"referencedColumns\": [\"id\"]}, {\"name\": \"articles_updated_by_id_fk\", \"columns\": [\"updated_by_id\"], \"onDelete\": \"SET NULL\", \"referencedTable\": \"admin_users\", \"referencedColumns\": [\"id\"]}]}, {\"name\": \"donations\", \"columns\": [{\"args\": [{\"primary\": true, \"primaryKey\": true}], \"name\": \"id\", \"type\": \"increments\", \"unsigned\": false, \"defaultTo\": null, \"notNullable\": true}, {\"args\": [], \"name\": \"document_id\", \"type\": \"string\", \"unsigned\": false, \"defaultTo\": null, \"notNullable\": false}, {\"args\": [\"longtext\"], \"name\": \"name\", \"type\": \"text\", \"unsigned\": false, \"defaultTo\": null, \"notNullable\": false}, {\"args\": [], \"name\": \"email\", \"type\": \"string\", \"unsigned\": false, \"defaultTo\": null, \"notNullable\": false}, {\"args\": [], \"name\": \"amount\", \"type\": \"integer\", \"unsigned\": false, \"defaultTo\": null, \"notNullable\": false}, {\"args\": [], \"name\": \"payment_method\", \"type\": \"string\", \"unsigned\": false, \"defaultTo\": null, \"notNullable\": false}, {\"args\": [], \"name\": \"period\", \"type\": \"string\", \"unsigned\": false, \"defaultTo\": null, \"notNullable\": false}, {\"args\": [{\"useTz\": false, \"precision\": 6}], \"name\": \"created_at\", \"type\": \"datetime\", \"unsigned\": false, \"defaultTo\": null, \"notNullable\": false}, {\"args\": [{\"useTz\": false, \"precision\": 6}], \"name\": \"updated_at\", \"type\": \"datetime\", \"unsigned\": false, \"defaultTo\": null, \"notNullable\": false}, {\"args\": [{\"useTz\": false, \"precision\": 6}], \"name\": \"published_at\", \"type\": \"datetime\", \"unsigned\": false, \"defaultTo\": null, \"notNullable\": false}, {\"args\": [], \"name\": \"created_by_id\", \"type\": \"integer\", \"unsigned\": true, \"defaultTo\": null, \"notNullable\": false}, {\"args\": [], \"name\": \"updated_by_id\", \"type\": \"integer\", \"unsigned\": true, \"defaultTo\": null, \"notNullable\": false}, {\"args\": [], \"name\": \"locale\", \"type\": \"string\", \"unsigned\": false, \"defaultTo\": null, \"notNullable\": false}], \"indexes\": [{\"name\": \"donations_documents_idx\", \"columns\": [\"document_id\", \"locale\", \"published_at\"]}, {\"name\": \"donations_created_by_id_fk\", \"columns\": [\"created_by_id\"]}, {\"name\": \"donations_updated_by_id_fk\", \"columns\": [\"updated_by_id\"]}], \"foreignKeys\": [{\"name\": \"donations_created_by_id_fk\", \"columns\": [\"created_by_id\"], \"onDelete\": \"SET NULL\", \"referencedTable\": \"admin_users\", \"referencedColumns\": [\"id\"]}, {\"name\": \"donations_updated_by_id_fk\", \"columns\": [\"updated_by_id\"], \"onDelete\": \"SET NULL\", \"referencedTable\": \"admin_users\", \"referencedColumns\": [\"id\"]}]}, {\"name\": \"globals_cmps\", \"columns\": [{\"args\": [{\"primary\": true, \"primaryKey\": true}], \"name\": \"id\", \"type\": \"increments\", \"unsigned\": false, \"defaultTo\": null, \"notNullable\": true}, {\"args\": [], \"name\": \"entity_id\", \"type\": \"integer\", \"unsigned\": true, \"defaultTo\": null, \"notNullable\": false}, {\"args\": [], \"name\": \"cmp_id\", \"type\": \"integer\", \"unsigned\": true, \"defaultTo\": null, \"notNullable\": false}, {\"args\": [], \"name\": \"component_type\", \"type\": \"string\", \"unsigned\": false, \"defaultTo\": null, \"notNullable\": false}, {\"args\": [], \"name\": \"field\", \"type\": \"string\", \"unsigned\": false, \"defaultTo\": null, \"notNullable\": false}, {\"args\": [], \"name\": \"order\", \"type\": \"double\", \"unsigned\": true, \"defaultTo\": null, \"notNullable\": false}], \"indexes\": [{\"name\": \"globals_field_idx\", \"columns\": [\"field\"]}, {\"name\": \"globals_component_type_idx\", \"columns\": [\"component_type\"]}, {\"name\": \"globals_entity_fk\", \"columns\": [\"entity_id\"]}, {\"name\": \"globals_uq\", \"type\": \"unique\", \"columns\": [\"entity_id\", \"cmp_id\", \"field\", \"component_type\"]}], \"foreignKeys\": [{\"name\": \"globals_entity_fk\", \"columns\": [\"entity_id\"], \"onDelete\": \"CASCADE\", \"referencedTable\": \"globals\", \"referencedColumns\": [\"id\"]}]}, {\"name\": \"globals\", \"columns\": [{\"args\": [{\"primary\": true, \"primaryKey\": true}], \"name\": \"id\", \"type\": \"increments\", \"unsigned\": false, \"defaultTo\": null, \"notNullable\": true}, {\"args\": [], \"name\": \"document_id\", \"type\": \"string\", \"unsigned\": false, \"defaultTo\": null, \"notNullable\": false}, {\"args\": [], \"name\": \"site_name\", \"type\": \"string\", \"unsigned\": false, \"defaultTo\": null, \"notNullable\": false}, {\"args\": [\"longtext\"], \"name\": \"site_description\", \"type\": \"text\", \"unsigned\": false, \"defaultTo\": null, \"notNullable\": false}, {\"args\": [{\"useTz\": false, \"precision\": 6}], \"name\": \"created_at\", \"type\": \"datetime\", \"unsigned\": false, \"defaultTo\": null, \"notNullable\": false}, {\"args\": [{\"useTz\": false, \"precision\": 6}], \"name\": \"updated_at\", \"type\": \"datetime\", \"unsigned\": false, \"defaultTo\": null, \"notNullable\": false}, {\"args\": [{\"useTz\": false, \"precision\": 6}], \"name\": \"published_at\", \"type\": \"datetime\", \"unsigned\": false, \"defaultTo\": null, \"notNullable\": false}, {\"args\": [], \"name\": \"created_by_id\", \"type\": \"integer\", \"unsigned\": true, \"defaultTo\": null, \"notNullable\": false}, {\"args\": [], \"name\": \"updated_by_id\", \"type\": \"integer\", \"unsigned\": true, \"defaultTo\": null, \"notNullable\": false}, {\"args\": [], \"name\": \"locale\", \"type\": \"string\", \"unsigned\": false, \"defaultTo\": null, \"notNullable\": false}], \"indexes\": [{\"name\": \"globals_documents_idx\", \"columns\": [\"document_id\", \"locale\", \"published_at\"]}, {\"name\": \"globals_created_by_id_fk\", \"columns\": [\"created_by_id\"]}, {\"name\": \"globals_updated_by_id_fk\", \"columns\": [\"updated_by_id\"]}], \"foreignKeys\": [{\"name\": \"globals_created_by_id_fk\", \"columns\": [\"created_by_id\"], \"onDelete\": \"SET NULL\", \"referencedTable\": \"admin_users\", \"referencedColumns\": [\"id\"]}, {\"name\": \"globals_updated_by_id_fk\", \"columns\": [\"updated_by_id\"], \"onDelete\": \"SET NULL\", \"referencedTable\": \"admin_users\", \"referencedColumns\": [\"id\"]}]}, {\"name\": \"home_pages_cmps\", \"columns\": [{\"args\": [{\"primary\": true, \"primaryKey\": true}], \"name\": \"id\", \"type\": \"increments\", \"unsigned\": false, \"defaultTo\": null, \"notNullable\": true}, {\"args\": [], \"name\": \"entity_id\", \"type\": \"integer\", \"unsigned\": true, \"defaultTo\": null, \"notNullable\": false}, {\"args\": [], \"name\": \"cmp_id\", \"type\": \"integer\", \"unsigned\": true, \"defaultTo\": null, \"notNullable\": false}, {\"args\": [], \"name\": \"component_type\", \"type\": \"string\", \"unsigned\": false, \"defaultTo\": null, \"notNullable\": false}, {\"args\": [], \"name\": \"field\", \"type\": \"string\", \"unsigned\": false, \"defaultTo\": null, \"notNullable\": false}, {\"args\": [], \"name\": \"order\", \"type\": \"double\", \"unsigned\": true, \"defaultTo\": null, \"notNullable\": false}], \"indexes\": [{\"name\": \"home_pages_field_idx\", \"columns\": [\"field\"]}, {\"name\": \"home_pages_component_type_idx\", \"columns\": [\"component_type\"]}, {\"name\": \"home_pages_entity_fk\", \"columns\": [\"entity_id\"]}, {\"name\": \"home_pages_uq\", \"type\": \"unique\", \"columns\": [\"entity_id\", \"cmp_id\", \"field\", \"component_type\"]}], \"foreignKeys\": [{\"name\": \"home_pages_entity_fk\", \"columns\": [\"entity_id\"], \"onDelete\": \"CASCADE\", \"referencedTable\": \"home_pages\", \"referencedColumns\": [\"id\"]}]}, {\"name\": \"home_pages\", \"columns\": [{\"args\": [{\"primary\": true, \"primaryKey\": true}], \"name\": \"id\", \"type\": \"increments\", \"unsigned\": false, \"defaultTo\": null, \"notNullable\": true}, {\"args\": [], \"name\": \"document_id\", \"type\": \"string\", \"unsigned\": false, \"defaultTo\": null, \"notNullable\": false}, {\"args\": [], \"name\": \"title\", \"type\": \"string\", \"unsigned\": false, \"defaultTo\": null, \"notNullable\": false}, {\"args\": [\"longtext\"], \"name\": \"description\", \"type\": \"text\", \"unsigned\": false, \"defaultTo\": null, \"notNullable\": false}, {\"args\": [{\"useTz\": false, \"precision\": 6}], \"name\": \"created_at\", \"type\": \"datetime\", \"unsigned\": false, \"defaultTo\": null, \"notNullable\": false}, {\"args\": [{\"useTz\": false, \"precision\": 6}], \"name\": \"updated_at\", \"type\": \"datetime\", \"unsigned\": false, \"defaultTo\": null, \"notNullable\": false}, {\"args\": [{\"useTz\": false, \"precision\": 6}], \"name\": \"published_at\", \"type\": \"datetime\", \"unsigned\": false, \"defaultTo\": null, \"notNullable\": false}, {\"args\": [], \"name\": \"created_by_id\", \"type\": \"integer\", \"unsigned\": true, \"defaultTo\": null, \"notNullable\": false}, {\"args\": [], \"name\": \"updated_by_id\", \"type\": \"integer\", \"unsigned\": true, \"defaultTo\": null, \"notNullable\": false}, {\"args\": [], \"name\": \"locale\", \"type\": \"string\", \"unsigned\": false, \"defaultTo\": null, \"notNullable\": false}], \"indexes\": [{\"name\": \"home_pages_documents_idx\", \"columns\": [\"document_id\", \"locale\", \"published_at\"]}, {\"name\": \"home_pages_created_by_id_fk\", \"columns\": [\"created_by_id\"]}, {\"name\": \"home_pages_updated_by_id_fk\", \"columns\": [\"updated_by_id\"]}], \"foreignKeys\": [{\"name\": \"home_pages_created_by_id_fk\", \"columns\": [\"created_by_id\"], \"onDelete\": \"SET NULL\", \"referencedTable\": \"admin_users\", \"referencedColumns\": [\"id\"]}, {\"name\": \"home_pages_updated_by_id_fk\", \"columns\": [\"updated_by_id\"], \"onDelete\": \"SET NULL\", \"referencedTable\": \"admin_users\", \"referencedColumns\": [\"id\"]}]}, {\"name\": \"impacts_cmps\", \"columns\": [{\"args\": [{\"primary\": true, \"primaryKey\": true}], \"name\": \"id\", \"type\": \"increments\", \"unsigned\": false, \"defaultTo\": null, \"notNullable\": true}, {\"args\": [], \"name\": \"entity_id\", \"type\": \"integer\", \"unsigned\": true, \"defaultTo\": null, \"notNullable\": false}, {\"args\": [], \"name\": \"cmp_id\", \"type\": \"integer\", \"unsigned\": true, \"defaultTo\": null, \"notNullable\": false}, {\"args\": [], \"name\": \"component_type\", \"type\": \"string\", \"unsigned\": false, \"defaultTo\": null, \"notNullable\": false}, {\"args\": [], \"name\": \"field\", \"type\": \"string\", \"unsigned\": false, \"defaultTo\": null, \"notNullable\": false}, {\"args\": [], \"name\": \"order\", \"type\": \"double\", \"unsigned\": true, \"defaultTo\": null, \"notNullable\": false}], \"indexes\": [{\"name\": \"impacts_field_idx\", \"columns\": [\"field\"]}, {\"name\": \"impacts_component_type_idx\", \"columns\": [\"component_type\"]}, {\"name\": \"impacts_entity_fk\", \"columns\": [\"entity_id\"]}, {\"name\": \"impacts_uq\", \"type\": \"unique\", \"columns\": [\"entity_id\", \"cmp_id\", \"field\", \"component_type\"]}], \"foreignKeys\": [{\"name\": \"impacts_entity_fk\", \"columns\": [\"entity_id\"], \"onDelete\": \"CASCADE\", \"referencedTable\": \"impacts\", \"referencedColumns\": [\"id\"]}]}, {\"name\": \"impacts\", \"columns\": [{\"args\": [{\"primary\": true, \"primaryKey\": true}], \"name\": \"id\", \"type\": \"increments\", \"unsigned\": false, \"defaultTo\": null, \"notNullable\": true}, {\"args\": [], \"name\": \"document_id\", \"type\": \"string\", \"unsigned\": false, \"defaultTo\": null, \"notNullable\": false}, {\"args\": [], \"name\": \"title\", \"type\": \"string\", \"unsigned\": false, \"defaultTo\": null, \"notNullable\": false}, {\"args\": [\"longtext\"], \"name\": \"description\", \"type\": \"text\", \"unsigned\": false, \"defaultTo\": null, \"notNullable\": false}, {\"args\": [], \"name\": \"slug\", \"type\": \"string\", \"unsigned\": false, \"defaultTo\": null, \"notNullable\": false}, {\"args\": [], \"name\": \"categories\", \"type\": \"string\", \"unsigned\": false, \"defaultTo\": null, \"notNullable\": false}, {\"args\": [], \"name\": \"date\", \"type\": \"date\", \"unsigned\": false, \"defaultTo\": null, \"notNullable\": false}, {\"args\": [], \"name\": \"featured\", \"type\": \"boolean\", \"unsigned\": false, \"defaultTo\": null, \"notNullable\": false}, {\"args\": [{\"useTz\": false, \"precision\": 6}], \"name\": \"created_at\", \"type\": \"datetime\", \"unsigned\": false, \"defaultTo\": null, \"notNullable\": false}, {\"args\": [{\"useTz\": false, \"precision\": 6}], \"name\": \"updated_at\", \"type\": \"datetime\", \"unsigned\": false, \"defaultTo\": null, \"notNullable\": false}, {\"args\": [{\"useTz\": false, \"precision\": 6}], \"name\": \"published_at\", \"type\": \"datetime\", \"unsigned\": false, \"defaultTo\": null, \"notNullable\": false}, {\"args\": [], \"name\": \"created_by_id\", \"type\": \"integer\", \"unsigned\": true, \"defaultTo\": null, \"notNullable\": false}, {\"args\": [], \"name\": \"updated_by_id\", \"type\": \"integer\", \"unsigned\": true, \"defaultTo\": null, \"notNullable\": false}, {\"args\": [], \"name\": \"locale\", \"type\": \"string\", \"unsigned\": false, \"defaultTo\": null, \"notNullable\": false}], \"indexes\": [{\"name\": \"impacts_documents_idx\", \"columns\": [\"document_id\", \"locale\", \"published_at\"]}, {\"name\": \"impacts_created_by_id_fk\", \"columns\": [\"created_by_id\"]}, {\"name\": \"impacts_updated_by_id_fk\", \"columns\": [\"updated_by_id\"]}], \"foreignKeys\": [{\"name\": \"impacts_created_by_id_fk\", \"columns\": [\"created_by_id\"], \"onDelete\": \"SET NULL\", \"referencedTable\": \"admin_users\", \"referencedColumns\": [\"id\"]}, {\"name\": \"impacts_updated_by_id_fk\", \"columns\": [\"updated_by_id\"], \"onDelete\": \"SET NULL\", \"referencedTable\": \"admin_users\", \"referencedColumns\": [\"id\"]}]}, {\"name\": \"newsletter_contacts\", \"columns\": [{\"args\": [{\"primary\": true, \"primaryKey\": true}], \"name\": \"id\", \"type\": \"increments\", \"unsigned\": false, \"defaultTo\": null, \"notNullable\": true}, {\"args\": [], \"name\": \"document_id\", \"type\": \"string\", \"unsigned\": false, \"defaultTo\": null, \"notNullable\": false}, {\"args\": [], \"name\": \"name\", \"type\": \"string\", \"unsigned\": false, \"defaultTo\": null, \"notNullable\": false}, {\"args\": [], \"name\": \"type\", \"type\": \"string\", \"unsigned\": false, \"defaultTo\": null, \"notNullable\": false}, {\"args\": [], \"name\": \"email\", \"type\": \"string\", \"unsigned\": false, \"defaultTo\": null, \"notNullable\": false}, {\"args\": [\"longtext\"], \"name\": \"message\", \"type\": \"text\", \"unsigned\": false, \"defaultTo\": null, \"notNullable\": false}, {\"args\": [{\"useTz\": false, \"precision\": 6}], \"name\": \"created_at\", \"type\": \"datetime\", \"unsigned\": false, \"defaultTo\": null, \"notNullable\": false}, {\"args\": [{\"useTz\": false, \"precision\": 6}], \"name\": \"updated_at\", \"type\": \"datetime\", \"unsigned\": false, \"defaultTo\": null, \"notNullable\": false}, {\"args\": [{\"useTz\": false, \"precision\": 6}], \"name\": \"published_at\", \"type\": \"datetime\", \"unsigned\": false, \"defaultTo\": null, \"notNullable\": false}, {\"args\": [], \"name\": \"created_by_id\", \"type\": \"integer\", \"unsigned\": true, \"defaultTo\": null, \"notNullable\": false}, {\"args\": [], \"name\": \"updated_by_id\", \"type\": \"integer\", \"unsigned\": true, \"defaultTo\": null, \"notNullable\": false}, {\"args\": [], \"name\": \"locale\", \"type\": \"string\", \"unsigned\": false, \"defaultTo\": null, \"notNullable\": false}], \"indexes\": [{\"name\": \"newsletter_contacts_documents_idx\", \"columns\": [\"document_id\", \"locale\", \"published_at\"]}, {\"name\": \"newsletter_contacts_created_by_id_fk\", \"columns\": [\"created_by_id\"]}, {\"name\": \"newsletter_contacts_updated_by_id_fk\", \"columns\": [\"updated_by_id\"]}], \"foreignKeys\": [{\"name\": \"newsletter_contacts_created_by_id_fk\", \"columns\": [\"created_by_id\"], \"onDelete\": \"SET NULL\", \"referencedTable\": \"admin_users\", \"referencedColumns\": [\"id\"]}, {\"name\": \"newsletter_contacts_updated_by_id_fk\", \"columns\": [\"updated_by_id\"], \"onDelete\": \"SET NULL\", \"referencedTable\": \"admin_users\", \"referencedColumns\": [\"id\"]}]}, {\"name\": \"pages_cmps\", \"columns\": [{\"args\": [{\"primary\": true, \"primaryKey\": true}], \"name\": \"id\", \"type\": \"increments\", \"unsigned\": false, \"defaultTo\": null, \"notNullable\": true}, {\"args\": [], \"name\": \"entity_id\", \"type\": \"integer\", \"unsigned\": true, \"defaultTo\": null, \"notNullable\": false}, {\"args\": [], \"name\": \"cmp_id\", \"type\": \"integer\", \"unsigned\": true, \"defaultTo\": null, \"notNullable\": false}, {\"args\": [], \"name\": \"component_type\", \"type\": \"string\", \"unsigned\": false, \"defaultTo\": null, \"notNullable\": false}, {\"args\": [], \"name\": \"field\", \"type\": \"string\", \"unsigned\": false, \"defaultTo\": null, \"notNullable\": false}, {\"args\": [], \"name\": \"order\", \"type\": \"double\", \"unsigned\": true, \"defaultTo\": null, \"notNullable\": false}], \"indexes\": [{\"name\": \"pages_field_idx\", \"columns\": [\"field\"]}, {\"name\": \"pages_component_type_idx\", \"columns\": [\"component_type\"]}, {\"name\": \"pages_entity_fk\", \"columns\": [\"entity_id\"]}, {\"name\": \"pages_uq\", \"type\": \"unique\", \"columns\": [\"entity_id\", \"cmp_id\", \"field\", \"component_type\"]}], \"foreignKeys\": [{\"name\": \"pages_entity_fk\", \"columns\": [\"entity_id\"], \"onDelete\": \"CASCADE\", \"referencedTable\": \"pages\", \"referencedColumns\": [\"id\"]}]}, {\"name\": \"pages\", \"columns\": [{\"args\": [{\"primary\": true, \"primaryKey\": true}], \"name\": \"id\", \"type\": \"increments\", \"unsigned\": false, \"defaultTo\": null, \"notNullable\": true}, {\"args\": [], \"name\": \"document_id\", \"type\": \"string\", \"unsigned\": false, \"defaultTo\": null, \"notNullable\": false}, {\"args\": [], \"name\": \"title\", \"type\": \"string\", \"unsigned\": false, \"defaultTo\": null, \"notNullable\": false}, {\"args\": [\"longtext\"], \"name\": \"description\", \"type\": \"text\", \"unsigned\": false, \"defaultTo\": null, \"notNullable\": false}, {\"args\": [], \"name\": \"slug\", \"type\": \"string\", \"unsigned\": false, \"defaultTo\": null, \"notNullable\": false}, {\"args\": [{\"useTz\": false, \"precision\": 6}], \"name\": \"created_at\", \"type\": \"datetime\", \"unsigned\": false, \"defaultTo\": null, \"notNullable\": false}, {\"args\": [{\"useTz\": false, \"precision\": 6}], \"name\": \"updated_at\", \"type\": \"datetime\", \"unsigned\": false, \"defaultTo\": null, \"notNullable\": false}, {\"args\": [{\"useTz\": false, \"precision\": 6}], \"name\": \"published_at\", \"type\": \"datetime\", \"unsigned\": false, \"defaultTo\": null, \"notNullable\": false}, {\"args\": [], \"name\": \"created_by_id\", \"type\": \"integer\", \"unsigned\": true, \"defaultTo\": null, \"notNullable\": false}, {\"args\": [], \"name\": \"updated_by_id\", \"type\": \"integer\", \"unsigned\": true, \"defaultTo\": null, \"notNullable\": false}, {\"args\": [], \"name\": \"locale\", \"type\": \"string\", \"unsigned\": false, \"defaultTo\": null, \"notNullable\": false}], \"indexes\": [{\"name\": \"pages_documents_idx\", \"columns\": [\"document_id\", \"locale\", \"published_at\"]}, {\"name\": \"pages_created_by_id_fk\", \"columns\": [\"created_by_id\"]}, {\"name\": \"pages_updated_by_id_fk\", \"columns\": [\"updated_by_id\"]}], \"foreignKeys\": [{\"name\": \"pages_created_by_id_fk\", \"columns\": [\"created_by_id\"], \"onDelete\": \"SET NULL\", \"referencedTable\": \"admin_users\", \"referencedColumns\": [\"id\"]}, {\"name\": \"pages_updated_by_id_fk\", \"columns\": [\"updated_by_id\"], \"onDelete\": \"SET NULL\", \"referencedTable\": \"admin_users\", \"referencedColumns\": [\"id\"]}]}, {\"name\": \"programs_cmps\", \"columns\": [{\"args\": [{\"primary\": true, \"primaryKey\": true}], \"name\": \"id\", \"type\": \"increments\", \"unsigned\": false, \"defaultTo\": null, \"notNullable\": true}, {\"args\": [], \"name\": \"entity_id\", \"type\": \"integer\", \"unsigned\": true, \"defaultTo\": null, \"notNullable\": false}, {\"args\": [], \"name\": \"cmp_id\", \"type\": \"integer\", \"unsigned\": true, \"defaultTo\": null, \"notNullable\": false}, {\"args\": [], \"name\": \"component_type\", \"type\": \"string\", \"unsigned\": false, \"defaultTo\": null, \"notNullable\": false}, {\"args\": [], \"name\": \"field\", \"type\": \"string\", \"unsigned\": false, \"defaultTo\": null, \"notNullable\": false}, {\"args\": [], \"name\": \"order\", \"type\": \"double\", \"unsigned\": true, \"defaultTo\": null, \"notNullable\": false}], \"indexes\": [{\"name\": \"programs_field_idx\", \"columns\": [\"field\"]}, {\"name\": \"programs_component_type_idx\", \"columns\": [\"component_type\"]}, {\"name\": \"programs_entity_fk\", \"columns\": [\"entity_id\"]}, {\"name\": \"programs_uq\", \"type\": \"unique\", \"columns\": [\"entity_id\", \"cmp_id\", \"field\", \"component_type\"]}], \"foreignKeys\": [{\"name\": \"programs_entity_fk\", \"columns\": [\"entity_id\"], \"onDelete\": \"CASCADE\", \"referencedTable\": \"programs\", \"referencedColumns\": [\"id\"]}]}, {\"name\": \"programs\", \"columns\": [{\"args\": [{\"primary\": true, \"primaryKey\": true}], \"name\": \"id\", \"type\": \"increments\", \"unsigned\": false, \"defaultTo\": null, \"notNullable\": true}, {\"args\": [], \"name\": \"document_id\", \"type\": \"string\", \"unsigned\": false, \"defaultTo\": null, \"notNullable\": false}, {\"args\": [], \"name\": \"title\", \"type\": \"string\", \"unsigned\": false, \"defaultTo\": null, \"notNullable\": false}, {\"args\": [\"longtext\"], \"name\": \"description\", \"type\": \"text\", \"unsigned\": false, \"defaultTo\": null, \"notNullable\": false}, {\"args\": [], \"name\": \"slug\", \"type\": \"string\", \"unsigned\": false, \"defaultTo\": null, \"notNullable\": false}, {\"args\": [], \"name\": \"categories\", \"type\": \"string\", \"unsigned\": false, \"defaultTo\": null, \"notNullable\": false}, {\"args\": [], \"name\": \"date\", \"type\": \"date\", \"unsigned\": false, \"defaultTo\": null, \"notNullable\": false}, {\"args\": [], \"name\": \"featured\", \"type\": \"boolean\", \"unsigned\": false, \"defaultTo\": null, \"notNullable\": false}, {\"args\": [{\"useTz\": false, \"precision\": 6}], \"name\": \"created_at\", \"type\": \"datetime\", \"unsigned\": false, \"defaultTo\": null, \"notNullable\": false}, {\"args\": [{\"useTz\": false, \"precision\": 6}], \"name\": \"updated_at\", \"type\": \"datetime\", \"unsigned\": false, \"defaultTo\": null, \"notNullable\": false}, {\"args\": [{\"useTz\": false, \"precision\": 6}], \"name\": \"published_at\", \"type\": \"datetime\", \"unsigned\": false, \"defaultTo\": null, \"notNullable\": false}, {\"args\": [], \"name\": \"created_by_id\", \"type\": \"integer\", \"unsigned\": true, \"defaultTo\": null, \"notNullable\": false}, {\"args\": [], \"name\": \"updated_by_id\", \"type\": \"integer\", \"unsigned\": true, \"defaultTo\": null, \"notNullable\": false}, {\"args\": [], \"name\": \"locale\", \"type\": \"string\", \"unsigned\": false, \"defaultTo\": null, \"notNullable\": false}], \"indexes\": [{\"name\": \"programs_documents_idx\", \"columns\": [\"document_id\", \"locale\", \"published_at\"]}, {\"name\": \"programs_created_by_id_fk\", \"columns\": [\"created_by_id\"]}, {\"name\": \"programs_updated_by_id_fk\", \"columns\": [\"updated_by_id\"]}], \"foreignKeys\": [{\"name\": \"programs_created_by_id_fk\", \"columns\": [\"created_by_id\"], \"onDelete\": \"SET NULL\", \"referencedTable\": \"admin_users\", \"referencedColumns\": [\"id\"]}, {\"name\": \"programs_updated_by_id_fk\", \"columns\": [\"updated_by_id\"], \"onDelete\": \"SET NULL\", \"referencedTable\": \"admin_users\", \"referencedColumns\": [\"id\"]}]}, {\"name\": \"admin_permissions\", \"columns\": [{\"args\": [{\"primary\": true, \"primaryKey\": true}], \"name\": \"id\", \"type\": \"increments\", \"unsigned\": false, \"defaultTo\": null, \"notNullable\": true}, {\"args\": [], \"name\": \"document_id\", \"type\": \"string\", \"unsigned\": false, \"defaultTo\": null, \"notNullable\": false}, {\"args\": [], \"name\": \"action\", \"type\": \"string\", \"unsigned\": false, \"defaultTo\": null, \"notNullable\": false}, {\"args\": [], \"name\": \"action_parameters\", \"type\": \"jsonb\", \"unsigned\": false, \"defaultTo\": null, \"notNullable\": false}, {\"args\": [], \"name\": \"subject\", \"type\": \"string\", \"unsigned\": false, \"defaultTo\": null, \"notNullable\": false}, {\"args\": [], \"name\": \"properties\", \"type\": \"jsonb\", \"unsigned\": false, \"defaultTo\": null, \"notNullable\": false}, {\"args\": [], \"name\": \"conditions\", \"type\": \"jsonb\", \"unsigned\": false, \"defaultTo\": null, \"notNullable\": false}, {\"args\": [{\"useTz\": false, \"precision\": 6}], \"name\": \"created_at\", \"type\": \"datetime\", \"unsigned\": false, \"defaultTo\": null, \"notNullable\": false}, {\"args\": [{\"useTz\": false, \"precision\": 6}], \"name\": \"updated_at\", \"type\": \"datetime\", \"unsigned\": false, \"defaultTo\": null, \"notNullable\": false}, {\"args\": [{\"useTz\": false, \"precision\": 6}], \"name\": \"published_at\", \"type\": \"datetime\", \"unsigned\": false, \"defaultTo\": null, \"notNullable\": false}, {\"args\": [], \"name\": \"created_by_id\", \"type\": \"integer\", \"unsigned\": true, \"defaultTo\": null, \"notNullable\": false}, {\"args\": [], \"name\": \"updated_by_id\", \"type\": \"integer\", \"unsigned\": true, \"defaultTo\": null, \"notNullable\": false}, {\"args\": [], \"name\": \"locale\", \"type\": \"string\", \"unsigned\": false, \"defaultTo\": null, \"notNullable\": false}], \"indexes\": [{\"name\": \"admin_permissions_documents_idx\", \"columns\": [\"document_id\", \"locale\", \"published_at\"]}, {\"name\": \"admin_permissions_created_by_id_fk\", \"columns\": [\"created_by_id\"]}, {\"name\": \"admin_permissions_updated_by_id_fk\", \"columns\": [\"updated_by_id\"]}], \"foreignKeys\": [{\"name\": \"admin_permissions_created_by_id_fk\", \"columns\": [\"created_by_id\"], \"onDelete\": \"SET NULL\", \"referencedTable\": \"admin_users\", \"referencedColumns\": [\"id\"]}, {\"name\": \"admin_permissions_updated_by_id_fk\", \"columns\": [\"updated_by_id\"], \"onDelete\": \"SET NULL\", \"referencedTable\": \"admin_users\", \"referencedColumns\": [\"id\"]}]}, {\"name\": \"admin_users\", \"columns\": [{\"args\": [{\"primary\": true, \"primaryKey\": true}], \"name\": \"id\", \"type\": \"increments\", \"unsigned\": false, \"defaultTo\": null, \"notNullable\": true}, {\"args\": [], \"name\": \"document_id\", \"type\": \"string\", \"unsigned\": false, \"defaultTo\": null, \"notNullable\": false}, {\"args\": [], \"name\": \"firstname\", \"type\": \"string\", \"unsigned\": false, \"defaultTo\": null, \"notNullable\": false}, {\"args\": [], \"name\": \"lastname\", \"type\": \"string\", \"unsigned\": false, \"defaultTo\": null, \"notNullable\": false}, {\"args\": [], \"name\": \"username\", \"type\": \"string\", \"unsigned\": false, \"defaultTo\": null, \"notNullable\": false}, {\"args\": [], \"name\": \"email\", \"type\": \"string\", \"unsigned\": false, \"defaultTo\": null, \"notNullable\": false}, {\"args\": [], \"name\": \"password\", \"type\": \"string\", \"unsigned\": false, \"defaultTo\": null, \"notNullable\": false}, {\"args\": [], \"name\": \"reset_password_token\", \"type\": \"string\", \"unsigned\": false, \"defaultTo\": null, \"notNullable\": false}, {\"args\": [], \"name\": \"registration_token\", \"type\": \"string\", \"unsigned\": false, \"defaultTo\": null, \"notNullable\": false}, {\"args\": [], \"name\": \"is_active\", \"type\": \"boolean\", \"unsigned\": false, \"defaultTo\": null, \"notNullable\": false}, {\"args\": [], \"name\": \"blocked\", \"type\": \"boolean\", \"unsigned\": false, \"defaultTo\": null, \"notNullable\": false}, {\"args\": [], \"name\": \"prefered_language\", \"type\": \"string\", \"unsigned\": false, \"defaultTo\": null, \"notNullable\": false}, {\"args\": [{\"useTz\": false, \"precision\": 6}], \"name\": \"created_at\", \"type\": \"datetime\", \"unsigned\": false, \"defaultTo\": null, \"notNullable\": false}, {\"args\": [{\"useTz\": false, \"precision\": 6}], \"name\": \"updated_at\", \"type\": \"datetime\", \"unsigned\": false, \"defaultTo\": null, \"notNullable\": false}, {\"args\": [{\"useTz\": false, \"precision\": 6}], \"name\": \"published_at\", \"type\": \"datetime\", \"unsigned\": false, \"defaultTo\": null, \"notNullable\": false}, {\"args\": [], \"name\": \"created_by_id\", \"type\": \"integer\", \"unsigned\": true, \"defaultTo\": null, \"notNullable\": false}, {\"args\": [], \"name\": \"updated_by_id\", \"type\": \"integer\", \"unsigned\": true, \"defaultTo\": null, \"notNullable\": false}, {\"args\": [], \"name\": \"locale\", \"type\": \"string\", \"unsigned\": false, \"defaultTo\": null, \"notNullable\": false}], \"indexes\": [{\"name\": \"admin_users_documents_idx\", \"columns\": [\"document_id\", \"locale\", \"published_at\"]}, {\"name\": \"admin_users_created_by_id_fk\", \"columns\": [\"created_by_id\"]}, {\"name\": \"admin_users_updated_by_id_fk\", \"columns\": [\"updated_by_id\"]}], \"foreignKeys\": [{\"name\": \"admin_users_created_by_id_fk\", \"columns\": [\"created_by_id\"], \"onDelete\": \"SET NULL\", \"referencedTable\": \"admin_users\", \"referencedColumns\": [\"id\"]}, {\"name\": \"admin_users_updated_by_id_fk\", \"columns\": [\"updated_by_id\"], \"onDelete\": \"SET NULL\", \"referencedTable\": \"admin_users\", \"referencedColumns\": [\"id\"]}]}, {\"name\": \"admin_roles\", \"columns\": [{\"args\": [{\"primary\": true, \"primaryKey\": true}], \"name\": \"id\", \"type\": \"increments\", \"unsigned\": false, \"defaultTo\": null, \"notNullable\": true}, {\"args\": [], \"name\": \"document_id\", \"type\": \"string\", \"unsigned\": false, \"defaultTo\": null, \"notNullable\": false}, {\"args\": [], \"name\": \"name\", \"type\": \"string\", \"unsigned\": false, \"defaultTo\": null, \"notNullable\": false}, {\"args\": [], \"name\": \"code\", \"type\": \"string\", \"unsigned\": false, \"defaultTo\": null, \"notNullable\": false}, {\"args\": [], \"name\": \"description\", \"type\": \"string\", \"unsigned\": false, \"defaultTo\": null, \"notNullable\": false}, {\"args\": [{\"useTz\": false, \"precision\": 6}], \"name\": \"created_at\", \"type\": \"datetime\", \"unsigned\": false, \"defaultTo\": null, \"notNullable\": false}, {\"args\": [{\"useTz\": false, \"precision\": 6}], \"name\": \"updated_at\", \"type\": \"datetime\", \"unsigned\": false, \"defaultTo\": null, \"notNullable\": false}, {\"args\": [{\"useTz\": false, \"precision\": 6}], \"name\": \"published_at\", \"type\": \"datetime\", \"unsigned\": false, \"defaultTo\": null, \"notNullable\": false}, {\"args\": [], \"name\": \"created_by_id\", \"type\": \"integer\", \"unsigned\": true, \"defaultTo\": null, \"notNullable\": false}, {\"args\": [], \"name\": \"updated_by_id\", \"type\": \"integer\", \"unsigned\": true, \"defaultTo\": null, \"notNullable\": false}, {\"args\": [], \"name\": \"locale\", \"type\": \"string\", \"unsigned\": false, \"defaultTo\": null, \"notNullable\": false}], \"indexes\": [{\"name\": \"admin_roles_documents_idx\", \"columns\": [\"document_id\", \"locale\", \"published_at\"]}, {\"name\": \"admin_roles_created_by_id_fk\", \"columns\": [\"created_by_id\"]}, {\"name\": \"admin_roles_updated_by_id_fk\", \"columns\": [\"updated_by_id\"]}], \"foreignKeys\": [{\"name\": \"admin_roles_created_by_id_fk\", \"columns\": [\"created_by_id\"], \"onDelete\": \"SET NULL\", \"referencedTable\": \"admin_users\", \"referencedColumns\": [\"id\"]}, {\"name\": \"admin_roles_updated_by_id_fk\", \"columns\": [\"updated_by_id\"], \"onDelete\": \"SET NULL\", \"referencedTable\": \"admin_users\", \"referencedColumns\": [\"id\"]}]}, {\"name\": \"strapi_api_tokens\", \"columns\": [{\"args\": [{\"primary\": true, \"primaryKey\": true}], \"name\": \"id\", \"type\": \"increments\", \"unsigned\": false, \"defaultTo\": null, \"notNullable\": true}, {\"args\": [], \"name\": \"document_id\", \"type\": \"string\", \"unsigned\": false, \"defaultTo\": null, \"notNullable\": false}, {\"args\": [], \"name\": \"name\", \"type\": \"string\", \"unsigned\": false, \"defaultTo\": null, \"notNullable\": false}, {\"args\": [], \"name\": \"description\", \"type\": \"string\", \"unsigned\": false, \"defaultTo\": null, \"notNullable\": false}, {\"args\": [], \"name\": \"type\", \"type\": \"string\", \"unsigned\": false, \"defaultTo\": null, \"notNullable\": false}, {\"args\": [], \"name\": \"access_key\", \"type\": \"string\", \"unsigned\": false, \"defaultTo\": null, \"notNullable\": false}, {\"args\": [\"longtext\"], \"name\": \"encrypted_key\", \"type\": \"text\", \"unsigned\": false, \"defaultTo\": null, \"notNullable\": false}, {\"args\": [{\"useTz\": false, \"precision\": 6}], \"name\": \"last_used_at\", \"type\": \"datetime\", \"unsigned\": false, \"defaultTo\": null, \"notNullable\": false}, {\"args\": [{\"useTz\": false, \"precision\": 6}], \"name\": \"expires_at\", \"type\": \"datetime\", \"unsigned\": false, \"defaultTo\": null, \"notNullable\": false}, {\"args\": [], \"name\": \"lifespan\", \"type\": \"bigInteger\", \"unsigned\": false, \"defaultTo\": null, \"notNullable\": false}, {\"args\": [{\"useTz\": false, \"precision\": 6}], \"name\": \"created_at\", \"type\": \"datetime\", \"unsigned\": false, \"defaultTo\": null, \"notNullable\": false}, {\"args\": [{\"useTz\": false, \"precision\": 6}], \"name\": \"updated_at\", \"type\": \"datetime\", \"unsigned\": false, \"defaultTo\": null, \"notNullable\": false}, {\"args\": [{\"useTz\": false, \"precision\": 6}], \"name\": \"published_at\", \"type\": \"datetime\", \"unsigned\": false, \"defaultTo\": null, \"notNullable\": false}, {\"args\": [], \"name\": \"created_by_id\", \"type\": \"integer\", \"unsigned\": true, \"defaultTo\": null, \"notNullable\": false}, {\"args\": [], \"name\": \"updated_by_id\", \"type\": \"integer\", \"unsigned\": true, \"defaultTo\": null, \"notNullable\": false}, {\"args\": [], \"name\": \"locale\", \"type\": \"string\", \"unsigned\": false, \"defaultTo\": null, \"notNullable\": false}], \"indexes\": [{\"name\": \"strapi_api_tokens_documents_idx\", \"columns\": [\"document_id\", \"locale\", \"published_at\"]}, {\"name\": \"strapi_api_tokens_created_by_id_fk\", \"columns\": [\"created_by_id\"]}, {\"name\": \"strapi_api_tokens_updated_by_id_fk\", \"columns\": [\"updated_by_id\"]}], \"foreignKeys\": [{\"name\": \"strapi_api_tokens_created_by_id_fk\", \"columns\": [\"created_by_id\"], \"onDelete\": \"SET NULL\", \"referencedTable\": \"admin_users\", \"referencedColumns\": [\"id\"]}, {\"name\": \"strapi_api_tokens_updated_by_id_fk\", \"columns\": [\"updated_by_id\"], \"onDelete\": \"SET NULL\", \"referencedTable\": \"admin_users\", \"referencedColumns\": [\"id\"]}]}, {\"name\": \"strapi_api_token_permissions\", \"columns\": [{\"args\": [{\"primary\": true, \"primaryKey\": true}], \"name\": \"id\", \"type\": \"increments\", \"unsigned\": false, \"defaultTo\": null, \"notNullable\": true}, {\"args\": [], \"name\": \"document_id\", \"type\": \"string\", \"unsigned\": false, \"defaultTo\": null, \"notNullable\": false}, {\"args\": [], \"name\": \"action\", \"type\": \"string\", \"unsigned\": false, \"defaultTo\": null, \"notNullable\": false}, {\"args\": [{\"useTz\": false, \"precision\": 6}], \"name\": \"created_at\", \"type\": \"datetime\", \"unsigned\": false, \"defaultTo\": null, \"notNullable\": false}, {\"args\": [{\"useTz\": false, \"precision\": 6}], \"name\": \"updated_at\", \"type\": \"datetime\", \"unsigned\": false, \"defaultTo\": null, \"notNullable\": false}, {\"args\": [{\"useTz\": false, \"precision\": 6}], \"name\": \"published_at\", \"type\": \"datetime\", \"unsigned\": false, \"defaultTo\": null, \"notNullable\": false}, {\"args\": [], \"name\": \"created_by_id\", \"type\": \"integer\", \"unsigned\": true, \"defaultTo\": null, \"notNullable\": false}, {\"args\": [], \"name\": \"updated_by_id\", \"type\": \"integer\", \"unsigned\": true, \"defaultTo\": null, \"notNullable\": false}, {\"args\": [], \"name\": \"locale\", \"type\": \"string\", \"unsigned\": false, \"defaultTo\": null, \"notNullable\": false}], \"indexes\": [{\"name\": \"strapi_api_token_permissions_documents_idx\", \"columns\": [\"document_id\", \"locale\", \"published_at\"]}, {\"name\": \"strapi_api_token_permissions_created_by_id_fk\", \"columns\": [\"created_by_id\"]}, {\"name\": \"strapi_api_token_permissions_updated_by_id_fk\", \"columns\": [\"updated_by_id\"]}], \"foreignKeys\": [{\"name\": \"strapi_api_token_permissions_created_by_id_fk\", \"columns\": [\"created_by_id\"], \"onDelete\": \"SET NULL\", \"referencedTable\": \"admin_users\", \"referencedColumns\": [\"id\"]}, {\"name\": \"strapi_api_token_permissions_updated_by_id_fk\", \"columns\": [\"updated_by_id\"], \"onDelete\": \"SET NULL\", \"referencedTable\": \"admin_users\", \"referencedColumns\": [\"id\"]}]}, {\"name\": \"strapi_transfer_tokens\", \"columns\": [{\"args\": [{\"primary\": true, \"primaryKey\": true}], \"name\": \"id\", \"type\": \"increments\", \"unsigned\": false, \"defaultTo\": null, \"notNullable\": true}, {\"args\": [], \"name\": \"document_id\", \"type\": \"string\", \"unsigned\": false, \"defaultTo\": null, \"notNullable\": false}, {\"args\": [], \"name\": \"name\", \"type\": \"string\", \"unsigned\": false, \"defaultTo\": null, \"notNullable\": false}, {\"args\": [], \"name\": \"description\", \"type\": \"string\", \"unsigned\": false, \"defaultTo\": null, \"notNullable\": false}, {\"args\": [], \"name\": \"access_key\", \"type\": \"string\", \"unsigned\": false, \"defaultTo\": null, \"notNullable\": false}, {\"args\": [{\"useTz\": false, \"precision\": 6}], \"name\": \"last_used_at\", \"type\": \"datetime\", \"unsigned\": false, \"defaultTo\": null, \"notNullable\": false}, {\"args\": [{\"useTz\": false, \"precision\": 6}], \"name\": \"expires_at\", \"type\": \"datetime\", \"unsigned\": false, \"defaultTo\": null, \"notNullable\": false}, {\"args\": [], \"name\": \"lifespan\", \"type\": \"bigInteger\", \"unsigned\": false, \"defaultTo\": null, \"notNullable\": false}, {\"args\": [{\"useTz\": false, \"precision\": 6}], \"name\": \"created_at\", \"type\": \"datetime\", \"unsigned\": false, \"defaultTo\": null, \"notNullable\": false}, {\"args\": [{\"useTz\": false, \"precision\": 6}], \"name\": \"updated_at\", \"type\": \"datetime\", \"unsigned\": false, \"defaultTo\": null, \"notNullable\": false}, {\"args\": [{\"useTz\": false, \"precision\": 6}], \"name\": \"published_at\", \"type\": \"datetime\", \"unsigned\": false, \"defaultTo\": null, \"notNullable\": false}, {\"args\": [], \"name\": \"created_by_id\", \"type\": \"integer\", \"unsigned\": true, \"defaultTo\": null, \"notNullable\": false}, {\"args\": [], \"name\": \"updated_by_id\", \"type\": \"integer\", \"unsigned\": true, \"defaultTo\": null, \"notNullable\": false}, {\"args\": [], \"name\": \"locale\", \"type\": \"string\", \"unsigned\": false, \"defaultTo\": null, \"notNullable\": false}], \"indexes\": [{\"name\": \"strapi_transfer_tokens_documents_idx\", \"columns\": [\"document_id\", \"locale\", \"published_at\"]}, {\"name\": \"strapi_transfer_tokens_created_by_id_fk\", \"columns\": [\"created_by_id\"]}, {\"name\": \"strapi_transfer_tokens_updated_by_id_fk\", \"columns\": [\"updated_by_id\"]}], \"foreignKeys\": [{\"name\": \"strapi_transfer_tokens_created_by_id_fk\", \"columns\": [\"created_by_id\"], \"onDelete\": \"SET NULL\", \"referencedTable\": \"admin_users\", \"referencedColumns\": [\"id\"]}, {\"name\": \"strapi_transfer_tokens_updated_by_id_fk\", \"columns\": [\"updated_by_id\"], \"onDelete\": \"SET NULL\", \"referencedTable\": \"admin_users\", \"referencedColumns\": [\"id\"]}]}, {\"name\": \"strapi_transfer_token_permissions\", \"columns\": [{\"args\": [{\"primary\": true, \"primaryKey\": true}], \"name\": \"id\", \"type\": \"increments\", \"unsigned\": false, \"defaultTo\": null, \"notNullable\": true}, {\"args\": [], \"name\": \"document_id\", \"type\": \"string\", \"unsigned\": false, \"defaultTo\": null, \"notNullable\": false}, {\"args\": [], \"name\": \"action\", \"type\": \"string\", \"unsigned\": false, \"defaultTo\": null, \"notNullable\": false}, {\"args\": [{\"useTz\": false, \"precision\": 6}], \"name\": \"created_at\", \"type\": \"datetime\", \"unsigned\": false, \"defaultTo\": null, \"notNullable\": false}, {\"args\": [{\"useTz\": false, \"precision\": 6}], \"name\": \"updated_at\", \"type\": \"datetime\", \"unsigned\": false, \"defaultTo\": null, \"notNullable\": false}, {\"args\": [{\"useTz\": false, \"precision\": 6}], \"name\": \"published_at\", \"type\": \"datetime\", \"unsigned\": false, \"defaultTo\": null, \"notNullable\": false}, {\"args\": [], \"name\": \"created_by_id\", \"type\": \"integer\", \"unsigned\": true, \"defaultTo\": null, \"notNullable\": false}, {\"args\": [], \"name\": \"updated_by_id\", \"type\": \"integer\", \"unsigned\": true, \"defaultTo\": null, \"notNullable\": false}, {\"args\": [], \"name\": \"locale\", \"type\": \"string\", \"unsigned\": false, \"defaultTo\": null, \"notNullable\": false}], \"indexes\": [{\"name\": \"strapi_transfer_token_permissions_documents_idx\", \"columns\": [\"document_id\", \"locale\", \"published_at\"]}, {\"name\": \"strapi_transfer_token_permissions_created_by_id_fk\", \"columns\": [\"created_by_id\"]}, {\"name\": \"strapi_transfer_token_permissions_updated_by_id_fk\", \"columns\": [\"updated_by_id\"]}], \"foreignKeys\": [{\"name\": \"strapi_transfer_token_permissions_created_by_id_fk\", \"columns\": [\"created_by_id\"], \"onDelete\": \"SET NULL\", \"referencedTable\": \"admin_users\", \"referencedColumns\": [\"id\"]}, {\"name\": \"strapi_transfer_token_permissions_updated_by_id_fk\", \"columns\": [\"updated_by_id\"], \"onDelete\": \"SET NULL\", \"referencedTable\": \"admin_users\", \"referencedColumns\": [\"id\"]}]}, {\"name\": \"components_shared_sliders\", \"columns\": [{\"args\": [{\"primary\": true, \"primaryKey\": true}], \"name\": \"id\", \"type\": \"increments\", \"unsigned\": false, \"defaultTo\": null, \"notNullable\": true}], \"indexes\": [], \"foreignKeys\": []}, {\"name\": \"components_shared_seos\", \"columns\": [{\"args\": [{\"primary\": true, \"primaryKey\": true}], \"name\": \"id\", \"type\": \"increments\", \"unsigned\": false, \"defaultTo\": null, \"notNullable\": true}, {\"args\": [], \"name\": \"meta_title\", \"type\": \"string\", \"unsigned\": false, \"defaultTo\": null, \"notNullable\": false}, {\"args\": [\"longtext\"], \"name\": \"meta_description\", \"type\": \"text\", \"unsigned\": false, \"defaultTo\": null, \"notNullable\": false}], \"indexes\": [], \"foreignKeys\": []}, {\"name\": \"components_shared_rich_texts\", \"columns\": [{\"args\": [{\"primary\": true, \"primaryKey\": true}], \"name\": \"id\", \"type\": \"increments\", \"unsigned\": false, \"defaultTo\": null, \"notNullable\": true}, {\"args\": [\"longtext\"], \"name\": \"body\", \"type\": \"text\", \"unsigned\": false, \"defaultTo\": null, \"notNullable\": false}], \"indexes\": [], \"foreignKeys\": []}, {\"name\": \"components_elements_team_cards\", \"columns\": [{\"args\": [{\"primary\": true, \"primaryKey\": true}], \"name\": \"id\", \"type\": \"increments\", \"unsigned\": false, \"defaultTo\": null, \"notNullable\": true}, {\"args\": [\"longtext\"], \"name\": \"members_name\", \"type\": \"text\", \"unsigned\": false, \"defaultTo\": null, \"notNullable\": false}, {\"args\": [\"longtext\"], \"name\": \"members_role\", \"type\": \"text\", \"unsigned\": false, \"defaultTo\": null, \"notNullable\": false}], \"indexes\": [], \"foreignKeys\": []}, {\"name\": \"components_elements_tabs\", \"columns\": [{\"args\": [{\"primary\": true, \"primaryKey\": true}], \"name\": \"id\", \"type\": \"increments\", \"unsigned\": false, \"defaultTo\": null, \"notNullable\": true}, {\"args\": [], \"name\": \"name\", \"type\": \"string\", \"unsigned\": false, \"defaultTo\": null, \"notNullable\": false}, {\"args\": [\"longtext\"], \"name\": \"value\", \"type\": \"text\", \"unsigned\": false, \"defaultTo\": null, \"notNullable\": false}], \"indexes\": [], \"foreignKeys\": []}, {\"name\": \"components_elements_program_cards_cmps\", \"columns\": [{\"args\": [{\"primary\": true, \"primaryKey\": true}], \"name\": \"id\", \"type\": \"increments\", \"unsigned\": false, \"defaultTo\": null, \"notNullable\": true}, {\"args\": [], \"name\": \"entity_id\", \"type\": \"integer\", \"unsigned\": true, \"defaultTo\": null, \"notNullable\": false}, {\"args\": [], \"name\": \"cmp_id\", \"type\": \"integer\", \"unsigned\": true, \"defaultTo\": null, \"notNullable\": false}, {\"args\": [], \"name\": \"component_type\", \"type\": \"string\", \"unsigned\": false, \"defaultTo\": null, \"notNullable\": false}, {\"args\": [], \"name\": \"field\", \"type\": \"string\", \"unsigned\": false, \"defaultTo\": null, \"notNullable\": false}, {\"args\": [], \"name\": \"order\", \"type\": \"double\", \"unsigned\": true, \"defaultTo\": null, \"notNullable\": false}], \"indexes\": [{\"name\": \"components_elements_program_cards_field_idx\", \"columns\": [\"field\"]}, {\"name\": \"components_elements_program_cards_component_type_idx\", \"columns\": [\"component_type\"]}, {\"name\": \"components_elements_program_cards_entity_fk\", \"columns\": [\"entity_id\"]}, {\"name\": \"components_elements_program_cards_uq\", \"type\": \"unique\", \"columns\": [\"entity_id\", \"cmp_id\", \"field\", \"component_type\"]}], \"foreignKeys\": [{\"name\": \"components_elements_program_cards_entity_fk\", \"columns\": [\"entity_id\"], \"onDelete\": \"CASCADE\", \"referencedTable\": \"components_elements_program_cards\", \"referencedColumns\": [\"id\"]}]}, {\"name\": \"components_elements_program_cards\", \"columns\": [{\"args\": [{\"primary\": true, \"primaryKey\": true}], \"name\": \"id\", \"type\": \"increments\", \"unsigned\": false, \"defaultTo\": null, \"notNullable\": true}, {\"args\": [\"longtext\"], \"name\": \"title\", \"type\": \"text\", \"unsigned\": false, \"defaultTo\": null, \"notNullable\": false}, {\"args\": [\"longtext\"], \"name\": \"content\", \"type\": \"text\", \"unsigned\": false, \"defaultTo\": null, \"notNullable\": false}, {\"args\": [], \"name\": \"categories\", \"type\": \"string\", \"unsigned\": false, \"defaultTo\": null, \"notNullable\": false}, {\"args\": [], \"name\": \"date\", \"type\": \"date\", \"unsigned\": false, \"defaultTo\": null, \"notNullable\": false}], \"indexes\": [], \"foreignKeys\": []}, {\"name\": \"components_elements_partner_cards_cmps\", \"columns\": [{\"args\": [{\"primary\": true, \"primaryKey\": true}], \"name\": \"id\", \"type\": \"increments\", \"unsigned\": false, \"defaultTo\": null, \"notNullable\": true}, {\"args\": [], \"name\": \"entity_id\", \"type\": \"integer\", \"unsigned\": true, \"defaultTo\": null, \"notNullable\": false}, {\"args\": [], \"name\": \"cmp_id\", \"type\": \"integer\", \"unsigned\": true, \"defaultTo\": null, \"notNullable\": false}, {\"args\": [], \"name\": \"component_type\", \"type\": \"string\", \"unsigned\": false, \"defaultTo\": null, \"notNullable\": false}, {\"args\": [], \"name\": \"field\", \"type\": \"string\", \"unsigned\": false, \"defaultTo\": null, \"notNullable\": false}, {\"args\": [], \"name\": \"order\", \"type\": \"double\", \"unsigned\": true, \"defaultTo\": null, \"notNullable\": false}], \"indexes\": [{\"name\": \"components_elements_partner_cards_field_idx\", \"columns\": [\"field\"]}, {\"name\": \"components_elements_partner_cards_component_type_idx\", \"columns\": [\"component_type\"]}, {\"name\": \"components_elements_partner_cards_entity_fk\", \"columns\": [\"entity_id\"]}, {\"name\": \"components_elements_partner_cards_uq\", \"type\": \"unique\", \"columns\": [\"entity_id\", \"cmp_id\", \"field\", \"component_type\"]}], \"foreignKeys\": [{\"name\": \"components_elements_partner_cards_entity_fk\", \"columns\": [\"entity_id\"], \"onDelete\": \"CASCADE\", \"referencedTable\": \"components_elements_partner_cards\", \"referencedColumns\": [\"id\"]}]}, {\"name\": \"components_elements_partner_cards\", \"columns\": [{\"args\": [{\"primary\": true, \"primaryKey\": true}], \"name\": \"id\", \"type\": \"increments\", \"unsigned\": false, \"defaultTo\": null, \"notNullable\": true}, {\"args\": [\"longtext\"], \"name\": \"partner_name\", \"type\": \"text\", \"unsigned\": false, \"defaultTo\": null, \"notNullable\": false}, {\"args\": [\"longtext\"], \"name\": \"partner_description\", \"type\": \"text\", \"unsigned\": false, \"defaultTo\": null, \"notNullable\": false}], \"indexes\": [], \"foreignKeys\": []}, {\"name\": \"components_elements_links\", \"columns\": [{\"args\": [{\"primary\": true, \"primaryKey\": true}], \"name\": \"id\", \"type\": \"increments\", \"unsigned\": false, \"defaultTo\": null, \"notNullable\": true}, {\"args\": [], \"name\": \"text\", \"type\": \"string\", \"unsigned\": false, \"defaultTo\": null, \"notNullable\": false}, {\"args\": [], \"name\": \"href\", \"type\": \"string\", \"unsigned\": false, \"defaultTo\": null, \"notNullable\": false}, {\"args\": [], \"name\": \"is_external\", \"type\": \"boolean\", \"unsigned\": false, \"defaultTo\": null, \"notNullable\": false}, {\"args\": [], \"name\": \"is_button_link\", \"type\": \"boolean\", \"unsigned\": false, \"defaultTo\": null, \"notNullable\": false}], \"indexes\": [], \"foreignKeys\": []}, {\"name\": \"components_blocks_team_blocks_cmps\", \"columns\": [{\"args\": [{\"primary\": true, \"primaryKey\": true}], \"name\": \"id\", \"type\": \"increments\", \"unsigned\": false, \"defaultTo\": null, \"notNullable\": true}, {\"args\": [], \"name\": \"entity_id\", \"type\": \"integer\", \"unsigned\": true, \"defaultTo\": null, \"notNullable\": false}, {\"args\": [], \"name\": \"cmp_id\", \"type\": \"integer\", \"unsigned\": true, \"defaultTo\": null, \"notNullable\": false}, {\"args\": [], \"name\": \"component_type\", \"type\": \"string\", \"unsigned\": false, \"defaultTo\": null, \"notNullable\": false}, {\"args\": [], \"name\": \"field\", \"type\": \"string\", \"unsigned\": false, \"defaultTo\": null, \"notNullable\": false}, {\"args\": [], \"name\": \"order\", \"type\": \"double\", \"unsigned\": true, \"defaultTo\": null, \"notNullable\": false}], \"indexes\": [{\"name\": \"components_blocks_team_blocks_field_idx\", \"columns\": [\"field\"]}, {\"name\": \"components_blocks_team_blocks_component_type_idx\", \"columns\": [\"component_type\"]}, {\"name\": \"components_blocks_team_blocks_entity_fk\", \"columns\": [\"entity_id\"]}, {\"name\": \"components_blocks_team_blocks_uq\", \"type\": \"unique\", \"columns\": [\"entity_id\", \"cmp_id\", \"field\", \"component_type\"]}], \"foreignKeys\": [{\"name\": \"components_blocks_team_blocks_entity_fk\", \"columns\": [\"entity_id\"], \"onDelete\": \"CASCADE\", \"referencedTable\": \"components_blocks_team_blocks\", \"referencedColumns\": [\"id\"]}]}, {\"name\": \"components_blocks_team_blocks\", \"columns\": [{\"args\": [{\"primary\": true, \"primaryKey\": true}], \"name\": \"id\", \"type\": \"increments\", \"unsigned\": false, \"defaultTo\": null, \"notNullable\": true}, {\"args\": [], \"name\": \"heading\", \"type\": \"string\", \"unsigned\": false, \"defaultTo\": null, \"notNullable\": false}, {\"args\": [\"longtext\"], \"name\": \"description\", \"type\": \"text\", \"unsigned\": false, \"defaultTo\": null, \"notNullable\": false}], \"indexes\": [], \"foreignKeys\": []}, {\"name\": \"components_blocks_solar_sister_blocks_cmps\", \"columns\": [{\"args\": [{\"primary\": true, \"primaryKey\": true}], \"name\": \"id\", \"type\": \"increments\", \"unsigned\": false, \"defaultTo\": null, \"notNullable\": true}, {\"args\": [], \"name\": \"entity_id\", \"type\": \"integer\", \"unsigned\": true, \"defaultTo\": null, \"notNullable\": false}, {\"args\": [], \"name\": \"cmp_id\", \"type\": \"integer\", \"unsigned\": true, \"defaultTo\": null, \"notNullable\": false}, {\"args\": [], \"name\": \"component_type\", \"type\": \"string\", \"unsigned\": false, \"defaultTo\": null, \"notNullable\": false}, {\"args\": [], \"name\": \"field\", \"type\": \"string\", \"unsigned\": false, \"defaultTo\": null, \"notNullable\": false}, {\"args\": [], \"name\": \"order\", \"type\": \"double\", \"unsigned\": true, \"defaultTo\": null, \"notNullable\": false}], \"indexes\": [{\"name\": \"components_blocks_solar_sister_blocks_field_idx\", \"columns\": [\"field\"]}, {\"name\": \"components_blocks_solar_sister_988d6_component_type_idx\", \"columns\": [\"component_type\"]}, {\"name\": \"components_blocks_solar_sister_blocks_entity_fk\", \"columns\": [\"entity_id\"]}, {\"name\": \"components_blocks_solar_sister_blocks_uq\", \"type\": \"unique\", \"columns\": [\"entity_id\", \"cmp_id\", \"field\", \"component_type\"]}], \"foreignKeys\": [{\"name\": \"components_blocks_solar_sister_blocks_entity_fk\", \"columns\": [\"entity_id\"], \"onDelete\": \"CASCADE\", \"referencedTable\": \"components_blocks_solar_sister_blocks\", \"referencedColumns\": [\"id\"]}]}, {\"name\": \"components_blocks_solar_sister_blocks\", \"columns\": [{\"args\": [{\"primary\": true, \"primaryKey\": true}], \"name\": \"id\", \"type\": \"increments\", \"unsigned\": false, \"defaultTo\": null, \"notNullable\": true}, {\"args\": [], \"name\": \"title\", \"type\": \"string\", \"unsigned\": false, \"defaultTo\": null, \"notNullable\": false}, {\"args\": [\"longtext\"], \"name\": \"headline\", \"type\": \"text\", \"unsigned\": false, \"defaultTo\": null, \"notNullable\": false}, {\"args\": [\"longtext\"], \"name\": \"content\", \"type\": \"text\", \"unsigned\": false, \"defaultTo\": null, \"notNullable\": false}], \"indexes\": [], \"foreignKeys\": []}, {\"name\": \"components_blocks_sinari_project_blocks_cmps\", \"columns\": [{\"args\": [{\"primary\": true, \"primaryKey\": true}], \"name\": \"id\", \"type\": \"increments\", \"unsigned\": false, \"defaultTo\": null, \"notNullable\": true}, {\"args\": [], \"name\": \"entity_id\", \"type\": \"integer\", \"unsigned\": true, \"defaultTo\": null, \"notNullable\": false}, {\"args\": [], \"name\": \"cmp_id\", \"type\": \"integer\", \"unsigned\": true, \"defaultTo\": null, \"notNullable\": false}, {\"args\": [], \"name\": \"component_type\", \"type\": \"string\", \"unsigned\": false, \"defaultTo\": null, \"notNullable\": false}, {\"args\": [], \"name\": \"field\", \"type\": \"string\", \"unsigned\": false, \"defaultTo\": null, \"notNullable\": false}, {\"args\": [], \"name\": \"order\", \"type\": \"double\", \"unsigned\": true, \"defaultTo\": null, \"notNullable\": false}], \"indexes\": [{\"name\": \"components_blocks_sinari_project_blocks_field_idx\", \"columns\": [\"field\"]}, {\"name\": \"components_blocks_sinari_projecb28a5_component_type_idx\", \"columns\": [\"component_type\"]}, {\"name\": \"components_blocks_sinari_project_blocks_entity_fk\", \"columns\": [\"entity_id\"]}, {\"name\": \"components_blocks_sinari_project_blocks_uq\", \"type\": \"unique\", \"columns\": [\"entity_id\", \"cmp_id\", \"field\", \"component_type\"]}], \"foreignKeys\": [{\"name\": \"components_blocks_sinari_project_blocks_entity_fk\", \"columns\": [\"entity_id\"], \"onDelete\": \"CASCADE\", \"referencedTable\": \"components_blocks_sinari_project_blocks\", \"referencedColumns\": [\"id\"]}]}, {\"name\": \"components_blocks_sinari_project_blocks\", \"columns\": [{\"args\": [{\"primary\": true, \"primaryKey\": true}], \"name\": \"id\", \"type\": \"increments\", \"unsigned\": false, \"defaultTo\": null, \"notNullable\": true}, {\"args\": [], \"name\": \"title\", \"type\": \"string\", \"unsigned\": false, \"defaultTo\": null, \"notNullable\": false}, {\"args\": [\"longtext\"], \"name\": \"headline\", \"type\": \"text\", \"unsigned\": false, \"defaultTo\": null, \"notNullable\": false}, {\"args\": [\"longtext\"], \"name\": \"content\", \"type\": \"text\", \"unsigned\": false, \"defaultTo\": null, \"notNullable\": false}], \"indexes\": [], \"foreignKeys\": []}, {\"name\": \"components_blocks_partner_blocks_cmps\", \"columns\": [{\"args\": [{\"primary\": true, \"primaryKey\": true}], \"name\": \"id\", \"type\": \"increments\", \"unsigned\": false, \"defaultTo\": null, \"notNullable\": true}, {\"args\": [], \"name\": \"entity_id\", \"type\": \"integer\", \"unsigned\": true, \"defaultTo\": null, \"notNullable\": false}, {\"args\": [], \"name\": \"cmp_id\", \"type\": \"integer\", \"unsigned\": true, \"defaultTo\": null, \"notNullable\": false}, {\"args\": [], \"name\": \"component_type\", \"type\": \"string\", \"unsigned\": false, \"defaultTo\": null, \"notNullable\": false}, {\"args\": [], \"name\": \"field\", \"type\": \"string\", \"unsigned\": false, \"defaultTo\": null, \"notNullable\": false}, {\"args\": [], \"name\": \"order\", \"type\": \"double\", \"unsigned\": true, \"defaultTo\": null, \"notNullable\": false}], \"indexes\": [{\"name\": \"components_blocks_partner_blocks_field_idx\", \"columns\": [\"field\"]}, {\"name\": \"components_blocks_partner_blocks_component_type_idx\", \"columns\": [\"component_type\"]}, {\"name\": \"components_blocks_partner_blocks_entity_fk\", \"columns\": [\"entity_id\"]}, {\"name\": \"components_blocks_partner_blocks_uq\", \"type\": \"unique\", \"columns\": [\"entity_id\", \"cmp_id\", \"field\", \"component_type\"]}], \"foreignKeys\": [{\"name\": \"components_blocks_partner_blocks_entity_fk\", \"columns\": [\"entity_id\"], \"onDelete\": \"CASCADE\", \"referencedTable\": \"components_blocks_partner_blocks\", \"referencedColumns\": [\"id\"]}]}, {\"name\": \"components_blocks_partner_blocks\", \"columns\": [{\"args\": [{\"primary\": true, \"primaryKey\": true}], \"name\": \"id\", \"type\": \"increments\", \"unsigned\": false, \"defaultTo\": null, \"notNullable\": true}, {\"args\": [], \"name\": \"heading\", \"type\": \"string\", \"unsigned\": false, \"defaultTo\": null, \"notNullable\": false}, {\"args\": [\"longtext\"], \"name\": \"description\", \"type\": \"text\", \"unsigned\": false, \"defaultTo\": null, \"notNullable\": false}], \"indexes\": [], \"foreignKeys\": []}, {\"name\": \"components_blocks_paragraph_with_image_blocks\", \"columns\": [{\"args\": [{\"primary\": true, \"primaryKey\": true}], \"name\": \"id\", \"type\": \"increments\", \"unsigned\": false, \"defaultTo\": null, \"notNullable\": true}, {\"args\": [\"longtext\"], \"name\": \"content\", \"type\": \"text\", \"unsigned\": false, \"defaultTo\": null, \"notNullable\": false}, {\"args\": [], \"name\": \"reversed\", \"type\": \"boolean\", \"unsigned\": false, \"defaultTo\": null, \"notNullable\": false}, {\"args\": [], \"name\": \"image_landscape\", \"type\": \"boolean\", \"unsigned\": false, \"defaultTo\": null, \"notNullable\": false}], \"indexes\": [], \"foreignKeys\": []}, {\"name\": \"components_blocks_paragraph_blocks\", \"columns\": [{\"args\": [{\"primary\": true, \"primaryKey\": true}], \"name\": \"id\", \"type\": \"increments\", \"unsigned\": false, \"defaultTo\": null, \"notNullable\": true}, {\"args\": [\"longtext\"], \"name\": \"content\", \"type\": \"text\", \"unsigned\": false, \"defaultTo\": null, \"notNullable\": false}], \"indexes\": [], \"foreignKeys\": []}, {\"name\": \"components_blocks_net_zero_heroes_blocks_cmps\", \"columns\": [{\"args\": [{\"primary\": true, \"primaryKey\": true}], \"name\": \"id\", \"type\": \"increments\", \"unsigned\": false, \"defaultTo\": null, \"notNullable\": true}, {\"args\": [], \"name\": \"entity_id\", \"type\": \"integer\", \"unsigned\": true, \"defaultTo\": null, \"notNullable\": false}, {\"args\": [], \"name\": \"cmp_id\", \"type\": \"integer\", \"unsigned\": true, \"defaultTo\": null, \"notNullable\": false}, {\"args\": [], \"name\": \"component_type\", \"type\": \"string\", \"unsigned\": false, \"defaultTo\": null, \"notNullable\": false}, {\"args\": [], \"name\": \"field\", \"type\": \"string\", \"unsigned\": false, \"defaultTo\": null, \"notNullable\": false}, {\"args\": [], \"name\": \"order\", \"type\": \"double\", \"unsigned\": true, \"defaultTo\": null, \"notNullable\": false}], \"indexes\": [{\"name\": \"components_blocks_net_zero_heroes_blocks_field_idx\", \"columns\": [\"field\"]}, {\"name\": \"components_blocks_net_zero_herod2392_component_type_idx\", \"columns\": [\"component_type\"]}, {\"name\": \"components_blocks_net_zero_heroes_blocks_entity_fk\", \"columns\": [\"entity_id\"]}, {\"name\": \"components_blocks_net_zero_heroes_blocks_uq\", \"type\": \"unique\", \"columns\": [\"entity_id\", \"cmp_id\", \"field\", \"component_type\"]}], \"foreignKeys\": [{\"name\": \"components_blocks_net_zero_heroes_blocks_entity_fk\", \"columns\": [\"entity_id\"], \"onDelete\": \"CASCADE\", \"referencedTable\": \"components_blocks_net_zero_heroes_blocks\", \"referencedColumns\": [\"id\"]}]}, {\"name\": \"components_blocks_net_zero_heroes_blocks\", \"columns\": [{\"args\": [{\"primary\": true, \"primaryKey\": true}], \"name\": \"id\", \"type\": \"increments\", \"unsigned\": false, \"defaultTo\": null, \"notNullable\": true}, {\"args\": [], \"name\": \"title\", \"type\": \"string\", \"unsigned\": false, \"defaultTo\": null, \"notNullable\": false}, {\"args\": [\"longtext\"], \"name\": \"headline\", \"type\": \"text\", \"unsigned\": false, \"defaultTo\": null, \"notNullable\": false}, {\"args\": [\"longtext\"], \"name\": \"content\", \"type\": \"text\", \"unsigned\": false, \"defaultTo\": null, \"notNullable\": false}], \"indexes\": [], \"foreignKeys\": []}, {\"name\": \"components_blocks_mojuk_blocks_cmps\", \"columns\": [{\"args\": [{\"primary\": true, \"primaryKey\": true}], \"name\": \"id\", \"type\": \"increments\", \"unsigned\": false, \"defaultTo\": null, \"notNullable\": true}, {\"args\": [], \"name\": \"entity_id\", \"type\": \"integer\", \"unsigned\": true, \"defaultTo\": null, \"notNullable\": false}, {\"args\": [], \"name\": \"cmp_id\", \"type\": \"integer\", \"unsigned\": true, \"defaultTo\": null, \"notNullable\": false}, {\"args\": [], \"name\": \"component_type\", \"type\": \"string\", \"unsigned\": false, \"defaultTo\": null, \"notNullable\": false}, {\"args\": [], \"name\": \"field\", \"type\": \"string\", \"unsigned\": false, \"defaultTo\": null, \"notNullable\": false}, {\"args\": [], \"name\": \"order\", \"type\": \"double\", \"unsigned\": true, \"defaultTo\": null, \"notNullable\": false}], \"indexes\": [{\"name\": \"components_blocks_mojuk_blocks_field_idx\", \"columns\": [\"field\"]}, {\"name\": \"components_blocks_mojuk_blocks_component_type_idx\", \"columns\": [\"component_type\"]}, {\"name\": \"components_blocks_mojuk_blocks_entity_fk\", \"columns\": [\"entity_id\"]}, {\"name\": \"components_blocks_mojuk_blocks_uq\", \"type\": \"unique\", \"columns\": [\"entity_id\", \"cmp_id\", \"field\", \"component_type\"]}], \"foreignKeys\": [{\"name\": \"components_blocks_mojuk_blocks_entity_fk\", \"columns\": [\"entity_id\"], \"onDelete\": \"CASCADE\", \"referencedTable\": \"components_blocks_mojuk_blocks\", \"referencedColumns\": [\"id\"]}]}, {\"name\": \"components_blocks_mojuk_blocks\", \"columns\": [{\"args\": [{\"primary\": true, \"primaryKey\": true}], \"name\": \"id\", \"type\": \"increments\", \"unsigned\": false, \"defaultTo\": null, \"notNullable\": true}, {\"args\": [], \"name\": \"title\", \"type\": \"string\", \"unsigned\": false, \"defaultTo\": null, \"notNullable\": false}, {\"args\": [\"longtext\"], \"name\": \"headline\", \"type\": \"text\", \"unsigned\": false, \"defaultTo\": null, \"notNullable\": false}, {\"args\": [\"longtext\"], \"name\": \"content\", \"type\": \"text\", \"unsigned\": false, \"defaultTo\": null, \"notNullable\": false}], \"indexes\": [], \"foreignKeys\": []}, {\"name\": \"components_blocks_info_blocks\", \"columns\": [{\"args\": [{\"primary\": true, \"primaryKey\": true}], \"name\": \"id\", \"type\": \"increments\", \"unsigned\": false, \"defaultTo\": null, \"notNullable\": true}, {\"args\": [], \"name\": \"heading\", \"type\": \"string\", \"unsigned\": false, \"defaultTo\": null, \"notNullable\": false}, {\"args\": [\"longtext\"], \"name\": \"description\", \"type\": \"text\", \"unsigned\": false, \"defaultTo\": null, \"notNullable\": false}, {\"args\": [], \"name\": \"headline_1\", \"type\": \"string\", \"unsigned\": false, \"defaultTo\": null, \"notNullable\": false}, {\"args\": [\"longtext\"], \"name\": \"content_1\", \"type\": \"text\", \"unsigned\": false, \"defaultTo\": null, \"notNullable\": false}, {\"args\": [], \"name\": \"headline_2\", \"type\": \"string\", \"unsigned\": false, \"defaultTo\": null, \"notNullable\": false}, {\"args\": [\"longtext\"], \"name\": \"content_2\", \"type\": \"text\", \"unsigned\": false, \"defaultTo\": null, \"notNullable\": false}, {\"args\": [], \"name\": \"headline_3\", \"type\": \"string\", \"unsigned\": false, \"defaultTo\": null, \"notNullable\": false}, {\"args\": [\"longtext\"], \"name\": \"content_3\", \"type\": \"text\", \"unsigned\": false, \"defaultTo\": null, \"notNullable\": false}], \"indexes\": [], \"foreignKeys\": []}, {\"name\": \"components_blocks_impact_blocks_cmps\", \"columns\": [{\"args\": [{\"primary\": true, \"primaryKey\": true}], \"name\": \"id\", \"type\": \"increments\", \"unsigned\": false, \"defaultTo\": null, \"notNullable\": true}, {\"args\": [], \"name\": \"entity_id\", \"type\": \"integer\", \"unsigned\": true, \"defaultTo\": null, \"notNullable\": false}, {\"args\": [], \"name\": \"cmp_id\", \"type\": \"integer\", \"unsigned\": true, \"defaultTo\": null, \"notNullable\": false}, {\"args\": [], \"name\": \"component_type\", \"type\": \"string\", \"unsigned\": false, \"defaultTo\": null, \"notNullable\": false}, {\"args\": [], \"name\": \"field\", \"type\": \"string\", \"unsigned\": false, \"defaultTo\": null, \"notNullable\": false}, {\"args\": [], \"name\": \"order\", \"type\": \"double\", \"unsigned\": true, \"defaultTo\": null, \"notNullable\": false}], \"indexes\": [{\"name\": \"components_blocks_impact_blocks_field_idx\", \"columns\": [\"field\"]}, {\"name\": \"components_blocks_impact_blocks_component_type_idx\", \"columns\": [\"component_type\"]}, {\"name\": \"components_blocks_impact_blocks_entity_fk\", \"columns\": [\"entity_id\"]}, {\"name\": \"components_blocks_impact_blocks_uq\", \"type\": \"unique\", \"columns\": [\"entity_id\", \"cmp_id\", \"field\", \"component_type\"]}], \"foreignKeys\": [{\"name\": \"components_blocks_impact_blocks_entity_fk\", \"columns\": [\"entity_id\"], \"onDelete\": \"CASCADE\", \"referencedTable\": \"components_blocks_impact_blocks\", \"referencedColumns\": [\"id\"]}]}, {\"name\": \"components_blocks_impact_blocks\", \"columns\": [{\"args\": [{\"primary\": true, \"primaryKey\": true}], \"name\": \"id\", \"type\": \"increments\", \"unsigned\": false, \"defaultTo\": null, \"notNullable\": true}, {\"args\": [], \"name\": \"title\", \"type\": \"string\", \"unsigned\": false, \"defaultTo\": null, \"notNullable\": false}, {\"args\": [\"longtext\"], \"name\": \"description\", \"type\": \"text\", \"unsigned\": false, \"defaultTo\": null, \"notNullable\": false}, {\"args\": [\"longtext\"], \"name\": \"content\", \"type\": \"text\", \"unsigned\": false, \"defaultTo\": null, \"notNullable\": false}], \"indexes\": [], \"foreignKeys\": []}, {\"name\": \"components_blocks_hero_section_2s\", \"columns\": [{\"args\": [{\"primary\": true, \"primaryKey\": true}], \"name\": \"id\", \"type\": \"increments\", \"unsigned\": false, \"defaultTo\": null, \"notNullable\": true}, {\"args\": [], \"name\": \"heading\", \"type\": \"string\", \"unsigned\": false, \"defaultTo\": null, \"notNullable\": false}, {\"args\": [\"longtext\"], \"name\": \"description\", \"type\": \"text\", \"unsigned\": false, \"defaultTo\": null, \"notNullable\": false}], \"indexes\": [], \"foreignKeys\": []}, {\"name\": \"components_blocks_hero_section_1s_cmps\", \"columns\": [{\"args\": [{\"primary\": true, \"primaryKey\": true}], \"name\": \"id\", \"type\": \"increments\", \"unsigned\": false, \"defaultTo\": null, \"notNullable\": true}, {\"args\": [], \"name\": \"entity_id\", \"type\": \"integer\", \"unsigned\": true, \"defaultTo\": null, \"notNullable\": false}, {\"args\": [], \"name\": \"cmp_id\", \"type\": \"integer\", \"unsigned\": true, \"defaultTo\": null, \"notNullable\": false}, {\"args\": [], \"name\": \"component_type\", \"type\": \"string\", \"unsigned\": false, \"defaultTo\": null, \"notNullable\": false}, {\"args\": [], \"name\": \"field\", \"type\": \"string\", \"unsigned\": false, \"defaultTo\": null, \"notNullable\": false}, {\"args\": [], \"name\": \"order\", \"type\": \"double\", \"unsigned\": true, \"defaultTo\": null, \"notNullable\": false}], \"indexes\": [{\"name\": \"components_blocks_hero_section_1s_field_idx\", \"columns\": [\"field\"]}, {\"name\": \"components_blocks_hero_section_1s_component_type_idx\", \"columns\": [\"component_type\"]}, {\"name\": \"components_blocks_hero_section_1s_entity_fk\", \"columns\": [\"entity_id\"]}, {\"name\": \"components_blocks_hero_section_1s_uq\", \"type\": \"unique\", \"columns\": [\"entity_id\", \"cmp_id\", \"field\", \"component_type\"]}], \"foreignKeys\": [{\"name\": \"components_blocks_hero_section_1s_entity_fk\", \"columns\": [\"entity_id\"], \"onDelete\": \"CASCADE\", \"referencedTable\": \"components_blocks_hero_section_1s\", \"referencedColumns\": [\"id\"]}]}, {\"name\": \"components_blocks_hero_section_1s\", \"columns\": [{\"args\": [{\"primary\": true, \"primaryKey\": true}], \"name\": \"id\", \"type\": \"increments\", \"unsigned\": false, \"defaultTo\": null, \"notNullable\": true}, {\"args\": [], \"name\": \"heading\", \"type\": \"string\", \"unsigned\": false, \"defaultTo\": null, \"notNullable\": false}, {\"args\": [\"longtext\"], \"name\": \"description\", \"type\": \"text\", \"unsigned\": false, \"defaultTo\": null, \"notNullable\": false}, {\"args\": [], \"name\": \"theme\", \"type\": \"string\", \"unsigned\": false, \"defaultTo\": null, \"notNullable\": false}], \"indexes\": [], \"foreignKeys\": []}, {\"name\": \"components_blocks_heading_with_description_blocks\", \"columns\": [{\"args\": [{\"primary\": true, \"primaryKey\": true}], \"name\": \"id\", \"type\": \"increments\", \"unsigned\": false, \"defaultTo\": null, \"notNullable\": true}, {\"args\": [], \"name\": \"headline\", \"type\": \"string\", \"unsigned\": false, \"defaultTo\": null, \"notNullable\": false}, {\"args\": [\"longtext\"], \"name\": \"description\", \"type\": \"text\", \"unsigned\": false, \"defaultTo\": null, \"notNullable\": false}], \"indexes\": [], \"foreignKeys\": []}, {\"name\": \"components_blocks_heading_blocks\", \"columns\": [{\"args\": [{\"primary\": true, \"primaryKey\": true}], \"name\": \"id\", \"type\": \"increments\", \"unsigned\": false, \"defaultTo\": null, \"notNullable\": true}, {\"args\": [], \"name\": \"heading\", \"type\": \"string\", \"unsigned\": false, \"defaultTo\": null, \"notNullable\": false}, {\"args\": [], \"name\": \"link_id\", \"type\": \"string\", \"unsigned\": false, \"defaultTo\": null, \"notNullable\": false}, {\"args\": [], \"name\": \"author\", \"type\": \"string\", \"unsigned\": false, \"defaultTo\": null, \"notNullable\": false}, {\"args\": [], \"name\": \"categories\", \"type\": \"string\", \"unsigned\": false, \"defaultTo\": null, \"notNullable\": false}], \"indexes\": [], \"foreignKeys\": []}, {\"name\": \"components_blocks_gawirea_labs_cmps\", \"columns\": [{\"args\": [{\"primary\": true, \"primaryKey\": true}], \"name\": \"id\", \"type\": \"increments\", \"unsigned\": false, \"defaultTo\": null, \"notNullable\": true}, {\"args\": [], \"name\": \"entity_id\", \"type\": \"integer\", \"unsigned\": true, \"defaultTo\": null, \"notNullable\": false}, {\"args\": [], \"name\": \"cmp_id\", \"type\": \"integer\", \"unsigned\": true, \"defaultTo\": null, \"notNullable\": false}, {\"args\": [], \"name\": \"component_type\", \"type\": \"string\", \"unsigned\": false, \"defaultTo\": null, \"notNullable\": false}, {\"args\": [], \"name\": \"field\", \"type\": \"string\", \"unsigned\": false, \"defaultTo\": null, \"notNullable\": false}, {\"args\": [], \"name\": \"order\", \"type\": \"double\", \"unsigned\": true, \"defaultTo\": null, \"notNullable\": false}], \"indexes\": [{\"name\": \"components_blocks_gawirea_labs_field_idx\", \"columns\": [\"field\"]}, {\"name\": \"components_blocks_gawirea_labs_component_type_idx\", \"columns\": [\"component_type\"]}, {\"name\": \"components_blocks_gawirea_labs_entity_fk\", \"columns\": [\"entity_id\"]}, {\"name\": \"components_blocks_gawirea_labs_uq\", \"type\": \"unique\", \"columns\": [\"entity_id\", \"cmp_id\", \"field\", \"component_type\"]}], \"foreignKeys\": [{\"name\": \"components_blocks_gawirea_labs_entity_fk\", \"columns\": [\"entity_id\"], \"onDelete\": \"CASCADE\", \"referencedTable\": \"components_blocks_gawirea_labs\", \"referencedColumns\": [\"id\"]}]}, {\"name\": \"components_blocks_gawirea_labs\", \"columns\": [{\"args\": [{\"primary\": true, \"primaryKey\": true}], \"name\": \"id\", \"type\": \"increments\", \"unsigned\": false, \"defaultTo\": null, \"notNullable\": true}, {\"args\": [], \"name\": \"title\", \"type\": \"string\", \"unsigned\": false, \"defaultTo\": null, \"notNullable\": false}, {\"args\": [\"longtext\"], \"name\": \"headline\", \"type\": \"text\", \"unsigned\": false, \"defaultTo\": null, \"notNullable\": false}, {\"args\": [\"longtext\"], \"name\": \"content\", \"type\": \"text\", \"unsigned\": false, \"defaultTo\": null, \"notNullable\": false}], \"indexes\": [], \"foreignKeys\": []}, {\"name\": \"components_blocks_gawirea_edu_hub_blocks_cmps\", \"columns\": [{\"args\": [{\"primary\": true, \"primaryKey\": true}], \"name\": \"id\", \"type\": \"increments\", \"unsigned\": false, \"defaultTo\": null, \"notNullable\": true}, {\"args\": [], \"name\": \"entity_id\", \"type\": \"integer\", \"unsigned\": true, \"defaultTo\": null, \"notNullable\": false}, {\"args\": [], \"name\": \"cmp_id\", \"type\": \"integer\", \"unsigned\": true, \"defaultTo\": null, \"notNullable\": false}, {\"args\": [], \"name\": \"component_type\", \"type\": \"string\", \"unsigned\": false, \"defaultTo\": null, \"notNullable\": false}, {\"args\": [], \"name\": \"field\", \"type\": \"string\", \"unsigned\": false, \"defaultTo\": null, \"notNullable\": false}, {\"args\": [], \"name\": \"order\", \"type\": \"double\", \"unsigned\": true, \"defaultTo\": null, \"notNullable\": false}], \"indexes\": [{\"name\": \"components_blocks_gawirea_edu_hub_blocks_field_idx\", \"columns\": [\"field\"]}, {\"name\": \"components_blocks_gawirea_edu_h03510_component_type_idx\", \"columns\": [\"component_type\"]}, {\"name\": \"components_blocks_gawirea_edu_hub_blocks_entity_fk\", \"columns\": [\"entity_id\"]}, {\"name\": \"components_blocks_gawirea_edu_hub_blocks_uq\", \"type\": \"unique\", \"columns\": [\"entity_id\", \"cmp_id\", \"field\", \"component_type\"]}], \"foreignKeys\": [{\"name\": \"components_blocks_gawirea_edu_hub_blocks_entity_fk\", \"columns\": [\"entity_id\"], \"onDelete\": \"CASCADE\", \"referencedTable\": \"components_blocks_gawirea_edu_hub_blocks\", \"referencedColumns\": [\"id\"]}]}, {\"name\": \"components_blocks_gawirea_edu_hub_blocks\", \"columns\": [{\"args\": [{\"primary\": true, \"primaryKey\": true}], \"name\": \"id\", \"type\": \"increments\", \"unsigned\": false, \"defaultTo\": null, \"notNullable\": true}, {\"args\": [], \"name\": \"title\", \"type\": \"string\", \"unsigned\": false, \"defaultTo\": null, \"notNullable\": false}, {\"args\": [\"longtext\"], \"name\": \"headline\", \"type\": \"text\", \"unsigned\": false, \"defaultTo\": null, \"notNullable\": false}, {\"args\": [\"longtext\"], \"name\": \"content\", \"type\": \"text\", \"unsigned\": false, \"defaultTo\": null, \"notNullable\": false}], \"indexes\": [], \"foreignKeys\": []}, {\"name\": \"components_blocks_full_image_blocks\", \"columns\": [{\"args\": [{\"primary\": true, \"primaryKey\": true}], \"name\": \"id\", \"type\": \"increments\", \"unsigned\": false, \"defaultTo\": null, \"notNullable\": true}], \"indexes\": [], \"foreignKeys\": []}, {\"name\": \"strapi_core_store_settings\", \"columns\": [{\"args\": [{\"primary\": true, \"primaryKey\": true}], \"name\": \"id\", \"type\": \"increments\", \"unsigned\": false, \"defaultTo\": null, \"notNullable\": true}, {\"args\": [], \"name\": \"key\", \"type\": \"string\", \"unsigned\": false, \"defaultTo\": null, \"notNullable\": false}, {\"args\": [\"longtext\"], \"name\": \"value\", \"type\": \"text\", \"unsigned\": false, \"defaultTo\": null, \"notNullable\": false}, {\"args\": [], \"name\": \"type\", \"type\": \"string\", \"unsigned\": false, \"defaultTo\": null, \"notNullable\": false}, {\"args\": [], \"name\": \"environment\", \"type\": \"string\", \"unsigned\": false, \"defaultTo\": null, \"notNullable\": false}, {\"args\": [], \"name\": \"tag\", \"type\": \"string\", \"unsigned\": false, \"defaultTo\": null, \"notNullable\": false}], \"indexes\": [], \"foreignKeys\": []}, {\"name\": \"strapi_webhooks\", \"columns\": [{\"args\": [{\"primary\": true, \"primaryKey\": true}], \"name\": \"id\", \"type\": \"increments\", \"unsigned\": false, \"defaultTo\": null, \"notNullable\": true}, {\"args\": [], \"name\": \"name\", \"type\": \"string\", \"unsigned\": false, \"defaultTo\": null, \"notNullable\": false}, {\"args\": [\"longtext\"], \"name\": \"url\", \"type\": \"text\", \"unsigned\": false, \"defaultTo\": null, \"notNullable\": false}, {\"args\": [], \"name\": \"headers\", \"type\": \"jsonb\", \"unsigned\": false, \"defaultTo\": null, \"notNullable\": false}, {\"args\": [], \"name\": \"events\", \"type\": \"jsonb\", \"unsigned\": false, \"defaultTo\": null, \"notNullable\": false}, {\"args\": [], \"name\": \"enabled\", \"type\": \"boolean\", \"unsigned\": false, \"defaultTo\": null, \"notNullable\": false}], \"indexes\": [], \"foreignKeys\": []}, {\"name\": \"strapi_history_versions\", \"columns\": [{\"args\": [{\"primary\": true, \"primaryKey\": true}], \"name\": \"id\", \"type\": \"increments\", \"unsigned\": false, \"defaultTo\": null, \"notNullable\": true}, {\"args\": [], \"name\": \"content_type\", \"type\": \"string\", \"unsigned\": false, \"defaultTo\": null, \"notNullable\": true}, {\"args\": [], \"name\": \"related_document_id\", \"type\": \"string\", \"unsigned\": false, \"defaultTo\": null, \"notNullable\": false}, {\"args\": [], \"name\": \"locale\", \"type\": \"string\", \"unsigned\": false, \"defaultTo\": null, \"notNullable\": false}, {\"args\": [], \"name\": \"status\", \"type\": \"string\", \"unsigned\": false, \"defaultTo\": null, \"notNullable\": false}, {\"args\": [], \"name\": \"data\", \"type\": \"jsonb\", \"unsigned\": false, \"defaultTo\": null, \"notNullable\": false}, {\"args\": [], \"name\": \"schema\", \"type\": \"jsonb\", \"unsigned\": false, \"defaultTo\": null, \"notNullable\": false}, {\"args\": [{\"useTz\": false, \"precision\": 6}], \"name\": \"created_at\", \"type\": \"datetime\", \"unsigned\": false, \"defaultTo\": null, \"notNullable\": false}, {\"args\": [], \"name\": \"created_by_id\", \"type\": \"integer\", \"unsigned\": true, \"defaultTo\": null, \"notNullable\": false}], \"indexes\": [{\"name\": \"strapi_history_versions_created_by_id_fk\", \"columns\": [\"created_by_id\"]}], \"foreignKeys\": [{\"name\": \"strapi_history_versions_created_by_id_fk\", \"columns\": [\"created_by_id\"], \"onDelete\": \"SET NULL\", \"referencedTable\": \"admin_users\", \"referencedColumns\": [\"id\"]}]}, {\"name\": \"files_related_mph\", \"columns\": [{\"args\": [{\"primary\": true, \"primaryKey\": true}], \"name\": \"id\", \"type\": \"increments\", \"unsigned\": false, \"defaultTo\": null, \"notNullable\": true}, {\"args\": [], \"name\": \"file_id\", \"type\": \"integer\", \"unsigned\": true, \"defaultTo\": null, \"notNullable\": false}, {\"args\": [], \"name\": \"related_id\", \"type\": \"integer\", \"unsigned\": true, \"defaultTo\": null, \"notNullable\": false}, {\"args\": [], \"name\": \"related_type\", \"type\": \"string\", \"unsigned\": false, \"defaultTo\": null, \"notNullable\": false}, {\"args\": [], \"name\": \"field\", \"type\": \"string\", \"unsigned\": false, \"defaultTo\": null, \"notNullable\": false}, {\"args\": [], \"name\": \"order\", \"type\": \"double\", \"unsigned\": true, \"defaultTo\": null, \"notNullable\": false}], \"indexes\": [{\"name\": \"files_related_mph_fk\", \"columns\": [\"file_id\"]}, {\"name\": \"files_related_mph_oidx\", \"columns\": [\"order\"]}, {\"name\": \"files_related_mph_idix\", \"columns\": [\"related_id\"]}], \"foreignKeys\": [{\"name\": \"files_related_mph_fk\", \"columns\": [\"file_id\"], \"onDelete\": \"CASCADE\", \"referencedTable\": \"files\", \"referencedColumns\": [\"id\"]}]}, {\"name\": \"files_folder_lnk\", \"columns\": [{\"args\": [{\"primary\": true, \"primaryKey\": true}], \"name\": \"id\", \"type\": \"increments\", \"unsigned\": false, \"defaultTo\": null, \"notNullable\": true}, {\"args\": [], \"name\": \"file_id\", \"type\": \"integer\", \"unsigned\": true, \"defaultTo\": null, \"notNullable\": false}, {\"args\": [], \"name\": \"folder_id\", \"type\": \"integer\", \"unsigned\": true, \"defaultTo\": null, \"notNullable\": false}, {\"args\": [], \"name\": \"file_ord\", \"type\": \"double\", \"unsigned\": true, \"defaultTo\": null, \"notNullable\": false}], \"indexes\": [{\"name\": \"files_folder_lnk_fk\", \"columns\": [\"file_id\"]}, {\"name\": \"files_folder_lnk_ifk\", \"columns\": [\"folder_id\"]}, {\"name\": \"files_folder_lnk_uq\", \"type\": \"unique\", \"columns\": [\"file_id\", \"folder_id\"]}, {\"name\": \"files_folder_lnk_oifk\", \"columns\": [\"file_ord\"]}], \"foreignKeys\": [{\"name\": \"files_folder_lnk_fk\", \"columns\": [\"file_id\"], \"onDelete\": \"CASCADE\", \"referencedTable\": \"files\", \"referencedColumns\": [\"id\"]}, {\"name\": \"files_folder_lnk_ifk\", \"columns\": [\"folder_id\"], \"onDelete\": \"CASCADE\", \"referencedTable\": \"upload_folders\", \"referencedColumns\": [\"id\"]}]}, {\"name\": \"upload_folders_parent_lnk\", \"columns\": [{\"args\": [{\"primary\": true, \"primaryKey\": true}], \"name\": \"id\", \"type\": \"increments\", \"unsigned\": false, \"defaultTo\": null, \"notNullable\": true}, {\"args\": [], \"name\": \"folder_id\", \"type\": \"integer\", \"unsigned\": true, \"defaultTo\": null, \"notNullable\": false}, {\"args\": [], \"name\": \"inv_folder_id\", \"type\": \"integer\", \"unsigned\": true, \"defaultTo\": null, \"notNullable\": false}, {\"args\": [], \"name\": \"folder_ord\", \"type\": \"double\", \"unsigned\": true, \"defaultTo\": null, \"notNullable\": false}], \"indexes\": [{\"name\": \"upload_folders_parent_lnk_fk\", \"columns\": [\"folder_id\"]}, {\"name\": \"upload_folders_parent_lnk_ifk\", \"columns\": [\"inv_folder_id\"]}, {\"name\": \"upload_folders_parent_lnk_uq\", \"type\": \"unique\", \"columns\": [\"folder_id\", \"inv_folder_id\"]}, {\"name\": \"upload_folders_parent_lnk_oifk\", \"columns\": [\"folder_ord\"]}], \"foreignKeys\": [{\"name\": \"upload_folders_parent_lnk_fk\", \"columns\": [\"folder_id\"], \"onDelete\": \"CASCADE\", \"referencedTable\": \"upload_folders\", \"referencedColumns\": [\"id\"]}, {\"name\": \"upload_folders_parent_lnk_ifk\", \"columns\": [\"inv_folder_id\"], \"onDelete\": \"CASCADE\", \"referencedTable\": \"upload_folders\", \"referencedColumns\": [\"id\"]}]}, {\"name\": \"strapi_release_actions_release_lnk\", \"columns\": [{\"args\": [{\"primary\": true, \"primaryKey\": true}], \"name\": \"id\", \"type\": \"increments\", \"unsigned\": false, \"defaultTo\": null, \"notNullable\": true}, {\"args\": [], \"name\": \"release_action_id\", \"type\": \"integer\", \"unsigned\": true, \"defaultTo\": null, \"notNullable\": false}, {\"args\": [], \"name\": \"release_id\", \"type\": \"integer\", \"unsigned\": true, \"defaultTo\": null, \"notNullable\": false}, {\"args\": [], \"name\": \"release_action_ord\", \"type\": \"double\", \"unsigned\": true, \"defaultTo\": null, \"notNullable\": false}], \"indexes\": [{\"name\": \"strapi_release_actions_release_lnk_fk\", \"columns\": [\"release_action_id\"]}, {\"name\": \"strapi_release_actions_release_lnk_ifk\", \"columns\": [\"release_id\"]}, {\"name\": \"strapi_release_actions_release_lnk_uq\", \"type\": \"unique\", \"columns\": [\"release_action_id\", \"release_id\"]}, {\"name\": \"strapi_release_actions_release_lnk_oifk\", \"columns\": [\"release_action_ord\"]}], \"foreignKeys\": [{\"name\": \"strapi_release_actions_release_lnk_fk\", \"columns\": [\"release_action_id\"], \"onDelete\": \"CASCADE\", \"referencedTable\": \"strapi_release_actions\", \"referencedColumns\": [\"id\"]}, {\"name\": \"strapi_release_actions_release_lnk_ifk\", \"columns\": [\"release_id\"], \"onDelete\": \"CASCADE\", \"referencedTable\": \"strapi_releases\", \"referencedColumns\": [\"id\"]}]}, {\"name\": \"strapi_workflows_stage_required_to_publish_lnk\", \"columns\": [{\"args\": [{\"primary\": true, \"primaryKey\": true}], \"name\": \"id\", \"type\": \"increments\", \"unsigned\": false, \"defaultTo\": null, \"notNullable\": true}, {\"args\": [], \"name\": \"workflow_id\", \"type\": \"integer\", \"unsigned\": true, \"defaultTo\": null, \"notNullable\": false}, {\"args\": [], \"name\": \"workflow_stage_id\", \"type\": \"integer\", \"unsigned\": true, \"defaultTo\": null, \"notNullable\": false}], \"indexes\": [{\"name\": \"strapi_workflows_stage_required_to_publish_lnk_fk\", \"columns\": [\"workflow_id\"]}, {\"name\": \"strapi_workflows_stage_required_to_publish_lnk_ifk\", \"columns\": [\"workflow_stage_id\"]}, {\"name\": \"strapi_workflows_stage_required_to_publish_lnk_uq\", \"type\": \"unique\", \"columns\": [\"workflow_id\", \"workflow_stage_id\"]}], \"foreignKeys\": [{\"name\": \"strapi_workflows_stage_required_to_publish_lnk_fk\", \"columns\": [\"workflow_id\"], \"onDelete\": \"CASCADE\", \"referencedTable\": \"strapi_workflows\", \"referencedColumns\": [\"id\"]}, {\"name\": \"strapi_workflows_stage_required_to_publish_lnk_ifk\", \"columns\": [\"workflow_stage_id\"], \"onDelete\": \"CASCADE\", \"referencedTable\": \"strapi_workflows_stages\", \"referencedColumns\": [\"id\"]}]}, {\"name\": \"strapi_workflows_stages_workflow_lnk\", \"columns\": [{\"args\": [{\"primary\": true, \"primaryKey\": true}], \"name\": \"id\", \"type\": \"increments\", \"unsigned\": false, \"defaultTo\": null, \"notNullable\": true}, {\"args\": [], \"name\": \"workflow_stage_id\", \"type\": \"integer\", \"unsigned\": true, \"defaultTo\": null, \"notNullable\": false}, {\"args\": [], \"name\": \"workflow_id\", \"type\": \"integer\", \"unsigned\": true, \"defaultTo\": null, \"notNullable\": false}, {\"args\": [], \"name\": \"workflow_stage_ord\", \"type\": \"double\", \"unsigned\": true, \"defaultTo\": null, \"notNullable\": false}], \"indexes\": [{\"name\": \"strapi_workflows_stages_workflow_lnk_fk\", \"columns\": [\"workflow_stage_id\"]}, {\"name\": \"strapi_workflows_stages_workflow_lnk_ifk\", \"columns\": [\"workflow_id\"]}, {\"name\": \"strapi_workflows_stages_workflow_lnk_uq\", \"type\": \"unique\", \"columns\": [\"workflow_stage_id\", \"workflow_id\"]}, {\"name\": \"strapi_workflows_stages_workflow_lnk_oifk\", \"columns\": [\"workflow_stage_ord\"]}], \"foreignKeys\": [{\"name\": \"strapi_workflows_stages_workflow_lnk_fk\", \"columns\": [\"workflow_stage_id\"], \"onDelete\": \"CASCADE\", \"referencedTable\": \"strapi_workflows_stages\", \"referencedColumns\": [\"id\"]}, {\"name\": \"strapi_workflows_stages_workflow_lnk_ifk\", \"columns\": [\"workflow_id\"], \"onDelete\": \"CASCADE\", \"referencedTable\": \"strapi_workflows\", \"referencedColumns\": [\"id\"]}]}, {\"name\": \"strapi_workflows_stages_permissions_lnk\", \"columns\": [{\"args\": [{\"primary\": true, \"primaryKey\": true}], \"name\": \"id\", \"type\": \"increments\", \"unsigned\": false, \"defaultTo\": null, \"notNullable\": true}, {\"args\": [], \"name\": \"workflow_stage_id\", \"type\": \"integer\", \"unsigned\": true, \"defaultTo\": null, \"notNullable\": false}, {\"args\": [], \"name\": \"permission_id\", \"type\": \"integer\", \"unsigned\": true, \"defaultTo\": null, \"notNullable\": false}, {\"args\": [], \"name\": \"permission_ord\", \"type\": \"double\", \"unsigned\": true, \"defaultTo\": null, \"notNullable\": false}], \"indexes\": [{\"name\": \"strapi_workflows_stages_permissions_lnk_fk\", \"columns\": [\"workflow_stage_id\"]}, {\"name\": \"strapi_workflows_stages_permissions_lnk_ifk\", \"columns\": [\"permission_id\"]}, {\"name\": \"strapi_workflows_stages_permissions_lnk_uq\", \"type\": \"unique\", \"columns\": [\"workflow_stage_id\", \"permission_id\"]}, {\"name\": \"strapi_workflows_stages_permissions_lnk_ofk\", \"columns\": [\"permission_ord\"]}], \"foreignKeys\": [{\"name\": \"strapi_workflows_stages_permissions_lnk_fk\", \"columns\": [\"workflow_stage_id\"], \"onDelete\": \"CASCADE\", \"referencedTable\": \"strapi_workflows_stages\", \"referencedColumns\": [\"id\"]}, {\"name\": \"strapi_workflows_stages_permissions_lnk_ifk\", \"columns\": [\"permission_id\"], \"onDelete\": \"CASCADE\", \"referencedTable\": \"admin_permissions\", \"referencedColumns\": [\"id\"]}]}, {\"name\": \"up_permissions_role_lnk\", \"columns\": [{\"args\": [{\"primary\": true, \"primaryKey\": true}], \"name\": \"id\", \"type\": \"increments\", \"unsigned\": false, \"defaultTo\": null, \"notNullable\": true}, {\"args\": [], \"name\": \"permission_id\", \"type\": \"integer\", \"unsigned\": true, \"defaultTo\": null, \"notNullable\": false}, {\"args\": [], \"name\": \"role_id\", \"type\": \"integer\", \"unsigned\": true, \"defaultTo\": null, \"notNullable\": false}, {\"args\": [], \"name\": \"permission_ord\", \"type\": \"double\", \"unsigned\": true, \"defaultTo\": null, \"notNullable\": false}], \"indexes\": [{\"name\": \"up_permissions_role_lnk_fk\", \"columns\": [\"permission_id\"]}, {\"name\": \"up_permissions_role_lnk_ifk\", \"columns\": [\"role_id\"]}, {\"name\": \"up_permissions_role_lnk_uq\", \"type\": \"unique\", \"columns\": [\"permission_id\", \"role_id\"]}, {\"name\": \"up_permissions_role_lnk_oifk\", \"columns\": [\"permission_ord\"]}], \"foreignKeys\": [{\"name\": \"up_permissions_role_lnk_fk\", \"columns\": [\"permission_id\"], \"onDelete\": \"CASCADE\", \"referencedTable\": \"up_permissions\", \"referencedColumns\": [\"id\"]}, {\"name\": \"up_permissions_role_lnk_ifk\", \"columns\": [\"role_id\"], \"onDelete\": \"CASCADE\", \"referencedTable\": \"up_roles\", \"referencedColumns\": [\"id\"]}]}, {\"name\": \"up_users_role_lnk\", \"columns\": [{\"args\": [{\"primary\": true, \"primaryKey\": true}], \"name\": \"id\", \"type\": \"increments\", \"unsigned\": false, \"defaultTo\": null, \"notNullable\": true}, {\"args\": [], \"name\": \"user_id\", \"type\": \"integer\", \"unsigned\": true, \"defaultTo\": null, \"notNullable\": false}, {\"args\": [], \"name\": \"role_id\", \"type\": \"integer\", \"unsigned\": true, \"defaultTo\": null, \"notNullable\": false}, {\"args\": [], \"name\": \"user_ord\", \"type\": \"double\", \"unsigned\": true, \"defaultTo\": null, \"notNullable\": false}], \"indexes\": [{\"name\": \"up_users_role_lnk_fk\", \"columns\": [\"user_id\"]}, {\"name\": \"up_users_role_lnk_ifk\", \"columns\": [\"role_id\"]}, {\"name\": \"up_users_role_lnk_uq\", \"type\": \"unique\", \"columns\": [\"user_id\", \"role_id\"]}, {\"name\": \"up_users_role_lnk_oifk\", \"columns\": [\"user_ord\"]}], \"foreignKeys\": [{\"name\": \"up_users_role_lnk_fk\", \"columns\": [\"user_id\"], \"onDelete\": \"CASCADE\", \"referencedTable\": \"up_users\", \"referencedColumns\": [\"id\"]}, {\"name\": \"up_users_role_lnk_ifk\", \"columns\": [\"role_id\"], \"onDelete\": \"CASCADE\", \"referencedTable\": \"up_roles\", \"referencedColumns\": [\"id\"]}]}, {\"name\": \"admin_permissions_role_lnk\", \"columns\": [{\"args\": [{\"primary\": true, \"primaryKey\": true}], \"name\": \"id\", \"type\": \"increments\", \"unsigned\": false, \"defaultTo\": null, \"notNullable\": true}, {\"args\": [], \"name\": \"permission_id\", \"type\": \"integer\", \"unsigned\": true, \"defaultTo\": null, \"notNullable\": false}, {\"args\": [], \"name\": \"role_id\", \"type\": \"integer\", \"unsigned\": true, \"defaultTo\": null, \"notNullable\": false}, {\"args\": [], \"name\": \"permission_ord\", \"type\": \"double\", \"unsigned\": true, \"defaultTo\": null, \"notNullable\": false}], \"indexes\": [{\"name\": \"admin_permissions_role_lnk_fk\", \"columns\": [\"permission_id\"]}, {\"name\": \"admin_permissions_role_lnk_ifk\", \"columns\": [\"role_id\"]}, {\"name\": \"admin_permissions_role_lnk_uq\", \"type\": \"unique\", \"columns\": [\"permission_id\", \"role_id\"]}, {\"name\": \"admin_permissions_role_lnk_oifk\", \"columns\": [\"permission_ord\"]}], \"foreignKeys\": [{\"name\": \"admin_permissions_role_lnk_fk\", \"columns\": [\"permission_id\"], \"onDelete\": \"CASCADE\", \"referencedTable\": \"admin_permissions\", \"referencedColumns\": [\"id\"]}, {\"name\": \"admin_permissions_role_lnk_ifk\", \"columns\": [\"role_id\"], \"onDelete\": \"CASCADE\", \"referencedTable\": \"admin_roles\", \"referencedColumns\": [\"id\"]}]}, {\"name\": \"admin_users_roles_lnk\", \"columns\": [{\"args\": [{\"primary\": true, \"primaryKey\": true}], \"name\": \"id\", \"type\": \"increments\", \"unsigned\": false, \"defaultTo\": null, \"notNullable\": true}, {\"args\": [], \"name\": \"user_id\", \"type\": \"integer\", \"unsigned\": true, \"defaultTo\": null, \"notNullable\": false}, {\"args\": [], \"name\": \"role_id\", \"type\": \"integer\", \"unsigned\": true, \"defaultTo\": null, \"notNullable\": false}, {\"args\": [], \"name\": \"role_ord\", \"type\": \"double\", \"unsigned\": true, \"defaultTo\": null, \"notNullable\": false}, {\"args\": [], \"name\": \"user_ord\", \"type\": \"double\", \"unsigned\": true, \"defaultTo\": null, \"notNullable\": false}], \"indexes\": [{\"name\": \"admin_users_roles_lnk_fk\", \"columns\": [\"user_id\"]}, {\"name\": \"admin_users_roles_lnk_ifk\", \"columns\": [\"role_id\"]}, {\"name\": \"admin_users_roles_lnk_uq\", \"type\": \"unique\", \"columns\": [\"user_id\", \"role_id\"]}, {\"name\": \"admin_users_roles_lnk_ofk\", \"columns\": [\"role_ord\"]}, {\"name\": \"admin_users_roles_lnk_oifk\", \"columns\": [\"user_ord\"]}], \"foreignKeys\": [{\"name\": \"admin_users_roles_lnk_fk\", \"columns\": [\"user_id\"], \"onDelete\": \"CASCADE\", \"referencedTable\": \"admin_users\", \"referencedColumns\": [\"id\"]}, {\"name\": \"admin_users_roles_lnk_ifk\", \"columns\": [\"role_id\"], \"onDelete\": \"CASCADE\", \"referencedTable\": \"admin_roles\", \"referencedColumns\": [\"id\"]}]}, {\"name\": \"strapi_api_token_permissions_token_lnk\", \"columns\": [{\"args\": [{\"primary\": true, \"primaryKey\": true}], \"name\": \"id\", \"type\": \"increments\", \"unsigned\": false, \"defaultTo\": null, \"notNullable\": true}, {\"args\": [], \"name\": \"api_token_permission_id\", \"type\": \"integer\", \"unsigned\": true, \"defaultTo\": null, \"notNullable\": false}, {\"args\": [], \"name\": \"api_token_id\", \"type\": \"integer\", \"unsigned\": true, \"defaultTo\": null, \"notNullable\": false}, {\"args\": [], \"name\": \"api_token_permission_ord\", \"type\": \"double\", \"unsigned\": true, \"defaultTo\": null, \"notNullable\": false}], \"indexes\": [{\"name\": \"strapi_api_token_permissions_token_lnk_fk\", \"columns\": [\"api_token_permission_id\"]}, {\"name\": \"strapi_api_token_permissions_token_lnk_ifk\", \"columns\": [\"api_token_id\"]}, {\"name\": \"strapi_api_token_permissions_token_lnk_uq\", \"type\": \"unique\", \"columns\": [\"api_token_permission_id\", \"api_token_id\"]}, {\"name\": \"strapi_api_token_permissions_token_lnk_oifk\", \"columns\": [\"api_token_permission_ord\"]}], \"foreignKeys\": [{\"name\": \"strapi_api_token_permissions_token_lnk_fk\", \"columns\": [\"api_token_permission_id\"], \"onDelete\": \"CASCADE\", \"referencedTable\": \"strapi_api_token_permissions\", \"referencedColumns\": [\"id\"]}, {\"name\": \"strapi_api_token_permissions_token_lnk_ifk\", \"columns\": [\"api_token_id\"], \"onDelete\": \"CASCADE\", \"referencedTable\": \"strapi_api_tokens\", \"referencedColumns\": [\"id\"]}]}, {\"name\": \"strapi_transfer_token_permissions_token_lnk\", \"columns\": [{\"args\": [{\"primary\": true, \"primaryKey\": true}], \"name\": \"id\", \"type\": \"increments\", \"unsigned\": false, \"defaultTo\": null, \"notNullable\": true}, {\"args\": [], \"name\": \"transfer_token_permission_id\", \"type\": \"integer\", \"unsigned\": true, \"defaultTo\": null, \"notNullable\": false}, {\"args\": [], \"name\": \"transfer_token_id\", \"type\": \"integer\", \"unsigned\": true, \"defaultTo\": null, \"notNullable\": false}, {\"args\": [], \"name\": \"transfer_token_permission_ord\", \"type\": \"double\", \"unsigned\": true, \"defaultTo\": null, \"notNullable\": false}], \"indexes\": [{\"name\": \"strapi_transfer_token_permissions_token_lnk_fk\", \"columns\": [\"transfer_token_permission_id\"]}, {\"name\": \"strapi_transfer_token_permissions_token_lnk_ifk\", \"columns\": [\"transfer_token_id\"]}, {\"name\": \"strapi_transfer_token_permissions_token_lnk_uq\", \"type\": \"unique\", \"columns\": [\"transfer_token_permission_id\", \"transfer_token_id\"]}, {\"name\": \"strapi_transfer_token_permissions_token_lnk_oifk\", \"columns\": [\"transfer_token_permission_ord\"]}], \"foreignKeys\": [{\"name\": \"strapi_transfer_token_permissions_token_lnk_fk\", \"columns\": [\"transfer_token_permission_id\"], \"onDelete\": \"CASCADE\", \"referencedTable\": \"strapi_transfer_token_permissions\", \"referencedColumns\": [\"id\"]}, {\"name\": \"strapi_transfer_token_permissions_token_lnk_ifk\", \"columns\": [\"transfer_token_id\"], \"onDelete\": \"CASCADE\", \"referencedTable\": \"strapi_transfer_tokens\", \"referencedColumns\": [\"id\"]}]}]}',	'2025-07-09 18:36:19',	'f24c8b9da31c74a3249702ce4b106185');

DROP TABLE IF EXISTS `strapi_history_versions`;
CREATE TABLE `strapi_history_versions` (
  `id` int unsigned NOT NULL AUTO_INCREMENT,
  `content_type` varchar(255) COLLATE utf8mb4_general_ci NOT NULL,
  `related_document_id` varchar(255) COLLATE utf8mb4_general_ci DEFAULT NULL,
  `locale` varchar(255) COLLATE utf8mb4_general_ci DEFAULT NULL,
  `status` varchar(255) COLLATE utf8mb4_general_ci DEFAULT NULL,
  `data` json DEFAULT NULL,
  `schema` json DEFAULT NULL,
  `created_at` datetime(6) DEFAULT NULL,
  `created_by_id` int unsigned DEFAULT NULL,
  PRIMARY KEY (`id`),
  KEY `strapi_history_versions_created_by_id_fk` (`created_by_id`),
  CONSTRAINT `strapi_history_versions_created_by_id_fk` FOREIGN KEY (`created_by_id`) REFERENCES `admin_users` (`id`) ON DELETE SET NULL
) ENGINE=InnoDB DEFAULT CHARSET=utf8mb4 COLLATE=utf8mb4_general_ci;


DROP TABLE IF EXISTS `strapi_migrations`;
CREATE TABLE `strapi_migrations` (
  `id` int unsigned NOT NULL AUTO_INCREMENT,
  `name` varchar(255) COLLATE utf8mb4_general_ci DEFAULT NULL,
  `time` datetime DEFAULT NULL,
  PRIMARY KEY (`id`)
) ENGINE=InnoDB DEFAULT CHARSET=utf8mb4 COLLATE=utf8mb4_general_ci;


DROP TABLE IF EXISTS `strapi_migrations_internal`;
CREATE TABLE `strapi_migrations_internal` (
  `id` int unsigned NOT NULL AUTO_INCREMENT,
  `name` varchar(255) COLLATE utf8mb4_general_ci DEFAULT NULL,
  `time` datetime DEFAULT NULL,
  PRIMARY KEY (`id`)
) ENGINE=InnoDB DEFAULT CHARSET=utf8mb4 COLLATE=utf8mb4_general_ci;

INSERT INTO `strapi_migrations_internal` (`id`, `name`, `time`) VALUES
(1,	'5.0.0-rename-identifiers-longer-than-max-length',	'2025-05-22 21:30:14'),
(2,	'5.0.0-02-created-document-id',	'2025-05-22 21:30:14'),
(3,	'5.0.0-03-created-locale',	'2025-05-22 21:30:14'),
(4,	'5.0.0-04-created-published-at',	'2025-05-22 21:30:14'),
(5,	'5.0.0-05-drop-slug-fields-index',	'2025-05-22 21:30:14'),
(6,	'core::5.0.0-discard-drafts',	'2025-05-22 21:30:15');

DROP TABLE IF EXISTS `strapi_release_actions`;
CREATE TABLE `strapi_release_actions` (
  `id` int unsigned NOT NULL AUTO_INCREMENT,
  `document_id` varchar(255) COLLATE utf8mb4_general_ci DEFAULT NULL,
  `type` varchar(255) COLLATE utf8mb4_general_ci DEFAULT NULL,
  `content_type` varchar(255) COLLATE utf8mb4_general_ci DEFAULT NULL,
  `entry_document_id` varchar(255) COLLATE utf8mb4_general_ci DEFAULT NULL,
  `locale` varchar(255) COLLATE utf8mb4_general_ci DEFAULT NULL,
  `is_entry_valid` tinyint(1) DEFAULT NULL,
  `created_at` datetime(6) DEFAULT NULL,
  `updated_at` datetime(6) DEFAULT NULL,
  `published_at` datetime(6) DEFAULT NULL,
  `created_by_id` int unsigned DEFAULT NULL,
  `updated_by_id` int unsigned DEFAULT NULL,
  PRIMARY KEY (`id`),
  KEY `strapi_release_actions_documents_idx` (`document_id`,`locale`,`published_at`),
  KEY `strapi_release_actions_created_by_id_fk` (`created_by_id`),
  KEY `strapi_release_actions_updated_by_id_fk` (`updated_by_id`),
  CONSTRAINT `strapi_release_actions_created_by_id_fk` FOREIGN KEY (`created_by_id`) REFERENCES `admin_users` (`id`) ON DELETE SET NULL,
  CONSTRAINT `strapi_release_actions_updated_by_id_fk` FOREIGN KEY (`updated_by_id`) REFERENCES `admin_users` (`id`) ON DELETE SET NULL
) ENGINE=InnoDB DEFAULT CHARSET=utf8mb4 COLLATE=utf8mb4_general_ci;


DROP TABLE IF EXISTS `strapi_release_actions_release_lnk`;
CREATE TABLE `strapi_release_actions_release_lnk` (
  `id` int unsigned NOT NULL AUTO_INCREMENT,
  `release_action_id` int unsigned DEFAULT NULL,
  `release_id` int unsigned DEFAULT NULL,
  `release_action_ord` double unsigned DEFAULT NULL,
  PRIMARY KEY (`id`),
  UNIQUE KEY `strapi_release_actions_release_lnk_uq` (`release_action_id`,`release_id`),
  KEY `strapi_release_actions_release_lnk_fk` (`release_action_id`),
  KEY `strapi_release_actions_release_lnk_ifk` (`release_id`),
  KEY `strapi_release_actions_release_lnk_oifk` (`release_action_ord`),
  CONSTRAINT `strapi_release_actions_release_lnk_fk` FOREIGN KEY (`release_action_id`) REFERENCES `strapi_release_actions` (`id`) ON DELETE CASCADE,
  CONSTRAINT `strapi_release_actions_release_lnk_ifk` FOREIGN KEY (`release_id`) REFERENCES `strapi_releases` (`id`) ON DELETE CASCADE
) ENGINE=InnoDB DEFAULT CHARSET=utf8mb4 COLLATE=utf8mb4_general_ci;


DROP TABLE IF EXISTS `strapi_releases`;
CREATE TABLE `strapi_releases` (
  `id` int unsigned NOT NULL AUTO_INCREMENT,
  `document_id` varchar(255) COLLATE utf8mb4_general_ci DEFAULT NULL,
  `name` varchar(255) COLLATE utf8mb4_general_ci DEFAULT NULL,
  `released_at` datetime(6) DEFAULT NULL,
  `scheduled_at` datetime(6) DEFAULT NULL,
  `timezone` varchar(255) COLLATE utf8mb4_general_ci DEFAULT NULL,
  `status` varchar(255) COLLATE utf8mb4_general_ci DEFAULT NULL,
  `created_at` datetime(6) DEFAULT NULL,
  `updated_at` datetime(6) DEFAULT NULL,
  `published_at` datetime(6) DEFAULT NULL,
  `created_by_id` int unsigned DEFAULT NULL,
  `updated_by_id` int unsigned DEFAULT NULL,
  `locale` varchar(255) COLLATE utf8mb4_general_ci DEFAULT NULL,
  PRIMARY KEY (`id`),
  KEY `strapi_releases_documents_idx` (`document_id`,`locale`,`published_at`),
  KEY `strapi_releases_created_by_id_fk` (`created_by_id`),
  KEY `strapi_releases_updated_by_id_fk` (`updated_by_id`),
  CONSTRAINT `strapi_releases_created_by_id_fk` FOREIGN KEY (`created_by_id`) REFERENCES `admin_users` (`id`) ON DELETE SET NULL,
  CONSTRAINT `strapi_releases_updated_by_id_fk` FOREIGN KEY (`updated_by_id`) REFERENCES `admin_users` (`id`) ON DELETE SET NULL
) ENGINE=InnoDB DEFAULT CHARSET=utf8mb4 COLLATE=utf8mb4_general_ci;


DROP TABLE IF EXISTS `strapi_transfer_token_permissions`;
CREATE TABLE `strapi_transfer_token_permissions` (
  `id` int unsigned NOT NULL AUTO_INCREMENT,
  `document_id` varchar(255) COLLATE utf8mb4_general_ci DEFAULT NULL,
  `action` varchar(255) COLLATE utf8mb4_general_ci DEFAULT NULL,
  `created_at` datetime(6) DEFAULT NULL,
  `updated_at` datetime(6) DEFAULT NULL,
  `published_at` datetime(6) DEFAULT NULL,
  `created_by_id` int unsigned DEFAULT NULL,
  `updated_by_id` int unsigned DEFAULT NULL,
  `locale` varchar(255) COLLATE utf8mb4_general_ci DEFAULT NULL,
  PRIMARY KEY (`id`),
  KEY `strapi_transfer_token_permissions_documents_idx` (`document_id`,`locale`,`published_at`),
  KEY `strapi_transfer_token_permissions_created_by_id_fk` (`created_by_id`),
  KEY `strapi_transfer_token_permissions_updated_by_id_fk` (`updated_by_id`),
  CONSTRAINT `strapi_transfer_token_permissions_created_by_id_fk` FOREIGN KEY (`created_by_id`) REFERENCES `admin_users` (`id`) ON DELETE SET NULL,
  CONSTRAINT `strapi_transfer_token_permissions_updated_by_id_fk` FOREIGN KEY (`updated_by_id`) REFERENCES `admin_users` (`id`) ON DELETE SET NULL
) ENGINE=InnoDB DEFAULT CHARSET=utf8mb4 COLLATE=utf8mb4_general_ci;


DROP TABLE IF EXISTS `strapi_transfer_token_permissions_token_lnk`;
CREATE TABLE `strapi_transfer_token_permissions_token_lnk` (
  `id` int unsigned NOT NULL AUTO_INCREMENT,
  `transfer_token_permission_id` int unsigned DEFAULT NULL,
  `transfer_token_id` int unsigned DEFAULT NULL,
  `transfer_token_permission_ord` double unsigned DEFAULT NULL,
  PRIMARY KEY (`id`),
  UNIQUE KEY `strapi_transfer_token_permissions_token_lnk_uq` (`transfer_token_permission_id`,`transfer_token_id`),
  KEY `strapi_transfer_token_permissions_token_lnk_fk` (`transfer_token_permission_id`),
  KEY `strapi_transfer_token_permissions_token_lnk_ifk` (`transfer_token_id`),
  KEY `strapi_transfer_token_permissions_token_lnk_oifk` (`transfer_token_permission_ord`),
  CONSTRAINT `strapi_transfer_token_permissions_token_lnk_fk` FOREIGN KEY (`transfer_token_permission_id`) REFERENCES `strapi_transfer_token_permissions` (`id`) ON DELETE CASCADE,
  CONSTRAINT `strapi_transfer_token_permissions_token_lnk_ifk` FOREIGN KEY (`transfer_token_id`) REFERENCES `strapi_transfer_tokens` (`id`) ON DELETE CASCADE
) ENGINE=InnoDB DEFAULT CHARSET=utf8mb4 COLLATE=utf8mb4_general_ci;


DROP TABLE IF EXISTS `strapi_transfer_tokens`;
CREATE TABLE `strapi_transfer_tokens` (
  `id` int unsigned NOT NULL AUTO_INCREMENT,
  `document_id` varchar(255) COLLATE utf8mb4_general_ci DEFAULT NULL,
  `name` varchar(255) COLLATE utf8mb4_general_ci DEFAULT NULL,
  `description` varchar(255) COLLATE utf8mb4_general_ci DEFAULT NULL,
  `access_key` varchar(255) COLLATE utf8mb4_general_ci DEFAULT NULL,
  `last_used_at` datetime(6) DEFAULT NULL,
  `expires_at` datetime(6) DEFAULT NULL,
  `lifespan` bigint DEFAULT NULL,
  `created_at` datetime(6) DEFAULT NULL,
  `updated_at` datetime(6) DEFAULT NULL,
  `published_at` datetime(6) DEFAULT NULL,
  `created_by_id` int unsigned DEFAULT NULL,
  `updated_by_id` int unsigned DEFAULT NULL,
  `locale` varchar(255) COLLATE utf8mb4_general_ci DEFAULT NULL,
  PRIMARY KEY (`id`),
  KEY `strapi_transfer_tokens_documents_idx` (`document_id`,`locale`,`published_at`),
  KEY `strapi_transfer_tokens_created_by_id_fk` (`created_by_id`),
  KEY `strapi_transfer_tokens_updated_by_id_fk` (`updated_by_id`),
  CONSTRAINT `strapi_transfer_tokens_created_by_id_fk` FOREIGN KEY (`created_by_id`) REFERENCES `admin_users` (`id`) ON DELETE SET NULL,
  CONSTRAINT `strapi_transfer_tokens_updated_by_id_fk` FOREIGN KEY (`updated_by_id`) REFERENCES `admin_users` (`id`) ON DELETE SET NULL
) ENGINE=InnoDB DEFAULT CHARSET=utf8mb4 COLLATE=utf8mb4_general_ci;


DROP TABLE IF EXISTS `strapi_webhooks`;
CREATE TABLE `strapi_webhooks` (
  `id` int unsigned NOT NULL AUTO_INCREMENT,
  `name` varchar(255) COLLATE utf8mb4_general_ci DEFAULT NULL,
  `url` longtext COLLATE utf8mb4_general_ci,
  `headers` json DEFAULT NULL,
  `events` json DEFAULT NULL,
  `enabled` tinyint(1) DEFAULT NULL,
  PRIMARY KEY (`id`)
) ENGINE=InnoDB DEFAULT CHARSET=utf8mb4 COLLATE=utf8mb4_general_ci;


DROP TABLE IF EXISTS `strapi_workflows`;
CREATE TABLE `strapi_workflows` (
  `id` int unsigned NOT NULL AUTO_INCREMENT,
  `document_id` varchar(255) COLLATE utf8mb4_general_ci DEFAULT NULL,
  `name` varchar(255) COLLATE utf8mb4_general_ci DEFAULT NULL,
  `content_types` json DEFAULT NULL,
  `created_at` datetime(6) DEFAULT NULL,
  `updated_at` datetime(6) DEFAULT NULL,
  `published_at` datetime(6) DEFAULT NULL,
  `created_by_id` int unsigned DEFAULT NULL,
  `updated_by_id` int unsigned DEFAULT NULL,
  `locale` varchar(255) COLLATE utf8mb4_general_ci DEFAULT NULL,
  PRIMARY KEY (`id`),
  KEY `strapi_workflows_documents_idx` (`document_id`,`locale`,`published_at`),
  KEY `strapi_workflows_created_by_id_fk` (`created_by_id`),
  KEY `strapi_workflows_updated_by_id_fk` (`updated_by_id`),
  CONSTRAINT `strapi_workflows_created_by_id_fk` FOREIGN KEY (`created_by_id`) REFERENCES `admin_users` (`id`) ON DELETE SET NULL,
  CONSTRAINT `strapi_workflows_updated_by_id_fk` FOREIGN KEY (`updated_by_id`) REFERENCES `admin_users` (`id`) ON DELETE SET NULL
) ENGINE=InnoDB DEFAULT CHARSET=utf8mb4 COLLATE=utf8mb4_general_ci;


DROP TABLE IF EXISTS `strapi_workflows_stage_required_to_publish_lnk`;
CREATE TABLE `strapi_workflows_stage_required_to_publish_lnk` (
  `id` int unsigned NOT NULL AUTO_INCREMENT,
  `workflow_id` int unsigned DEFAULT NULL,
  `workflow_stage_id` int unsigned DEFAULT NULL,
  PRIMARY KEY (`id`),
  UNIQUE KEY `strapi_workflows_stage_required_to_publish_lnk_uq` (`workflow_id`,`workflow_stage_id`),
  KEY `strapi_workflows_stage_required_to_publish_lnk_fk` (`workflow_id`),
  KEY `strapi_workflows_stage_required_to_publish_lnk_ifk` (`workflow_stage_id`),
  CONSTRAINT `strapi_workflows_stage_required_to_publish_lnk_fk` FOREIGN KEY (`workflow_id`) REFERENCES `strapi_workflows` (`id`) ON DELETE CASCADE,
  CONSTRAINT `strapi_workflows_stage_required_to_publish_lnk_ifk` FOREIGN KEY (`workflow_stage_id`) REFERENCES `strapi_workflows_stages` (`id`) ON DELETE CASCADE
) ENGINE=InnoDB DEFAULT CHARSET=utf8mb4 COLLATE=utf8mb4_general_ci;


DROP TABLE IF EXISTS `strapi_workflows_stages`;
CREATE TABLE `strapi_workflows_stages` (
  `id` int unsigned NOT NULL AUTO_INCREMENT,
  `document_id` varchar(255) COLLATE utf8mb4_general_ci DEFAULT NULL,
  `name` varchar(255) COLLATE utf8mb4_general_ci DEFAULT NULL,
  `color` varchar(255) COLLATE utf8mb4_general_ci DEFAULT NULL,
  `created_at` datetime(6) DEFAULT NULL,
  `updated_at` datetime(6) DEFAULT NULL,
  `published_at` datetime(6) DEFAULT NULL,
  `created_by_id` int unsigned DEFAULT NULL,
  `updated_by_id` int unsigned DEFAULT NULL,
  `locale` varchar(255) COLLATE utf8mb4_general_ci DEFAULT NULL,
  PRIMARY KEY (`id`),
  KEY `strapi_workflows_stages_documents_idx` (`document_id`,`locale`,`published_at`),
  KEY `strapi_workflows_stages_created_by_id_fk` (`created_by_id`),
  KEY `strapi_workflows_stages_updated_by_id_fk` (`updated_by_id`),
  CONSTRAINT `strapi_workflows_stages_created_by_id_fk` FOREIGN KEY (`created_by_id`) REFERENCES `admin_users` (`id`) ON DELETE SET NULL,
  CONSTRAINT `strapi_workflows_stages_updated_by_id_fk` FOREIGN KEY (`updated_by_id`) REFERENCES `admin_users` (`id`) ON DELETE SET NULL
) ENGINE=InnoDB DEFAULT CHARSET=utf8mb4 COLLATE=utf8mb4_general_ci;


DROP TABLE IF EXISTS `strapi_workflows_stages_permissions_lnk`;
CREATE TABLE `strapi_workflows_stages_permissions_lnk` (
  `id` int unsigned NOT NULL AUTO_INCREMENT,
  `workflow_stage_id` int unsigned DEFAULT NULL,
  `permission_id` int unsigned DEFAULT NULL,
  `permission_ord` double unsigned DEFAULT NULL,
  PRIMARY KEY (`id`),
  UNIQUE KEY `strapi_workflows_stages_permissions_lnk_uq` (`workflow_stage_id`,`permission_id`),
  KEY `strapi_workflows_stages_permissions_lnk_fk` (`workflow_stage_id`),
  KEY `strapi_workflows_stages_permissions_lnk_ifk` (`permission_id`),
  KEY `strapi_workflows_stages_permissions_lnk_ofk` (`permission_ord`),
  CONSTRAINT `strapi_workflows_stages_permissions_lnk_fk` FOREIGN KEY (`workflow_stage_id`) REFERENCES `strapi_workflows_stages` (`id`) ON DELETE CASCADE,
  CONSTRAINT `strapi_workflows_stages_permissions_lnk_ifk` FOREIGN KEY (`permission_id`) REFERENCES `admin_permissions` (`id`) ON DELETE CASCADE
) ENGINE=InnoDB DEFAULT CHARSET=utf8mb4 COLLATE=utf8mb4_general_ci;


DROP TABLE IF EXISTS `strapi_workflows_stages_workflow_lnk`;
CREATE TABLE `strapi_workflows_stages_workflow_lnk` (
  `id` int unsigned NOT NULL AUTO_INCREMENT,
  `workflow_stage_id` int unsigned DEFAULT NULL,
  `workflow_id` int unsigned DEFAULT NULL,
  `workflow_stage_ord` double unsigned DEFAULT NULL,
  PRIMARY KEY (`id`),
  UNIQUE KEY `strapi_workflows_stages_workflow_lnk_uq` (`workflow_stage_id`,`workflow_id`),
  KEY `strapi_workflows_stages_workflow_lnk_fk` (`workflow_stage_id`),
  KEY `strapi_workflows_stages_workflow_lnk_ifk` (`workflow_id`),
  KEY `strapi_workflows_stages_workflow_lnk_oifk` (`workflow_stage_ord`),
  CONSTRAINT `strapi_workflows_stages_workflow_lnk_fk` FOREIGN KEY (`workflow_stage_id`) REFERENCES `strapi_workflows_stages` (`id`) ON DELETE CASCADE,
  CONSTRAINT `strapi_workflows_stages_workflow_lnk_ifk` FOREIGN KEY (`workflow_id`) REFERENCES `strapi_workflows` (`id`) ON DELETE CASCADE
) ENGINE=InnoDB DEFAULT CHARSET=utf8mb4 COLLATE=utf8mb4_general_ci;


DROP TABLE IF EXISTS `up_permissions`;
CREATE TABLE `up_permissions` (
  `id` int unsigned NOT NULL AUTO_INCREMENT,
  `document_id` varchar(255) COLLATE utf8mb4_general_ci DEFAULT NULL,
  `action` varchar(255) COLLATE utf8mb4_general_ci DEFAULT NULL,
  `created_at` datetime(6) DEFAULT NULL,
  `updated_at` datetime(6) DEFAULT NULL,
  `published_at` datetime(6) DEFAULT NULL,
  `created_by_id` int unsigned DEFAULT NULL,
  `updated_by_id` int unsigned DEFAULT NULL,
  `locale` varchar(255) COLLATE utf8mb4_general_ci DEFAULT NULL,
  PRIMARY KEY (`id`),
  KEY `up_permissions_documents_idx` (`document_id`,`locale`,`published_at`),
  KEY `up_permissions_created_by_id_fk` (`created_by_id`),
  KEY `up_permissions_updated_by_id_fk` (`updated_by_id`),
  CONSTRAINT `up_permissions_created_by_id_fk` FOREIGN KEY (`created_by_id`) REFERENCES `admin_users` (`id`) ON DELETE SET NULL,
  CONSTRAINT `up_permissions_updated_by_id_fk` FOREIGN KEY (`updated_by_id`) REFERENCES `admin_users` (`id`) ON DELETE SET NULL
) ENGINE=InnoDB DEFAULT CHARSET=utf8mb4 COLLATE=utf8mb4_general_ci;

INSERT INTO `up_permissions` (`id`, `document_id`, `action`, `created_at`, `updated_at`, `published_at`, `created_by_id`, `updated_by_id`, `locale`) VALUES
(1,	'vwi0sucm2788kqc9lxhtk1ws',	'plugin::users-permissions.user.me',	'2025-05-22 21:30:23.363000',	'2025-05-22 21:30:23.363000',	'2025-05-22 21:30:23.363000',	NULL,	NULL,	NULL),
(2,	'vfzz74cygntetn2stkksynpm',	'plugin::users-permissions.auth.changePassword',	'2025-05-22 21:30:23.363000',	'2025-05-22 21:30:23.363000',	'2025-05-22 21:30:23.364000',	NULL,	NULL,	NULL),
(3,	'fr3z733vjnl2ykjh18dul9p8',	'plugin::users-permissions.auth.connect',	'2025-05-22 21:30:23.390000',	'2025-05-22 21:30:23.390000',	'2025-05-22 21:30:23.391000',	NULL,	NULL,	NULL),
(4,	'n6sny017cj54uq4hicjo5aym',	'plugin::users-permissions.auth.callback',	'2025-05-22 21:30:23.390000',	'2025-05-22 21:30:23.390000',	'2025-05-22 21:30:23.390000',	NULL,	NULL,	NULL),
(5,	'auh7k4glcaf66kbefy46ai4k',	'plugin::users-permissions.auth.forgotPassword',	'2025-05-22 21:30:23.390000',	'2025-05-22 21:30:23.390000',	'2025-05-22 21:30:23.391000',	NULL,	NULL,	NULL),
(6,	'hktzk1cir9kra025gc8z4a2p',	'plugin::users-permissions.auth.register',	'2025-05-22 21:30:23.390000',	'2025-05-22 21:30:23.390000',	'2025-05-22 21:30:23.391000',	NULL,	NULL,	NULL),
(7,	'l6pux6ho31utv4b9ixs9szlx',	'plugin::users-permissions.auth.resetPassword',	'2025-05-22 21:30:23.390000',	'2025-05-22 21:30:23.390000',	'2025-05-22 21:30:23.391000',	NULL,	NULL,	NULL),
(8,	'ok1tld53699q46wqzkwecmv0',	'plugin::users-permissions.auth.emailConfirmation',	'2025-05-22 21:30:23.390000',	'2025-05-22 21:30:23.390000',	'2025-05-22 21:30:23.392000',	NULL,	NULL,	NULL),
(9,	'v0qepqyigjpfknbtqkmtjcj8',	'plugin::users-permissions.auth.sendEmailConfirmation',	'2025-05-22 21:30:23.390000',	'2025-05-22 21:30:23.390000',	'2025-05-22 21:30:23.392000',	NULL,	NULL,	NULL),
(21,	'w9m2y4nkkg3chbb21y3u3lta',	'api::home-page.home-page.find',	'2025-06-09 08:32:30.332000',	'2025-06-09 08:32:30.332000',	'2025-06-09 08:32:30.334000',	NULL,	NULL,	NULL),
(22,	'zwnv42yxjpbp5f2kc1xb2736',	'api::page.page.find',	'2025-06-10 11:00:48.030000',	'2025-06-10 11:00:48.030000',	'2025-06-10 11:00:48.033000',	NULL,	NULL,	NULL),
(24,	'z09eypn1vqx6nbq55adxgbx6',	'api::page.page.findOne',	'2025-06-10 20:52:51.922000',	'2025-06-10 20:52:51.922000',	'2025-06-10 20:52:51.948000',	NULL,	NULL,	NULL),
(25,	'lej0p1gboua7n9vi17stzzoj',	'plugin::upload.content-api.find',	'2025-06-10 22:03:10.735000',	'2025-06-10 22:03:10.735000',	'2025-06-10 22:03:10.747000',	NULL,	NULL,	NULL),
(26,	'v7uiyzzqmpy5ai21442o7e0f',	'plugin::upload.content-api.findOne',	'2025-06-10 22:21:04.624000',	'2025-06-10 22:21:04.624000',	'2025-06-10 22:21:04.631000',	NULL,	NULL,	NULL),
(29,	't320ko7etx8uodpg0eafe25l',	'api::program.program.find',	'2025-06-12 16:56:00.771000',	'2025-06-12 16:56:00.771000',	'2025-06-12 16:56:00.772000',	NULL,	NULL,	NULL),
(30,	'fwsje62pc7k6qaynfpllwgt3',	'api::program.program.findOne',	'2025-06-12 17:03:03.312000',	'2025-06-12 17:03:03.312000',	'2025-06-12 17:03:03.322000',	NULL,	NULL,	NULL),
(33,	'ssx5nhgprhmwef2aqyxammzu',	'api::article.article.find',	'2025-06-17 20:25:09.999000',	'2025-06-17 20:25:09.999000',	'2025-06-17 20:25:10.002000',	NULL,	NULL,	NULL),
(34,	'a3yspob0vhjcrj5bm5r52gyh',	'api::article.article.findOne',	'2025-06-17 20:25:09.999000',	'2025-06-17 20:25:09.999000',	'2025-06-17 20:25:10.004000',	NULL,	NULL,	NULL),
(35,	'bjhk0bqxkpbnos56szr7s8l1',	'api::newsletter-contact.newsletter-contact.create',	'2025-06-18 00:26:04.404000',	'2025-06-18 00:26:04.404000',	'2025-06-18 00:26:04.410000',	NULL,	NULL,	NULL),
(36,	'phy50g8ufa2430u2fefkmmy9',	'api::impact.impact.find',	'2025-06-23 19:42:14.170000',	'2025-06-23 19:42:14.170000',	'2025-06-23 19:42:14.171000',	NULL,	NULL,	NULL),
(37,	'kq7ye7yfxin3ltaxrf3ojs35',	'api::impact.impact.findOne',	'2025-06-23 19:42:14.170000',	'2025-06-23 19:42:14.170000',	'2025-06-23 19:42:14.173000',	NULL,	NULL,	NULL),
(38,	'mcsmgro9cj2zvbctxm67o797',	'api::donation.donation.create',	'2025-07-06 19:37:00.304000',	'2025-07-06 19:37:00.304000',	'2025-07-06 19:37:00.305000',	NULL,	NULL,	NULL),
(43,	'b6624yp3wyyztflrga20h5p4',	'plugin::upload.content-api.upload',	'2025-07-06 21:50:26.023000',	'2025-07-06 21:50:26.023000',	'2025-07-06 21:50:26.035000',	NULL,	NULL,	NULL),
(45,	'onurjemzterl6xkurk4q2r45',	'api::donation.donation.find',	'2025-07-06 22:13:17.412000',	'2025-07-06 22:13:17.412000',	'2025-07-06 22:13:17.412000',	NULL,	NULL,	NULL),
(46,	'azy117yueg5h6vp97ylgwp5h',	'api::donation.donation.findOne',	'2025-07-06 22:13:17.412000',	'2025-07-06 22:13:17.412000',	'2025-07-06 22:13:17.412000',	NULL,	NULL,	NULL),
(47,	's2650eio58xf5qlp3de6oc5d',	'api::donation.donation.update',	'2025-07-06 22:13:17.412000',	'2025-07-06 22:13:17.412000',	'2025-07-06 22:13:17.413000',	NULL,	NULL,	NULL),
(48,	'bjimouyy025wvaj5miywtzs2',	'api::donation.donation.delete',	'2025-07-06 22:13:17.412000',	'2025-07-06 22:13:17.412000',	'2025-07-06 22:13:17.413000',	NULL,	NULL,	NULL),
(49,	'xp0fh3jcp0dtccil1lj2cygl',	'plugin::upload.content-api.destroy',	'2025-07-06 22:15:46.440000',	'2025-07-06 22:15:46.440000',	'2025-07-06 22:15:46.440000',	NULL,	NULL,	NULL);

DROP TABLE IF EXISTS `up_permissions_role_lnk`;
CREATE TABLE `up_permissions_role_lnk` (
  `id` int unsigned NOT NULL AUTO_INCREMENT,
  `permission_id` int unsigned DEFAULT NULL,
  `role_id` int unsigned DEFAULT NULL,
  `permission_ord` double unsigned DEFAULT NULL,
  PRIMARY KEY (`id`),
  UNIQUE KEY `up_permissions_role_lnk_uq` (`permission_id`,`role_id`),
  KEY `up_permissions_role_lnk_fk` (`permission_id`),
  KEY `up_permissions_role_lnk_ifk` (`role_id`),
  KEY `up_permissions_role_lnk_oifk` (`permission_ord`),
  CONSTRAINT `up_permissions_role_lnk_fk` FOREIGN KEY (`permission_id`) REFERENCES `up_permissions` (`id`) ON DELETE CASCADE,
  CONSTRAINT `up_permissions_role_lnk_ifk` FOREIGN KEY (`role_id`) REFERENCES `up_roles` (`id`) ON DELETE CASCADE
) ENGINE=InnoDB DEFAULT CHARSET=utf8mb4 COLLATE=utf8mb4_general_ci;

INSERT INTO `up_permissions_role_lnk` (`id`, `permission_id`, `role_id`, `permission_ord`) VALUES
(1,	1,	1,	1),
(2,	2,	1,	1),
(3,	4,	2,	1),
(4,	3,	2,	1),
(5,	8,	2,	2),
(6,	6,	2,	2),
(7,	5,	2,	2),
(8,	9,	2,	2),
(9,	7,	2,	2),
(21,	21,	2,	3),
(22,	22,	2,	4),
(24,	24,	2,	5),
(25,	25,	2,	6),
(28,	26,	2,	7),
(29,	29,	2,	8),
(30,	30,	2,	9),
(33,	33,	2,	10),
(34,	34,	2,	10),
(35,	35,	2,	11),
(36,	37,	2,	12),
(37,	36,	2,	12),
(38,	38,	2,	13),
(43,	43,	2,	14),
(45,	45,	2,	15),
(46,	46,	2,	15),
(47,	48,	2,	16),
(48,	47,	2,	15),
(49,	49,	2,	17);

DROP TABLE IF EXISTS `up_roles`;
CREATE TABLE `up_roles` (
  `id` int unsigned NOT NULL AUTO_INCREMENT,
  `document_id` varchar(255) COLLATE utf8mb4_general_ci DEFAULT NULL,
  `name` varchar(255) COLLATE utf8mb4_general_ci DEFAULT NULL,
  `description` varchar(255) COLLATE utf8mb4_general_ci DEFAULT NULL,
  `type` varchar(255) COLLATE utf8mb4_general_ci DEFAULT NULL,
  `created_at` datetime(6) DEFAULT NULL,
  `updated_at` datetime(6) DEFAULT NULL,
  `published_at` datetime(6) DEFAULT NULL,
  `created_by_id` int unsigned DEFAULT NULL,
  `updated_by_id` int unsigned DEFAULT NULL,
  `locale` varchar(255) COLLATE utf8mb4_general_ci DEFAULT NULL,
  PRIMARY KEY (`id`),
  KEY `up_roles_documents_idx` (`document_id`,`locale`,`published_at`),
  KEY `up_roles_created_by_id_fk` (`created_by_id`),
  KEY `up_roles_updated_by_id_fk` (`updated_by_id`),
  CONSTRAINT `up_roles_created_by_id_fk` FOREIGN KEY (`created_by_id`) REFERENCES `admin_users` (`id`) ON DELETE SET NULL,
  CONSTRAINT `up_roles_updated_by_id_fk` FOREIGN KEY (`updated_by_id`) REFERENCES `admin_users` (`id`) ON DELETE SET NULL
) ENGINE=InnoDB DEFAULT CHARSET=utf8mb4 COLLATE=utf8mb4_general_ci;

INSERT INTO `up_roles` (`id`, `document_id`, `name`, `description`, `type`, `created_at`, `updated_at`, `published_at`, `created_by_id`, `updated_by_id`, `locale`) VALUES
(1,	'dm5msz875wj4k26115v995ca',	'Authenticated',	'Default role given to authenticated user.',	'authenticated',	'2025-05-22 21:30:23.334000',	'2025-06-07 01:01:34.810000',	'2025-05-22 21:30:23.335000',	NULL,	NULL,	NULL),
(2,	'owz6nn7lhc7ueown2z144xtz',	'Public',	'Default role given to unauthenticated user.',	'public',	'2025-05-22 21:30:23.343000',	'2025-07-09 12:15:54.293000',	'2025-05-22 21:30:23.344000',	NULL,	NULL,	NULL);

DROP TABLE IF EXISTS `up_users`;
CREATE TABLE `up_users` (
  `id` int unsigned NOT NULL AUTO_INCREMENT,
  `document_id` varchar(255) COLLATE utf8mb4_general_ci DEFAULT NULL,
  `username` varchar(255) COLLATE utf8mb4_general_ci DEFAULT NULL,
  `email` varchar(255) COLLATE utf8mb4_general_ci DEFAULT NULL,
  `provider` varchar(255) COLLATE utf8mb4_general_ci DEFAULT NULL,
  `password` varchar(255) COLLATE utf8mb4_general_ci DEFAULT NULL,
  `reset_password_token` varchar(255) COLLATE utf8mb4_general_ci DEFAULT NULL,
  `confirmation_token` varchar(255) COLLATE utf8mb4_general_ci DEFAULT NULL,
  `confirmed` tinyint(1) DEFAULT NULL,
  `blocked` tinyint(1) DEFAULT NULL,
  `created_at` datetime(6) DEFAULT NULL,
  `updated_at` datetime(6) DEFAULT NULL,
  `published_at` datetime(6) DEFAULT NULL,
  `created_by_id` int unsigned DEFAULT NULL,
  `updated_by_id` int unsigned DEFAULT NULL,
  `locale` varchar(255) COLLATE utf8mb4_general_ci DEFAULT NULL,
  PRIMARY KEY (`id`),
  KEY `up_users_documents_idx` (`document_id`,`locale`,`published_at`),
  KEY `up_users_created_by_id_fk` (`created_by_id`),
  KEY `up_users_updated_by_id_fk` (`updated_by_id`),
  CONSTRAINT `up_users_created_by_id_fk` FOREIGN KEY (`created_by_id`) REFERENCES `admin_users` (`id`) ON DELETE SET NULL,
  CONSTRAINT `up_users_updated_by_id_fk` FOREIGN KEY (`updated_by_id`) REFERENCES `admin_users` (`id`) ON DELETE SET NULL
) ENGINE=InnoDB DEFAULT CHARSET=utf8mb4 COLLATE=utf8mb4_general_ci;


DROP TABLE IF EXISTS `up_users_role_lnk`;
CREATE TABLE `up_users_role_lnk` (
  `id` int unsigned NOT NULL AUTO_INCREMENT,
  `user_id` int unsigned DEFAULT NULL,
  `role_id` int unsigned DEFAULT NULL,
  `user_ord` double unsigned DEFAULT NULL,
  PRIMARY KEY (`id`),
  UNIQUE KEY `up_users_role_lnk_uq` (`user_id`,`role_id`),
  KEY `up_users_role_lnk_fk` (`user_id`),
  KEY `up_users_role_lnk_ifk` (`role_id`),
  KEY `up_users_role_lnk_oifk` (`user_ord`),
  CONSTRAINT `up_users_role_lnk_fk` FOREIGN KEY (`user_id`) REFERENCES `up_users` (`id`) ON DELETE CASCADE,
  CONSTRAINT `up_users_role_lnk_ifk` FOREIGN KEY (`role_id`) REFERENCES `up_roles` (`id`) ON DELETE CASCADE
) ENGINE=InnoDB DEFAULT CHARSET=utf8mb4 COLLATE=utf8mb4_general_ci;


DROP TABLE IF EXISTS `upload_folders`;
CREATE TABLE `upload_folders` (
  `id` int unsigned NOT NULL AUTO_INCREMENT,
  `document_id` varchar(255) COLLATE utf8mb4_general_ci DEFAULT NULL,
  `name` varchar(255) COLLATE utf8mb4_general_ci DEFAULT NULL,
  `path_id` int DEFAULT NULL,
  `path` varchar(255) COLLATE utf8mb4_general_ci DEFAULT NULL,
  `created_at` datetime(6) DEFAULT NULL,
  `updated_at` datetime(6) DEFAULT NULL,
  `published_at` datetime(6) DEFAULT NULL,
  `created_by_id` int unsigned DEFAULT NULL,
  `updated_by_id` int unsigned DEFAULT NULL,
  `locale` varchar(255) COLLATE utf8mb4_general_ci DEFAULT NULL,
  PRIMARY KEY (`id`),
  UNIQUE KEY `upload_folders_path_id_index` (`path_id`),
  UNIQUE KEY `upload_folders_path_index` (`path`),
  KEY `upload_folders_documents_idx` (`document_id`,`locale`,`published_at`),
  KEY `upload_folders_created_by_id_fk` (`created_by_id`),
  KEY `upload_folders_updated_by_id_fk` (`updated_by_id`),
  CONSTRAINT `upload_folders_created_by_id_fk` FOREIGN KEY (`created_by_id`) REFERENCES `admin_users` (`id`) ON DELETE SET NULL,
  CONSTRAINT `upload_folders_updated_by_id_fk` FOREIGN KEY (`updated_by_id`) REFERENCES `admin_users` (`id`) ON DELETE SET NULL
) ENGINE=InnoDB DEFAULT CHARSET=utf8mb4 COLLATE=utf8mb4_general_ci;

INSERT INTO `upload_folders` (`id`, `document_id`, `name`, `path_id`, `path`, `created_at`, `updated_at`, `published_at`, `created_by_id`, `updated_by_id`, `locale`) VALUES
(1,	'crrpxszibnjsu50xjbful0aq',	'Blog',	1,	'/1',	'2025-06-07 00:47:02.720000',	'2025-06-07 00:47:02.720000',	'2025-06-07 00:47:02.720000',	1,	1,	NULL),
(2,	'pgihk39ohb9thaoim3liv560',	'Banner',	2,	'/2',	'2025-06-07 19:37:34.499000',	'2025-06-07 19:37:34.499000',	'2025-06-07 19:37:34.503000',	1,	1,	NULL),
(3,	'k4hip2sm55jnx5j3p7njzpve',	'Team',	3,	'/3',	'2025-06-10 10:44:10.447000',	'2025-06-10 10:44:10.447000',	'2025-06-10 10:44:10.449000',	1,	1,	NULL),
(4,	'q52j569zqghmf74ddcwo9e4i',	'Partner',	4,	'/4',	'2025-06-10 10:48:46.336000',	'2025-06-10 10:48:46.336000',	'2025-06-10 10:48:46.337000',	1,	1,	NULL),
(5,	'q97gz4mrmz9er2ko4pqbt4a4',	'Program',	5,	'/5',	'2025-06-12 16:54:31.442000',	'2025-06-12 16:54:31.442000',	'2025-06-12 16:54:31.443000',	1,	1,	NULL),
(6,	'o5avasd0n24u9f2mwd08kreu',	'Impact',	6,	'/6',	'2025-06-16 21:42:37.301000',	'2025-06-16 21:42:37.301000',	'2025-06-16 21:42:37.304000',	1,	1,	NULL),
(7,	'h907t69zqs4cd7y4qc2w7az8',	'API Uploads',	7,	'/7',	'2025-07-06 21:50:54.568000',	'2025-07-06 21:50:54.568000',	'2025-07-06 21:50:54.571000',	NULL,	NULL,	NULL);

DROP TABLE IF EXISTS `upload_folders_parent_lnk`;
CREATE TABLE `upload_folders_parent_lnk` (
  `id` int unsigned NOT NULL AUTO_INCREMENT,
  `folder_id` int unsigned DEFAULT NULL,
  `inv_folder_id` int unsigned DEFAULT NULL,
  `folder_ord` double unsigned DEFAULT NULL,
  PRIMARY KEY (`id`),
  UNIQUE KEY `upload_folders_parent_lnk_uq` (`folder_id`,`inv_folder_id`),
  KEY `upload_folders_parent_lnk_fk` (`folder_id`),
  KEY `upload_folders_parent_lnk_ifk` (`inv_folder_id`),
  KEY `upload_folders_parent_lnk_oifk` (`folder_ord`),
  CONSTRAINT `upload_folders_parent_lnk_fk` FOREIGN KEY (`folder_id`) REFERENCES `upload_folders` (`id`) ON DELETE CASCADE,
  CONSTRAINT `upload_folders_parent_lnk_ifk` FOREIGN KEY (`inv_folder_id`) REFERENCES `upload_folders` (`id`) ON DELETE CASCADE
) ENGINE=InnoDB DEFAULT CHARSET=utf8mb4 COLLATE=utf8mb4_general_ci;


-- 2025-07-10 08:02:55
